receive_osal_time_us,estimated_measurement_osal_time_us,sequence_number,estimated_period_us,time_estimate_ready,time_discontinuity_detected,angle_deg,distance_m,signal_strength,measurement_valid
5301775,5299775,0,2000,0,0,-41.09999847412109,0.4699999988079071,100,1
5303767,5301775,1,2000,0,0,-41.09999847412109,0.4600000083446503,100,1
5305783,5303775,2,2000,0,0,-41.54999923706055,0.4699999988079071,100,1
5307757,5305775,3,2000,0,0,-41.54999923706055,0.4799999892711639,100,1
5309641,5307775,4,2000,0,0,-41.9900016784668,0.4799999892711639,100,1
5311617,5309775,5,2000,0,0,-41.9900016784668,0.4799999892711639,100,1
5313576,5311775,6,2000,0,0,-42.43999862670898,0.4699999988079071,100,1
5315619,5313775,7,2000,0,0,-42.90000152587891,0.4900000095367432,100,1
5317592,5315775,8,2000,0,0,-42.90000152587891,0.4799999892711639,100,1
5319622,5317775,9,2000,0,0,-43.34999847412109,0.4799999892711639,100,1
5321621,5319775,10,2000,0,0,-45.75,0.4900000095367432,100,1
5323627,5321775,11,2000,0,0,-46.20000076293945,0.4799999892711639,100,1
5325620,5323775,12,2000,0,0,-45.75,0.4900000095367432,100,1
5327622,5325775,13,2000,0,0,-45.75,0.5,100,1
5329613,5327775,14,2000,0,0,-45.29999923706055,0.5,100,1
5331619,5329775,15,2000,0,0,-45.29999923706055,0.5,100,1
5333616,5331775,16,2000,0,0,-44.84999847412109,0.5,100,1
5335654,5333775,17,2000,0,0,-44.84999847412109,0.5,100,1
5337518,5335775,18,2000,0,0,-44.40000152587891,0.5,100,1
5339489,5337775,19,2000,0,0,-43.95000076293945,0.4699999988079071,100,1
5341473,5339775,20,2000,0,0,-43.95000076293945,0.4799999892711639,100,1
5343465,5341775,21,2000,0,0,-43.5,0.4799999892711639,100,1
5345472,5343775,22,2000,0,0,-43.5,0.4699999988079071,100,1
5347436,5345775,23,2000,0,0,-43.04999923706055,0.4699999988079071,100,1
5349457,5347775,24,2000,0,0,-42.59999847412109,0.4799999892711639,100,1
5351438,5349775,25,2000,0,0,-42.59999847412109,0.4699999988079071,100,1
5353439,5351775,26,2000,0,0,-42.15000152587891,0.4699999988079071,100,1
5355434,5353775,27,2000,0,0,-42.15000152587891,0.4600000083446503,100,1
5357407,5355775,28,2000,0,0,-41.70000076293945,0.4600000083446503,100,1
5359425,5357775,29,2000,0,0,-41.25,0.4699999988079071,100,1
5361416,5359775,30,2000,0,0,-40.79999923706055,0.449999988079071,100,1
5363395,5361775,31,2000,0,0,-40.79999923706055,0.449999988079071,100,1
5365403,5363775,32,2000,0,0,-40.34000015258789,0.449999988079071,100,1
5367409,5365775,33,2000,0,0,-39.90000152587891,0.449999988079071,100,1
5369369,5367775,34,2000,0,0,-39.45000076293945,0.449999988079071,100,1
5371342,5369775,35,2000,0,0,-39,0.449999988079071,100,1
5373337,5371775,36,2000,0,0,-39,0.4600000083446503,100,1
5375338,5373775,37,2000,0,0,-38.54999923706055,0.4699999988079071,100,1
5377310,5375775,38,2000,0,0,-38.09000015258789,0.4600000083446503,100,1
5379353,5377775,39,2000,0,0,-37.65000152587891,0.4600000083446503,100,1
5381326,5379775,40,2000,0,0,-37.20000076293945,0.449999988079071,100,1
5383377,5381775,41,2000,0,0,-36.75,0.449999988079071,100,1
5385342,5383775,42,2000,0,0,-36.29999923706055,0.4600000083446503,100,1
5387320,5385775,43,2000,0,0,-35.40000152587891,0.4300000071525574,100,1
5389305,5387775,44,2000,0,0,-34.95000076293945,0.4399999976158142,100,1
5391246,5389775,45,2000,0,0,-34.5,0.4399999976158142,100,1
5393237,5391775,46,2000,0,0,-33.59000015258789,0.4399999976158142,100,1
5395221,5393775,47,2000,0,0,-32.70000076293945,0.4399999976158142,100,1
5397195,5395775,48,2000,0,0,-31.79999923706055,0.4399999976158142,100,1
5399197,5397775,49,2000,0,0,-30.89999961853027,0.4399999976158142,100,1
5401199,5399717,50,1988.48,1,0,-30,0.4199999868869781,100,1
5403218,5401706,51,1988.48,1,0,-29.10000038146973,0.449999988079071,100,1
5405207,5403694,52,1988.48,1,0,-27.75,0.4699999988079071,100,1
5407200,5405683,53,1988.48,1,0,-26.85000038146973,0.449999988079071,100,1
5409184,5407671,54,1988.48,1,0,-25.95000076293945,0.4399999976158142,100,1
5411179,5409660,55,1988.48,1,0,-25.04999923706055,0.4399999976158142,100,1
5413174,5411648,56,1988.48,1,0,-23.70000076293945,0.449999988079071,100,1
5415141,5413637,57,1988.48,1,0,-22.79999923706055,0.4399999976158142,100,1
5417139,5415625,58,1988.48,1,0,-21.89999961853027,0.449999988079071,100,1
5419121,5417614,59,1988.48,1,0,-21,0.449999988079071,100,1
5421102,5419602,60,1988.48,1,0,-20.10000038146973,0.4600000083446503,100,1
5423094,5421591,61,1988.48,1,0,-18.75,0.449999988079071,100,1
5425095,5423579,62,1988.48,1,0,-17.85000038146973,0.4600000083446503,100,1
5427103,5425568,63,1988.48,1,0,-16.95000076293945,0.4900000095367432,100,1
5429096,5427556,64,1988.48,1,0,-16.04000091552734,0.9200000166893005,100,1
5431126,5429545,65,1988.48,1,0,-14.69999980926514,1.080000042915344,100,1
5433105,5431533,66,1988.48,1,0,-13.78999996185303,1.100000023841858,100,1
5435125,5433522,67,1988.48,1,0,-12.89999961853027,1.110000014305115,100,1
5437090,5435510,68,1988.48,1,0,-11.98999977111816,1.110000014305115,100,1
5439108,5437499,69,1988.48,1,0,-11.10000038146973,1.110000014305115,100,1
5441052,5439487,70,1988.48,1,0,-9.75,1.100000023841858,100,1
5443078,5441475,71,1988.48,1,0,-8.840000152587891,1.120000004768372,100,1
5444997,5443464,72,1988.48,1,0,-7.949999809265137,1.129999995231628,100,1
5446993,5445452,73,1988.48,1,0,-7.050000190734863,1.129999995231628,100,1
5449008,5447441,74,1988.48,1,0,-5.699999809265137,1.139999985694885,100,1
5450984,5449429,75,1988.48,1,0,-4.800000190734863,1.149999976158142,100,1
5452977,5451418,76,1988.48,1,0,-3.900000095367432,1.149999976158142,100,1
5454969,5453406,77,1988.48,1,0,-3,1.159999966621399,100,1
5456967,5455395,78,1988.48,1,0,-2.089999914169312,1.169999957084656,100,1
5458945,5457383,79,1988.48,1,0,-1.200000047683716,1.190000057220459,100,1
5460931,5459372,80,1988.48,1,0,0.1400000005960464,1.190000057220459,100,1
5462976,5461360,81,1988.48,1,0,1.039999961853027,1.200000047683716,100,1
5464916,5463349,82,1988.48,1,0,1.940000057220459,1.210000038146973,100,1
5466904,5465337,83,1988.48,1,0,2.839999914169312,1.220000028610229,100,1
5468923,5467326,84,1988.48,1,0,4.190000057220459,1.230000019073486,100,1
5470911,5469314,85,1988.48,1,0,5.090000152587891,1.240000009536743,100,1
5472904,5471303,86,1988.48,1,0,6,1.25,100,1
5474922,5473291,87,1988.48,1,0,6.889999866485596,1.259999990463257,100,1
5476898,5475280,88,1988.48,1,0,7.800000190734863,1.279999971389771,100,1
5478885,5477268,89,1988.48,1,0,9.140000343322754,1.309999942779541,100,1
5480893,5479257,90,1988.48,1,0,10.05000019073486,1.879999995231628,100,1
5482841,5481245,91,1988.48,1,0,10.94999980926514,2.059999942779541,100,1
5484830,5483234,92,1988.48,1,0,11.85000038146973,2.099999904632568,100,1
5486824,5485222,93,1988.48,1,0,12.75,2.079999923706055,100,1
5488806,5487211,94,1988.48,1,0,14.10000038146973,1.779999971389771,100,1
5490807,5489199,95,1988.48,1,0,14.98999977111816,1.730000019073486,100,1
5492810,5491187,96,1988.48,1,0,15.89999961853027,1.690000057220459,100,1
5494795,5493176,97,1988.48,1,0,16.79000091552734,1.649999976158142,100,1
5496803,5495164,98,1988.48,1,0,18.14999961853027,1.620000004768372,100,1
5498785,5497153,99,1988.48,1,0,19.04000091552734,1.600000023841858,100,1
5500803,5499108,100,1989.2,1,0,19.94000053405762,1.590000033378601,100,1
5502765,5501097,101,1989.2,1,0,20.84000015258789,1.490000009536743,100,1
5504692,5503086,102,1989.2,1,0,21.73999977111816,654.3599853515625,0,0
5506739,5505075,103,1989.2,1,0,23.09000015258789,0.7699999809265137,100,1
5508700,5507064,104,1989.2,1,0,23.98999977111816,0.7599999904632568,100,1
5510737,5509054,105,1989.2,1,0,24.88999938964844,0.75,100,1
5512719,5511043,106,1989.2,1,0,25.79999923706055,0.7599999904632568,100,1
5514717,5513032,107,1989.2,1,0,27.13999938964844,0.75,100,1
5516695,5515021,108,1989.2,1,0,28.04999923706055,0.7599999904632568,97,1
5518729,5517010,109,1989.2,1,0,28.95000076293945,0.7699999809265137,100,1
5520757,5519000,110,1989.2,1,0,29.84000015258789,0.7900000214576721,100,1
5522643,5520989,111,1989.2,1,0,30.73999977111816,0.9900000095367432,100,1
5524620,5522978,112,1989.2,1,0,31.63999938964844,1.080000042915344,100,1
5526610,5524967,113,1989.2,1,0,32.54999923706055,1.029999971389771,100,1
5528601,5526956,114,1989.2,1,0,33,1.120000004768372,100,1
5530589,5528946,115,1989.2,1,0,33.43999862670898,1.110000014305115,100,1
5532650,5530935,116,1989.2,1,0,33.88999938964844,1.120000004768372,100,1
5534648,5532924,117,1989.2,1,0,34.34000015258789,1.110000014305115,100,1
5536634,5534913,118,1989.2,1,0,34.79999923706055,1.120000004768372,100,1
5538680,5536902,119,1989.2,1,0,35.25,1.110000014305115,100,1
5540643,5538892,120,1989.2,1,0,35.68999862670898,1.120000004768372,100,1
5542635,5540881,121,1989.2,1,0,36.13999938964844,1.120000004768372,100,1
5544641,5542870,122,1989.2,1,0,36.59000015258789,1.110000014305115,100,1
5546637,5544859,123,1989.2,1,0,37.04999923706055,1.110000014305115,100,1
5548542,5546848,124,1989.2,1,0,37.5,1.120000004768372,100,1
5550500,5548838,125,1989.2,1,0,37.5,1.120000004768372,100,1
5552490,5550827,126,1989.2,1,0,37.93999862670898,1.110000014305115,100,1
5554468,5552816,127,1989.2,1,0,38.38999938964844,1.100000023841858,100,1
5556493,5554805,128,1989.2,1,0,38.84000015258789,1.100000023841858,100,1
5558493,5556794,129,1989.2,1,0,38.84000015258789,1.100000023841858,100,1
5560468,5558784,130,1989.2,1,0,39.29999923706055,1.110000014305115,100,1
5562463,5560773,131,1989.2,1,0,39.75,1.100000023841858,100,1
5564554,5562762,132,1989.2,1,0,39.75,1.100000023841858,100,1
5566486,5564751,133,1989.2,1,0,40.18999862670898,1.100000023841858,100,1
5568492,5566740,134,1989.2,1,0,40.63999938964844,1.090000033378601,100,1
5570465,5568730,135,1989.2,1,0,40.63999938964844,1.090000033378601,100,1
5572353,5570719,136,1989.2,1,0,41.09999847412109,1.090000033378601,100,1
5574405,5572708,137,1989.2,1,0,41.54999923706055,1.080000042915344,97,1
5576374,5574697,138,1989.2,1,0,41.54999923706055,1.080000042915344,100,1
5578370,5576686,139,1989.2,1,0,41.9900016784668,1.070000052452087,100,1
5580334,5578676,140,1989.2,1,0,41.9900016784668,1.070000052452087,100,1
5582403,5580665,141,1989.2,1,0,42.43999862670898,1.070000052452087,100,1
5584291,5582654,142,1989.2,1,0,42.43999862670898,1.070000052452087,100,1
5586317,5584643,143,1989.2,1,0,42.90000152587891,1.070000052452087,100,1
5588293,5586632,144,1989.2,1,0,43.34999847412109,1.070000052452087,100,1
5590291,5588622,145,1989.2,1,0,45.75,1.059999942779541,100,1
5592237,5590611,146,1989.2,1,0,45.75,1.070000052452087,100,1
5594266,5592600,147,1989.2,1,0,45.75,1.059999942779541,100,1
5596220,5594589,148,1989.2,1,0,45.29999923706055,1.059999942779541,100,1
5598225,5596578,149,1989.2,1,0,45.29999923706055,1.049999952316284,100,1
5600225,5598533,150,1989.048,1,0,44.84999847412109,1.059999942779541,100,1
5602197,5600522,151,1989.048,1,0,44.40000152587891,1.070000052452087,100,1
5604223,5602511,152,1989.048,1,0,44.40000152587891,1.059999942779541,100,1
5606212,5604500,153,1989.048,1,0,43.95000076293945,1.070000052452087,100,1
5608182,5606489,154,1989.048,1,0,43.95000076293945,1.080000042915344,100,1
5610179,5608479,155,1989.048,1,0,43.5,1.080000042915344,100,1
5612147,5610468,156,1989.048,1,0,43.04999923706055,1.090000033378601,100,1
5614173,5612457,157,1989.048,1,0,43.04999923706055,1.090000033378601,100,1
5616150,5614446,158,1989.048,1,0,42.59999847412109,1.080000042915344,100,1
5618110,5616435,159,1989.048,1,0,42.59999847412109,1.080000042915344,100,1
5620129,5618424,160,1989.048,1,0,42.15000152587891,1.090000033378601,100,1
5622168,5620413,161,1989.048,1,0,41.70000076293945,1.090000033378601,100,1
5624105,5622402,162,1989.048,1,0,41.70000076293945,1.090000033378601,100,1
5626105,5624391,163,1989.048,1,0,41.25,1.090000033378601,100,1
5628139,5626380,164,1989.048,1,0,40.79999923706055,1.100000023841858,100,1
5630124,5628369,165,1989.048,1,0,40.34000015258789,1.100000023841858,100,1
5632103,5630358,166,1989.048,1,0,40.34000015258789,1.110000014305115,100,1
5634067,5632347,167,1989.048,1,0,39.90000152587891,1.120000004768372,100,1
5636065,5634336,168,1989.048,1,0,39.45000076293945,1.110000014305115,100,1
5638044,5636325,169,1989.048,1,0,39,1.120000004768372,100,1
5640059,5638314,170,1989.048,1,0,38.54999923706055,1.120000004768372,100,1
5642062,5640303,171,1989.048,1,0,38.09000015258789,1.110000014305115,100,1
5644009,5642292,172,1989.048,1,0,37.65000152587891,1.110000014305115,100,1
5646317,5644281,173,1989.048,1,0,37.20000076293945,1.110000014305115,100,1
5647985,5646270,174,1989.048,1,0,36.75,1.110000014305115,100,1
5649988,5648260,175,1989.048,1,0,36.29999923706055,1.110000014305115,100,1
5651995,5650249,176,1989.048,1,0,35.84000015258789,1.110000014305115,100,1
5654027,5652238,177,1989.048,1,0,35.40000152587891,1.110000014305115,100,1
5655969,5654227,178,1989.048,1,0,34.95000076293945,1.120000004768372,100,1
5657948,5656216,179,1989.048,1,0,34.04999923706055,1.039999961853027,100,1
5659951,5658205,180,1989.048,1,0,33.59000015258789,1.049999952316284,100,1
5661962,5660194,181,1989.048,1,0,32.25,1.090000033378601,100,1
5664030,5662183,182,1989.048,1,0,31.35000038146973,1.009999990463257,100,1
5665984,5664172,183,1989.048,1,0,30.45000076293945,0.8100000023841858,100,1
5667953,5666161,184,1989.048,1,0,29.54999923706055,0.7699999809265137,100,1
5669925,5668150,185,1989.048,1,0,28.64999961853027,0.7599999904632568,100,1
5671914,5670139,186,1989.048,1,0,27.29999923706055,0.7599999904632568,100,1
5673887,5672128,187,1989.048,1,0,26.39999961853027,0.7599999904632568,100,1
5675876,5674117,188,1989.048,1,0,25.5,0.7599999904632568,100,1
5677964,5676106,189,1989.048,1,0,24.60000038146973,0.7699999809265137,100,1
5679861,5678095,190,1989.048,1,0,23.25,0.9599999785423279,100,1
5681872,5680084,191,1989.048,1,0,22.35000038146973,1.409999966621399,100,1
5683821,5682073,192,1989.048,1,0,21.45000076293945,1.580000042915344,100,1
5685811,5684062,193,1989.048,1,0,20.54999923706055,1.600000023841858,100,1
5687846,5686051,194,1989.048,1,0,19.64999961853027,1.610000014305115,100,1
5689883,5688040,195,1989.048,1,0,18.29999923706055,1.629999995231628,100,1
5691837,5690030,196,1989.048,1,0,17.39999961853027,1.649999976158142,100,1
5693824,5692019,197,1989.048,1,0,16.5,1.690000057220459,100,1
5695785,5694008,198,1989.048,1,0,15.60000038146973,1.740000009536743,100,1
5697807,5695997,199,1989.048,1,0,14.23999977111816,1.899999976158142,100,1
5699769,5697964,200,1989.4144,1,0,13.35000038146973,2.109999895095825,100,1
5701785,5699953,201,1989.4144,1,0,12.44999980926514,2.069999933242798,100,1
5703741,5701943,202,1989.4144,1,0,11.53999996185303,2.039999961853027,100,1
5705733,5703932,203,1989.4144,1,0,10.64999961853027,1.399999976158142,100,1
5707746,5705922,204,1989.4144,1,0,9.289999961853027,1.289999961853027,100,1
5709720,5707911,205,1989.4144,1,0,8.390000343322754,1.279999971389771,100,1
5711747,5709901,206,1989.4144,1,0,7.5,1.269999980926514,100,1
5713785,5711890,207,1989.4144,1,0,6.590000152587891,1.25,100,1
5715733,5713879,208,1989.4144,1,0,5.25,1.240000009536743,100,1
5717774,5715869,209,1989.4144,1,0,4.349999904632568,1.230000019073486,100,1
5719806,5717858,210,1989.4144,1,0,3.450000047683716,1.220000028610229,100,1
5721728,5719848,211,1989.4144,1,0,2.549999952316284,1.200000047683716,100,1
5723750,5721837,212,1989.4144,1,0,1.649999976158142,1.190000057220459,100,1
5725780,5723826,213,1989.4144,1,0,0.75,1.190000057220459,100,1
5727785,5725816,214,1989.4144,1,0,-0.5899999737739563,1.179999947547913,100,1
5729700,5727805,215,1989.4144,1,0,-1.490000009536743,1.169999957084656,100,1
5731668,5729795,216,1989.4144,1,0,-2.390000104904175,1.159999966621399,100,1
5733672,5731784,217,1989.4144,1,0,-3.299999952316284,1.149999976158142,100,1
5735637,5733773,218,1989.4144,1,0,-4.639999866485596,1.149999976158142,100,1
5737628,5735763,219,1989.4144,1,0,-5.550000190734863,1.139999985694885,100,1
5739661,5737752,220,1989.4144,1,0,-6.449999809265137,1.139999985694885,100,1
5741690,5739742,221,1989.4144,1,0,-7.349999904632568,1.120000004768372,100,1
5743729,5741731,222,1989.4144,1,0,-8.25,1.120000004768372,100,1
5745690,5743721,223,1989.4144,1,0,-9.590000152587891,1.120000004768372,100,1
5747660,5745710,224,1989.4144,1,0,-10.5,1.110000014305115,100,1
5749717,5747699,225,1989.4144,1,0,-11.39999961853027,1.110000014305115,100,1
5751678,5749689,226,1989.4144,1,0,-12.30000019073486,1.100000023841858,100,1
5753638,5751678,227,1989.4144,1,0,-13.64999961853027,1.080000042915344,100,1
5755619,5753668,228,1989.4144,1,0,-14.55000019073486,1.059999942779541,100,1
5757637,5755657,229,1989.4144,1,0,-15.44999980926514,654.3599853515625,0,0
5759707,5757646,230,1989.4144,1,0,-16.34000015258789,0.4900000095367432,100,1
5761594,5759636,231,1989.4144,1,0,-17.23999977111816,0.4600000083446503,100,1
5763603,5761625,232,1989.4144,1,0,-18.59000015258789,0.4600000083446503,100,1
5765618,5763615,233,1989.4144,1,0,-19.48999977111816,0.449999988079071,100,1
5767502,5765604,234,1989.4144,1,0,-20.38999938964844,0.449999988079071,100,1
5769418,5767594,235,1989.4144,1,0,-21.29999923706055,0.449999988079071,100,1
5771403,5769583,236,1989.4144,1,0,-22.20000076293945,0.449999988079071,100,1
5773400,5771572,237,1989.4144,1,0,-23.54999923706055,0.4600000083446503,100,1
5775376,5773562,238,1989.4144,1,0,-24.45000076293945,0.449999988079071,100,1
5778035,5775551,239,1989.4144,1,0,-25.34000015258789,0.449999988079071,100,1
5779415,5777541,240,1989.4144,1,0,-26.23999977111816,0.4600000083446503,100,1
5781444,5779530,241,1989.4144,1,0,-27.59000015258789,0.4699999988079071,100,1
5783364,5781519,242,1989.4144,1,0,-28.48999977111816,0.4600000083446503,100,1
5785375,5783509,243,1989.4144,1,0,-29.38999938964844,0.449999988079071,100,1
5787381,5785498,244,1989.4144,1,0,-30.29999923706055,0.449999988079071,100,1
5789316,5787488,245,1989.4144,1,0,-31.19000053405762,0.4399999976158142,100,1
5791343,5789477,246,1989.4144,1,0,-32.09000015258789,0.4399999976158142,100,1
5793361,5791467,247,1989.4144,1,0,-32.54999923706055,0.449999988079071,100,1
5795361,5793456,248,1989.4144,1,0,-33,0.449999988079071,100,1
5797349,5795445,249,1989.4144,1,0,-33.88999938964844,0.449999988079071,100,1
5799393,5797431,250,1990.02752,1,0,-34.34000015258789,0.449999988079071,100,1
5801325,5799421,251,1990.02752,1,0,-34.79999923706055,0.449999988079071,100,1
5803344,5801411,252,1990.02752,1,0,-35.25,0.4600000083446503,100,1
5805238,5803401,253,1990.02752,1,0,-35.68999862670898,654.3599853515625,0,0
5807282,5805391,254,1990.02752,1,0,-36.13999938964844,0.449999988079071,100,1
5809289,5807381,255,1990.02752,1,0,-36.59000015258789,0.4600000083446503,100,1
5811301,5809371,256,1990.02752,1,0,-36.59000015258789,0.4699999988079071,100,1
5813278,5811361,257,1990.02752,1,0,-37.04999923706055,0.4699999988079071,100,1
5815351,5813351,258,1990.02752,1,0,-37.5,0.4399999976158142,100,1
5817216,5815341,259,1990.02752,1,0,-37.93999862670898,0.449999988079071,100,1
5819223,5817331,260,1990.02752,1,0,-38.38999938964844,0.4399999976158142,100,1
5821224,5819321,261,1990.02752,1,0,-38.38999938964844,0.4600000083446503,100,1
5823219,5821311,262,1990.02752,1,0,-38.84000015258789,0.4600000083446503,100,1
5825210,5823301,263,1990.02752,1,0,-39.29999923706055,0.4600000083446503,100,1
5827153,5825291,264,1990.02752,1,0,-39.29999923706055,0.449999988079071,100,1
5829160,5827281,265,1990.02752,1,0,-39.75,0.4699999988079071,100,1
5831153,5829271,266,1990.02752,1,0,-40.18999862670898,0.4699999988079071,100,1
5833140,5831261,267,1990.02752,1,0,-40.18999862670898,0.4600000083446503,100,1
5835155,5833251,268,1990.02752,1,0,-40.63999938964844,0.4699999988079071,100,1
5837167,5835241,269,1990.02752,1,0,-41.09999847412109,0.4799999892711639,100,1
5839119,5837231,270,1990.02752,1,0,-41.09999847412109,0.4699999988079071,100,1
5841164,5839221,271,1990.02752,1,0,-41.54999923706055,0.4799999892711639,100,1
5843148,5841211,272,1990.02752,1,0,-41.54999923706055,0.4799999892711639,100,1
5845092,5843201,273,1990.02752,1,0,-41.9900016784668,0.4699999988079071,100,1
5847119,5845191,274,1990.02752,1,0,-42.43999862670898,0.4699999988079071,100,1
5849049,5847181,275,1990.02752,1,0,-42.43999862670898,0.4799999892711639,100,1
5851134,5849171,276,1990.02752,1,0,-42.90000152587891,0.4699999988079071,97,1
5853080,5851161,277,1990.02752,1,0,-42.90000152587891,0.4799999892711639,100,1
5855089,5853151,278,1990.02752,1,0,-43.34999847412109,0.4900000095367432,100,1
5857100,5855141,279,1990.02752,1,0,-45.75,0.5,100,1
5859102,5857131,280,1990.02752,1,0,-46.20000076293945,0.5,100,1
5861131,5859121,281,1990.02752,1,0,-45.75,0.5,100,1
5863082,5861111,282,1990.02752,1,0,-45.75,0.5,100,1
5865067,5863101,283,1990.02752,1,0,-45.29999923706055,0.5,100,1
5867067,5865092,284,1990.02752,1,0,-45.29999923706055,0.5099999904632568,100,1
5869014,5867082,285,1990.02752,1,0,-44.84999847412109,0.5,100,1
5871012,5869072,286,1990.02752,1,0,-44.40000152587891,0.5,100,1
5872981,5871062,287,1990.02752,1,0,-44.40000152587891,0.5,100,1
5875031,5873052,288,1990.02752,1,0,-43.95000076293945,0.5,100,1
5876953,5875042,289,1990.02752,1,0,-43.95000076293945,0.4799999892711639,100,1
5878997,5877032,290,1990.02752,1,0,-43.5,0.4799999892711639,100,1
5880964,5879022,291,1990.02752,1,0,-43.04999923706055,0.4799999892711639,100,1
5882946,5881012,292,1990.02752,1,0,-43.04999923706055,0.4699999988079071,100,1
5884972,5883002,293,1990.02752,1,0,-42.59999847412109,0.4799999892711639,100,1
5886945,5884992,294,1990.02752,1,0,-42.59999847412109,0.4699999988079071,100,1
5889045,5886982,295,1990.02752,1,0,-42.15000152587891,0.4799999892711639,100,1
5890926,5888972,296,1990.02752,1,0,-41.70000076293945,0.4799999892711639,100,1
5892929,5890962,297,1990.02752,1,0,-41.70000076293945,0.4799999892711639,100,1
5894983,5892952,298,1990.02752,1,0,-41.25,0.4799999892711639,100,1
5896963,5894942,299,1990.02752,1,0,-40.79999923706055,0.4799999892711639,100,1
5898964,5896935,300,1990.306016,1,0,-40.34000015258789,0.4600000083446503,100,1
5900940,5898925,301,1990.306016,1,0,-40.34000015258789,0.4399999976158142,100,1
5902796,5900916,302,1990.306016,1,0,-39.90000152587891,0.4399999976158142,100,1
5904862,5902906,303,1990.306016,1,0,-39.45000076293945,0.4399999976158142,100,1
5906792,5904896,304,1990.306016,1,0,-39,0.449999988079071,100,1
5908734,5906887,305,1990.306016,1,0,-38.54999923706055,0.449999988079071,100,1
5910737,5908877,306,1990.306016,1,0,-38.09000015258789,0.449999988079071,100,1
5912763,5910867,307,1990.306016,1,0,-37.65000152587891,0.449999988079071,100,1
5914795,5912858,308,1990.306016,1,0,-37.20000076293945,0.4699999988079071,97,1
5916818,5914848,309,1990.306016,1,0,-36.75,0.4600000083446503,100,1
5918813,5916838,310,1990.306016,1,0,-36.29999923706055,0.449999988079071,100,1
5920796,5918829,311,1990.306016,1,0,-35.84000015258789,0.449999988079071,100,1
5922761,5920819,312,1990.306016,1,0,-35.40000152587891,0.4600000083446503,100,1
5924778,5922809,313,1990.306016,1,0,-34.95000076293945,0.4300000071525574,100,1
5926769,5924799,314,1990.306016,1,0,-34.04999923706055,0.4399999976158142,100,1
5928732,5926790,315,1990.306016,1,0,-33.59000015258789,0.4399999976158142,100,1
5930681,5928780,316,1990.306016,1,0,-32.70000076293945,0.4399999976158142,100,1
5932746,5930770,317,1990.306016,1,0,-31.35000038146973,0.4399999976158142,100,1
5934704,5932761,318,1990.306016,1,0,-30.45000076293945,0.449999988079071,100,1
5936685,5934751,319,1990.306016,1,0,-29.54999923706055,0.449999988079071,100,1
5938710,5936741,320,1990.306016,1,0,-28.64999961853027,0.4600000083446503,100,1
5940688,5938732,321,1990.306016,1,0,-27.29999923706055,0.4699999988079071,100,1
5942679,5940722,322,1990.306016,1,0,-26.39999961853027,0.4600000083446503,100,1
5944761,5942712,323,1990.306016,1,0,-25.5,0.449999988079071,100,1
5946661,5944703,324,1990.306016,1,0,-24.60000038146973,0.449999988079071,100,1
5948660,5946693,325,1990.306016,1,0,-23.70000076293945,0.4600000083446503,100,1
5950672,5948683,326,1990.306016,1,0,-22.35000038146973,0.449999988079071,100,1
5952661,5950673,327,1990.306016,1,0,-21.45000076293945,0.449999988079071,100,1
5954737,5952664,328,1990.306016,1,0,-20.54999923706055,0.4600000083446503,100,1
5956662,5954654,329,1990.306016,1,0,-19.64999961853027,0.449999988079071,100,1
5958632,5956644,330,1990.306016,1,0,-18.29999923706055,0.4699999988079071,100,1
5960648,5958635,331,1990.306016,1,0,-17.39999961853027,0.4699999988079071,100,1
5962626,5960625,332,1990.306016,1,0,-16.5,0.5099999904632568,100,1
5964688,5962615,333,1990.306016,1,0,-15.60000038146973,0.9700000286102295,100,1
5966649,5964606,334,1990.306016,1,0,-14.69999980926514,1.090000033378601,100,1
5968549,5966596,335,1990.306016,1,0,-13.35000038146973,1.100000023841858,100,1
5970625,5968586,336,1990.306016,1,0,-12.44999980926514,1.110000014305115,100,1
5972492,5970576,337,1990.306016,1,0,-11.53999996185303,1.110000014305115,100,1
5974493,5972567,338,1990.306016,1,0,-10.64999961853027,1.120000004768372,100,1
5976496,5974557,339,1990.306016,1,0,-9.289999961853027,1.120000004768372,100,1
5978493,5976547,340,1990.306016,1,0,-8.390000343322754,1.129999995231628,100,1
5980493,5978538,341,1990.306016,1,0,-7.5,1.129999995231628,100,1
5982469,5980528,342,1990.306016,1,0,-6.590000152587891,1.139999985694885,100,1
5984419,5982518,343,1990.306016,1,0,-5.699999809265137,1.139999985694885,100,1
5986473,5984509,344,1990.306016,1,0,-4.349999904632568,1.149999976158142,100,1
5988436,5986499,345,1990.306016,1,0,-3.450000047683716,1.159999966621399,100,1
5990424,5988489,346,1990.306016,1,0,-2.549999952316284,1.169999957084656,100,1
5992501,5990480,347,1990.306016,1,0,-1.649999976158142,1.179999947547913,100,1
5994502,5992470,348,1990.306016,1,0,-0.75,1.190000057220459,100,1
5996453,5994460,349,1990.306016,1,0,0.1400000005960464,1.200000047683716,100,1
5998500,5996455,350,1990.388812800001,1,0,1.490000009536743,1.200000047683716,100,1
6000438,5998446,351,1990.388812800001,1,0,2.390000104904175,1.220000028610229,100,1
6002456,6000436,352,1990.388812800001,1,0,3.299999952316284,1.220000028610229,100,1
6004466,6002427,353,1990.388812800001,1,0,4.190000057220459,1.230000019073486,100,1
6006608,6004417,354,1990.388812800001,1,0,5.550000190734863,1.240000009536743,100,1
6008439,6006407,355,1990.388812800001,1,0,6.449999809265137,1.25,100,1
6010350,6008398,356,1990.388812800001,1,0,7.349999904632568,1.269999980926514,100,1
6012352,6010388,357,1990.388812800001,1,0,8.25,1.289999961853027,100,1
6014392,6012379,358,1990.388812800001,1,0,9.140000343322754,1.440000057220459,100,1
6016378,6014369,359,1990.388812800001,1,0,10.5,2.039999961853027,100,1
6018308,6016359,360,1990.388812800001,1,0,11.39999961853027,2.079999923706055,100,1
6020397,6018350,361,1990.388812800001,1,0,12.30000019073486,2.119999885559082,100,1
6022411,6020340,362,1990.388812800001,1,0,13.19999980926514,1.960000038146973,100,1
6024370,6022330,363,1990.388812800001,1,0,14.55000019073486,1.759999990463257,100,1
6026332,6024321,364,1990.388812800001,1,0,15.44999980926514,1.710000038146973,100,1
6028301,6026311,365,1990.388812800001,1,0,16.34000015258789,1.669999957084656,100,1
6030312,6028302,366,1990.388812800001,1,0,17.23999977111816,1.620000004768372,100,1
6032271,6030292,367,1990.388812800001,1,0,18.14999961853027,1.610000014305115,97,1
6034318,6032282,368,1990.388812800001,1,0,19.48999977111816,1.600000023841858,100,1
6036333,6034273,369,1990.388812800001,1,0,20.38999938964844,1.590000033378601,100,1
6038289,6036263,370,1990.388812800001,1,0,21.29999923706055,1.350000023841858,100,1
6040124,6038254,371,1990.388812800001,1,0,22.20000076293945,0.8500000238418579,100,1
6042244,6040244,372,1990.388812800001,1,0,23.54999923706055,0.7699999809265137,100,1
6044129,6042234,373,1990.388812800001,1,0,24.45000076293945,0.7599999904632568,100,1
6046112,6044225,374,1990.388812800001,1,0,25.34000015258789,0.7599999904632568,100,1
6048087,6046215,375,1990.388812800001,1,0,26.23999977111816,0.75,100,1
6050135,6048206,376,1990.388812800001,1,0,27.13999938964844,0.7599999904632568,100,1
6052116,6050196,377,1990.388812800001,1,0,28.48999977111816,0.75,100,1
6054091,6052186,378,1990.388812800001,1,0,29.38999938964844,0.7799999713897705,100,1
6056096,6054177,379,1990.388812800001,1,0,30.29999923706055,0.8299999833106995,100,1
6058106,6056167,380,1990.388812800001,1,0,31.19000053405762,1.090000033378601,100,1
6060119,6058157,381,1990.388812800001,1,0,32.09000015258789,1.049999952316284,100,1
6062112,6060148,382,1990.388812800001,1,0,32.54999923706055,1.049999952316284,100,1
6064056,6062138,383,1990.388812800001,1,0,33,1.110000014305115,100,1
6066122,6064129,384,1990.388812800001,1,0,33.43999862670898,1.120000004768372,100,1
6068040,6066119,385,1990.388812800001,1,0,34.34000015258789,1.120000004768372,100,1
6070036,6068109,386,1990.388812800001,1,0,34.79999923706055,1.120000004768372,100,1
6072020,6070100,387,1990.388812800001,1,0,35.25,1.120000004768372,100,1
6074034,6072090,388,1990.388812800001,1,0,35.68999862670898,1.120000004768372,100,1
6076048,6074081,389,1990.388812800001,1,0,36.13999938964844,1.110000014305115,100,1
6078036,6076071,390,1990.388812800001,1,0,36.13999938964844,1.110000014305115,100,1
6080010,6078061,391,1990.388812800001,1,0,36.59000015258789,1.110000014305115,100,1
6081986,6080052,392,1990.388812800001,1,0,37.04999923706055,1.120000004768372,100,1
6084012,6082042,393,1990.388812800001,1,0,37.5,1.120000004768372,100,1
6086042,6084033,394,1990.388812800001,1,0,37.93999862670898,1.110000014305115,100,1
6087958,6086023,395,1990.388812800001,1,0,38.38999938964844,1.100000023841858,100,1
6089941,6088013,396,1990.388812800001,1,0,38.38999938964844,1.100000023841858,100,1
6091958,6090004,397,1990.388812800001,1,0,38.84000015258789,1.110000014305115,100,1
6093951,6091994,398,1990.388812800001,1,0,39.29999923706055,1.100000023841858,100,1
6095953,6093984,399,1990.388812800001,1,0,39.29999923706055,1.100000023841858,100,1
6097925,6095970,400,1990.01105024,1,0,39.75,1.100000023841858,100,1
6099927,6097960,401,1990.01105024,1,0,40.18999862670898,1.100000023841858,100,1
6101876,6099950,402,1990.01105024,1,0,40.18999862670898,1.090000033378601,100,1
6103895,6101940,403,1990.01105024,1,0,40.63999938964844,1.090000033378601,100,1
6105870,6103930,404,1990.01105024,1,0,41.09999847412109,1.090000033378601,100,1
6107865,6105920,405,1990.01105024,1,0,41.09999847412109,1.090000033378601,100,1
6109883,6107910,406,1990.01105024,1,0,41.54999923706055,1.080000042915344,100,1
6111851,6109900,407,1990.01105024,1,0,41.54999923706055,1.080000042915344,100,1
6113862,6111890,408,1990.01105024,1,0,41.9900016784668,1.080000042915344,100,1
6115814,6113880,409,1990.01105024,1,0,42.43999862670898,1.070000052452087,100,1
6117827,6115870,410,1990.01105024,1,0,42.43999862670898,1.080000042915344,100,1
6119819,6117860,411,1990.01105024,1,0,42.90000152587891,1.070000052452087,100,1
6121824,6119850,412,1990.01105024,1,0,42.90000152587891,1.070000052452087,100,1
6123877,6121840,413,1990.01105024,1,0,43.34999847412109,1.070000052452087,100,1
6125838,6123830,414,1990.01105024,1,0,45.75,1.070000052452087,100,1
6127972,6125820,415,1990.01105024,1,0,45.75,1.070000052452087,100,1
6129823,6127810,416,1990.01105024,1,0,45.29999923706055,1.059999942779541,100,1
6131772,6129800,417,1990.01105024,1,0,45.29999923706055,1.059999942779541,100,1
6133782,6131790,418,1990.01105024,1,0,44.84999847412109,1.059999942779541,100,1
6135780,6133780,419,1990.01105024,1,0,44.84999847412109,1.059999942779541,100,1
6137724,6135770,420,1990.01105024,1,0,44.40000152587891,1.059999942779541,100,1
6139768,6137760,421,1990.01105024,1,0,44.40000152587891,1.070000052452087,100,1
6141702,6139750,422,1990.01105024,1,0,43.95000076293945,1.070000052452087,100,1
6143702,6141740,423,1990.01105024,1,0,43.5,1.070000052452087,100,1
6145700,6143730,424,1990.01105024,1,0,43.5,1.090000033378601,100,1
6150384,6145720,425,1990.01105024,1,0,43.04999923706055,1.080000042915344,100,1
6150612,6147710,426,1990.01105024,1,0,43.04999923706055,1.090000033378601,100,1
6151687,6149700,427,1990.01105024,1,0,42.59999847412109,1.080000042915344,100,1
6153683,6151690,428,1990.01105024,1,0,42.15000152587891,1.090000033378601,100,1
6155669,6153680,429,1990.01105024,1,0,42.15000152587891,1.090000033378601,100,1
6157657,6155670,430,1990.01105024,1,0,41.70000076293945,1.100000023841858,100,1
6159674,6157660,431,1990.01105024,1,0,41.25,1.090000033378601,100,1
6161696,6159650,432,1990.01105024,1,0,41.25,1.100000023841858,100,1
6163670,6161640,433,1990.01105024,1,0,40.79999923706055,1.080000042915344,100,1
6165657,6163630,434,1990.01105024,1,0,40.34000015258789,1.090000033378601,100,1
6167705,6165620,435,1990.01105024,1,0,39.90000152587891,1.110000014305115,100,1
6169658,6167610,436,1990.01105024,1,0,39.45000076293945,1.120000004768372,100,1
6171641,6169600,437,1990.01105024,1,0,39.45000076293945,1.120000004768372,100,1
6173701,6171590,438,1990.01105024,1,0,39,1.120000004768372,100,1
6175547,6173580,439,1990.01105024,1,0,38.54999923706055,1.120000004768372,100,1
6177591,6175570,440,1990.01105024,1,0,38.09000015258789,1.110000014305115,100,1
6179500,6177560,441,1990.01105024,1,0,37.65000152587891,1.090000033378601,100,1
6181522,6179550,442,1990.01105024,1,0,37.20000076293945,1.110000014305115,100,1
6183568,6181540,443,1990.01105024,1,0,36.75,1.110000014305115,100,1
6185481,6183530,444,1990.01105024,1,0,36.29999923706055,1.110000014305115,100,1
6187492,6185520,445,1990.01105024,1,0,35.84000015258789,1.120000004768372,100,1
6190647,6187510,446,1990.01105024,1,0,34.95000076293945,1.120000004768372,100,1
6191565,6189500,447,1990.01105024,1,0,34.5,1.080000042915344,100,1
6193479,6191490,448,1990.01105024,1,0,34.04999923706055,1.019999980926514,100,1
6195481,6193480,449,1990.01105024,1,0,33.13999938964844,1.070000052452087,100,1
6197470,6195470,450,1990.188840192,1,0,32.25,1.100000023841858,100,1
6199464,6197461,451,1990.188840192,1,0,30.89999961853027,0.9300000071525574,100,1
6201475,6199451,452,1990.188840192,1,0,30,0.800000011920929,100,1
6203418,6201441,453,1990.188840192,1,0,29.10000038146973,0.7599999904632568,100,1
6205406,6203431,454,1990.188840192,1,0,28.20000076293945,0.7599999904632568,100,1
6207420,6205421,455,1990.188840192,1,0,27.29999923706055,0.7599999904632568,100,1
6209402,6207412,456,1990.188840192,1,0,25.95000076293945,0.75,100,1
6211377,6209402,457,1990.188840192,1,0,25.04999923706055,0.7699999809265137,100,1
6213397,6211392,458,1990.188840192,1,0,24.14999961853027,0.7799999713897705,100,1
6215318,6213382,459,1990.188840192,1,0,23.25,654.3599853515625,0,0
6217392,6215372,460,1990.188840192,1,0,21.89999961853027,1.509999990463257,100,1
6219378,6217362,461,1990.188840192,1,0,21,1.580000042915344,100,1
6221356,6219353,462,1990.188840192,1,0,20.10000038146973,1.590000033378601,100,1
6223351,6221343,463,1990.188840192,1,0,19.20000076293945,1.610000014305115,100,1
6225306,6223333,464,1990.188840192,1,0,18.29999923706055,1.620000004768372,100,1
6227291,6225323,465,1990.188840192,1,0,16.95000076293945,1.659999966621399,100,1
6229317,6227313,466,1990.188840192,1,0,16.04000091552734,1.710000038146973,100,1
6231306,6229304,467,1990.188840192,1,0,15.14999961853027,1.75,100,1
6233328,6231294,468,1990.188840192,1,0,14.23999977111816,2.039999961853027,100,1
6235336,6233284,469,1990.188840192,1,0,12.89999961853027,2.089999914169312,100,1
6237358,6235274,470,1990.188840192,1,0,11.98999977111816,2.059999942779541,100,1
6239306,6237264,471,1990.188840192,1,0,11.10000038146973,1.870000004768372,100,1
6241308,6239255,472,1990.188840192,1,0,10.19999980926514,1.320000052452087,100,1
6243261,6241245,473,1990.188840192,1,0,9.289999961853027,1.289999961853027,100,1
6245240,6243235,474,1990.188840192,1,0,7.949999809265137,1.269999980926514,100,1
6247235,6245225,475,1990.188840192,1,0,7.050000190734863,1.259999990463257,100,1
6249234,6247215,476,1990.188840192,1,0,6.139999866485596,1.25,100,1
6251189,6249205,477,1990.188840192,1,0,5.25,1.230000019073486,100,1
6253228,6251196,478,1990.188840192,1,0,3.900000095367432,1.230000019073486,100,1
6255191,6253186,479,1990.188840192,1,0,3,1.210000038146973,100,1
6257136,6255176,480,1990.188840192,1,0,2.089999914169312,1.200000047683716,100,1
6259182,6257166,481,1990.188840192,1,0,1.200000047683716,1.190000057220459,100,1
6261170,6259156,482,1990.188840192,1,0,0.300000011920929,1.179999947547913,100,1
6263145,6261147,483,1990.188840192,1,0,-0.5899999737739563,1.169999957084656,100,1
6265128,6263137,484,1990.188840192,1,0,-1.940000057220459,1.169999957084656,100,1
6267141,6265127,485,1990.188840192,1,0,-2.839999914169312,1.159999966621399,100,1
6269131,6267117,486,1990.188840192,1,0,-3.740000009536743,1.110000014305115,100,1
6271045,6269107,487,1990.188840192,1,0,-4.639999866485596,1.139999985694885,100,1
6273088,6271098,488,1990.188840192,1,0,-5.550000190734863,1.139999985694885,100,1
6275123,6273088,489,1990.188840192,1,0,-6.889999866485596,1.129999995231628,100,1
6277100,6275078,490,1990.188840192,1,0,-7.800000190734863,1.100000023841858,100,1
6279103,6277068,491,1990.188840192,1,0,-8.699999809265137,1.120000004768372,100,1
6281060,6279058,492,1990.188840192,1,0,-9.590000152587891,1.110000014305115,100,1
6283074,6281048,493,1990.188840192,1,0,-10.94999980926514,1.110000014305115,100,1
6285003,6283039,494,1990.188840192,1,0,-11.85000038146973,1.100000023841858,100,1
6287022,6285029,495,1990.188840192,1,0,-12.75,1.100000023841858,100,1
6289051,6287019,496,1990.188840192,1,0,-13.64999961853027,1.070000052452087,100,1
6291064,6289009,497,1990.188840192,1,0,-14.55000019073486,0.9700000286102295,100,1
6293067,6290999,498,1990.188840192,1,0,-15.89999961853027,0.5199999809265137,100,1
6295073,6292990,499,1990.188840192,1,0,-16.79000091552734,0.4699999988079071,100,1
6297059,6294988,500,1990.507072153601,1,0,-17.69000053405762,0.4699999988079071,100,1
6299172,6296978,501,1990.507072153601,1,0,-18.59000015258789,0.4600000083446503,100,1
6301067,6298969,502,1990.507072153601,1,0,-19.94000053405762,0.4600000083446503,100,1
6303228,6300959,503,1990.507072153601,1,0,-20.84000015258789,0.449999988079071,100,1
6304978,6302950,504,1990.507072153601,1,0,-21.73999977111816,0.4600000083446503,100,1
6306968,6304940,505,1990.507072153601,1,0,-22.63999938964844,0.449999988079071,100,1
6308950,6306931,506,1990.507072153601,1,0,-23.54999923706055,0.449999988079071,100,1
6310927,6308921,507,1990.507072153601,1,0,-24.88999938964844,0.449999988079071,100,1
6312934,6310912,508,1990.507072153601,1,0,-25.79999923706055,0.4600000083446503,100,1
6314924,6312902,509,1990.507072153601,1,0,-26.70000076293945,0.4699999988079071,100,1
6316966,6314893,510,1990.507072153601,1,0,-27.59000015258789,0.4600000083446503,100,1
6318943,6316883,511,1990.507072153601,1,0,-28.95000076293945,0.4600000083446503,100,1
6320945,6318874,512,1990.507072153601,1,0,-29.84000015258789,0.449999988079071,100,1
6322994,6320864,513,1990.507072153601,1,0,-30.73999977111816,0.4300000071525574,100,1
6324924,6322855,514,1990.507072153601,1,0,-31.63999938964844,0.449999988079071,100,1
6326933,6324845,515,1990.507072153601,1,0,-32.09000015258789,0.449999988079071,100,1
6328957,6326836,516,1990.507072153601,1,0,-33,0.449999988079071,100,1
6330869,6328826,517,1990.507072153601,1,0,-33.43999862670898,0.4600000083446503,100,1
6332864,6330817,518,1990.507072153601,1,0,-33.88999938964844,0.449999988079071,100,1
6334865,6332807,519,1990.507072153601,1,0,-34.34000015258789,0.449999988079071,100,1
6336868,6334798,520,1990.507072153601,1,0,-34.79999923706055,654.3599853515625,0,0
6338904,6336788,521,1990.507072153601,1,0,-35.25,0.449999988079071,100,1
6340790,6338779,522,1990.507072153601,1,0,-35.68999862670898,0.449999988079071,100,1
6342871,6340769,523,1990.507072153601,1,0,-36.13999938964844,0.4600000083446503,100,1
6344783,6342760,524,1990.507072153601,1,0,-36.59000015258789,0.4699999988079071,100,1
6346728,6344750,525,1990.507072153601,1,0,-37.04999923706055,0.4699999988079071,100,1
6348862,6346741,526,1990.507072153601,1,0,-37.5,0.449999988079071,100,1
6350717,6348731,527,1990.507072153601,1,0,-37.5,0.449999988079071,100,1
6352690,6350722,528,1990.507072153601,1,0,-37.93999862670898,0.4399999976158142,100,1
6354693,6352712,529,1990.507072153601,1,0,-38.38999938964844,0.449999988079071,100,1
6356685,6354703,530,1990.507072153601,1,0,-38.84000015258789,0.4600000083446503,100,1
6358715,6356693,531,1990.507072153601,1,0,-38.84000015258789,0.4699999988079071,100,1
6360702,6358684,532,1990.507072153601,1,0,-39.29999923706055,0.4699999988079071,100,1
6362673,6360674,533,1990.507072153601,1,0,-39.75,0.4600000083446503,100,1
6364711,6362665,534,1990.507072153601,1,0,-39.75,0.4600000083446503,100,1
6366683,6364655,535,1990.507072153601,1,0,-40.18999862670898,0.4699999988079071,100,1
6369688,6366646,536,1990.507072153601,1,0,-40.63999938964844,0.4699999988079071,100,1
6370659,6368637,537,1990.507072153601,1,0,-40.63999938964844,0.4699999988079071,100,1
6372859,6370627,538,1990.507072153601,1,0,-41.09999847412109,0.4799999892711639,100,1
6374827,6372618,539,1990.507072153601,1,0,-41.09999847412109,0.4699999988079071,100,1
6376846,6374608,540,1990.507072153601,1,0,-41.54999923706055,0.4699999988079071,100,1
6378749,6376599,541,1990.507072153601,1,0,-41.9900016784668,0.4799999892711639,100,1
6380869,6378589,542,1990.507072153601,1,0,-41.9900016784668,0.4900000095367432,100,1
6382731,6380580,543,1990.507072153601,1,0,-42.43999862670898,0.4900000095367432,100,1
6384715,6382570,544,1990.507072153601,1,0,-42.43999862670898,0.4900000095367432,100,1
6386617,6384561,545,1990.507072153601,1,0,-42.90000152587891,0.5,100,1
6388586,6386551,546,1990.507072153601,1,0,-42.90000152587891,0.4900000095367432,100,1
6390583,6388542,547,1990.507072153601,1,0,-43.34999847412109,0.5,100,1
6392648,6390532,548,1990.507072153601,1,0,-45.75,0.5,100,1
6394554,6392523,549,1990.507072153601,1,0,-45.75,0.5,100,1
6396538,6394516,550,1990.32165772288,1,0,-45.75,0.5,100,1
6398557,6396506,551,1990.32165772288,1,0,-45.29999923706055,0.4699999988079071,100,1
6400536,6398496,552,1990.32165772288,1,0,-45.29999923706055,0.4900000095367432,100,1
6402481,6400487,553,1990.32165772288,1,0,-44.84999847412109,0.5099999904632568,100,1
6404550,6402477,554,1990.32165772288,1,0,-44.84999847412109,0.5099999904632568,100,1
6406705,6404467,555,1990.32165772288,1,0,-44.40000152587891,0.5,100,1
6408465,6406458,556,1990.32165772288,1,0,-44.40000152587891,0.5,100,1
6410536,6408448,557,1990.32165772288,1,0,-43.95000076293945,0.4900000095367432,100,1
6412444,6410438,558,1990.32165772288,1,0,-43.5,0.4799999892711639,100,1
6414484,6412428,559,1990.32165772288,1,0,-43.5,0.4699999988079071,100,1
6416457,6414419,560,1990.32165772288,1,0,-43.04999923706055,0.4699999988079071,100,1
6418418,6416409,561,1990.32165772288,1,0,-43.04999923706055,0.4699999988079071,100,1
6420403,6418399,562,1990.32165772288,1,0,-42.59999847412109,0.4699999988079071,100,1
6422389,6420390,563,1990.32165772288,1,0,-42.15000152587891,0.4699999988079071,100,1
6424362,6422380,564,1990.32165772288,1,0,-42.15000152587891,0.4699999988079071,100,1
6426361,6424370,565,1990.32165772288,1,0,-41.70000076293945,0.4699999988079071,100,1
6428402,6426361,566,1990.32165772288,1,0,-41.25,0.4699999988079071,100,1
6430431,6428351,567,1990.32165772288,1,0,-41.25,0.4699999988079071,100,1
6432379,6430341,568,1990.32165772288,1,0,-40.79999923706055,0.4300000071525574,100,1
6434356,6432332,569,1990.32165772288,1,0,-40.34000015258789,0.449999988079071,100,1
6436340,6434322,570,1990.32165772288,1,0,-39.90000152587891,0.4399999976158142,100,1
6438327,6436312,571,1990.32165772288,1,0,-39.90000152587891,0.4399999976158142,100,1
6440315,6438303,572,1990.32165772288,1,0,-39.45000076293945,0.4399999976158142,100,1
6442343,6440293,573,1990.32165772288,1,0,-39,0.449999988079071,100,1
6444319,6442283,574,1990.32165772288,1,0,-38.54999923706055,0.449999988079071,100,1
6446366,6444274,575,1990.32165772288,1,0,-38.09000015258789,0.4399999976158142,100,1
6448388,6446264,576,1990.32165772288,1,0,-37.65000152587891,0.449999988079071,100,1
6450321,6448254,577,1990.32165772288,1,0,-37.20000076293945,0.4799999892711639,100,1
6452305,6450245,578,1990.32165772288,1,0,-36.75,0.4699999988079071,100,1
6454297,6452235,579,1990.32165772288,1,0,-36.29999923706055,0.449999988079071,100,1
6456302,6454225,580,1990.32165772288,1,0,-35.84000015258789,0.4600000083446503,100,1
6458280,6456216,581,1990.32165772288,1,0,-35.40000152587891,0.4600000083446503,100,1
6460262,6458206,582,1990.32165772288,1,0,-34.5,0.4600000083446503,100,1
6462222,6460196,583,1990.32165772288,1,0,-34.04999923706055,0.449999988079071,100,1
6464221,6462187,584,1990.32165772288,1,0,-33.13999938964844,0.4399999976158142,100,1
6466297,6464177,585,1990.32165772288,1,0,-32.25,0.4399999976158142,100,1
6468210,6466167,586,1990.32165772288,1,0,-31.35000038146973,0.4399999976158142,100,1
6470221,6468157,587,1990.32165772288,1,0,-30,0.449999988079071,100,1
6472200,6470148,588,1990.32165772288,1,0,-29.10000038146973,0.4600000083446503,100,1
6474265,6472138,589,1990.32165772288,1,0,-28.20000076293945,0.4600000083446503,100,1
6476222,6474128,590,1990.32165772288,1,0,-27.29999923706055,0.4699999988079071,100,1
6478239,6476119,591,1990.32165772288,1,0,-25.95000076293945,0.4600000083446503,100,1
6480269,6478109,592,1990.32165772288,1,0,-25.04999923706055,0.449999988079071,100,1
6482217,6480099,593,1990.32165772288,1,0,-24.14999961853027,0.449999988079071,100,1
6484217,6482090,594,1990.32165772288,1,0,-23.25,0.449999988079071,100,1
6486212,6484080,595,1990.32165772288,1,0,-22.35000038146973,0.4600000083446503,100,1
6488200,6486070,596,1990.32165772288,1,0,-21,0.4600000083446503,100,1
6490077,6488061,597,1990.32165772288,1,0,-20.10000038146973,0.4600000083446503,100,1
6492096,6490051,598,1990.32165772288,1,0,-19.20000076293945,0.4699999988079071,100,1
6494045,6492041,599,1990.32165772288,1,0,-18.29999923706055,0.4600000083446503,100,1
6496028,6494031,600,1990.217326178305,1,0,-17.39999961853027,0.4699999988079071,100,1
6498002,6496022,601,1990.217326178305,1,0,-16.04000091552734,0.5400000214576721,100,1
6500025,6498012,602,1990.217326178305,1,0,-15.14999961853027,1.039999961853027,100,1
6502092,6500002,603,1990.217326178305,1,0,-14.23999977111816,1.090000033378601,100,1
6504256,6501992,604,1990.217326178305,1,0,-13.35000038146973,1.100000023841858,100,1
6506010,6503982,605,1990.217326178305,1,0,-11.98999977111816,1.110000014305115,100,1
6507991,6505973,606,1990.217326178305,1,0,-11.10000038146973,1.120000004768372,100,1
6510013,6507963,607,1990.217326178305,1,0,-10.19999980926514,1.120000004768372,100,1
6512003,6509953,608,1990.217326178305,1,0,-9.289999961853027,1.120000004768372,100,1
6514027,6511943,609,1990.217326178305,1,0,-8.390000343322754,1.129999995231628,100,1
6516011,6513933,610,1990.217326178305,1,0,-7.050000190734863,1.139999985694885,100,1
6518014,6515924,611,1990.217326178305,1,0,-6.139999866485596,1.139999985694885,100,1
6520004,6517914,612,1990.217326178305,1,0,-5.25,1.149999976158142,100,1
6521924,6519904,613,1990.217326178305,1,0,-4.349999904632568,1.149999976158142,100,1
6523921,6521894,614,1990.217326178305,1,0,-3,1.159999966621399,100,1
6525900,6523885,615,1990.217326178305,1,0,-2.089999914169312,1.169999957084656,100,1
6527893,6525875,616,1990.217326178305,1,0,-1.200000047683716,1.169999957084656,100,1
6529897,6527865,617,1990.217326178305,1,0,-0.300000011920929,1.190000057220459,100,1
6531970,6529855,618,1990.217326178305,1,0,0.5899999737739563,1.200000047683716,100,1
6533953,6531845,619,1990.217326178305,1,0,1.490000009536743,1.210000038146973,100,1
6535885,6533836,620,1990.217326178305,1,0,2.839999914169312,1.220000028610229,100,1
6537898,6535826,621,1990.217326178305,1,0,3.740000009536743,1.220000028610229,100,1
6539907,6537816,622,1990.217326178305,1,0,4.639999866485596,1.230000019073486,100,1
6541853,6539806,623,1990.217326178305,1,0,5.550000190734863,1.25,100,1
6543915,6541797,624,1990.217326178305,1,0,6.889999866485596,1.269999980926514,100,1
6545966,6543787,625,1990.217326178305,1,0,7.800000190734863,1.279999971389771,100,1
6547826,6545777,626,1990.217326178305,1,0,8.699999809265137,1.299999952316284,100,1
6549839,6547767,627,1990.217326178305,1,0,9.590000152587891,1.679999947547913,100,1
6551847,6549757,628,1990.217326178305,1,0,10.5,2.049999952316284,100,1
6553802,6551748,629,1990.217326178305,1,0,11.85000038146973,2.089999914169312,100,1
6555829,6553738,630,1990.217326178305,1,0,12.75,2.119999885559082,100,1
6557823,6555728,631,1990.217326178305,1,0,13.64999961853027,1.840000033378601,100,1
6559791,6557718,632,1990.217326178305,1,0,14.55000019073486,1.740000009536743,100,1
6561806,6559708,633,1990.217326178305,1,0,15.89999961853027,1.710000038146973,100,1
6563771,6561699,634,1990.217326178305,1,0,16.79000091552734,1.669999957084656,100,1
6565737,6563689,635,1990.217326178305,1,0,17.69000053405762,1.629999995231628,100,1
6567761,6565679,636,1990.217326178305,1,0,18.59000015258789,1.610000014305115,100,1
6569718,6567669,637,1990.217326178305,1,0,19.48999977111816,1.600000023841858,100,1
6571674,6569660,638,1990.217326178305,1,0,20.84000015258789,1.559999942779541,100,1
6573711,6571650,639,1990.217326178305,1,0,21.73999977111816,654.3599853515625,0,0
6575705,6573640,640,1990.217326178305,1,0,22.63999938964844,0.7799999713897705,100,1
6577700,6575630,641,1990.217326178305,1,0,23.54999923706055,0.7699999809265137,100,1
6579712,6577620,642,1990.217326178305,1,0,24.88999938964844,0.7599999904632568,100,1
6581706,6579611,643,1990.217326178305,1,0,25.79999923706055,0.7599999904632568,100,1
6583682,6581601,644,1990.217326178305,1,0,26.70000076293945,0.75,100,1
6585732,6583591,645,1990.217326178305,1,0,27.59000015258789,0.7599999904632568,100,1
6587678,6585581,646,1990.217326178305,1,0,28.48999977111816,0.7699999809265137,100,1
6589718,6587572,647,1990.217326178305,1,0,29.84000015258789,0.7799999713897705,100,1
6591643,6589562,648,1990.217326178305,1,0,30.73999977111816,0.9100000262260437,100,1
6593678,6591552,649,1990.217326178305,1,0,31.63999938964844,1.100000023841858,100,1
6595678,6593556,650,1990.773860942644,1,0,32.09000015258789,1.029999971389771,100,1
6597668,6595547,651,1990.773860942644,1,0,32.54999923706055,1.090000033378601,100,1
6599820,6597537,652,1990.773860942644,1,0,33.43999862670898,1.110000014305115,100,1
6601680,6599528,653,1990.773860942644,1,0,33.88999938964844,1.120000004768372,100,1
6603652,6601519,654,1990.773860942644,1,0,34.34000015258789,1.110000014305115,100,1
6605615,6603510,655,1990.773860942644,1,0,34.79999923706055,1.120000004768372,100,1
6607576,6605500,656,1990.773860942644,1,0,35.25,1.120000004768372,100,1
6609639,6607491,657,1990.773860942644,1,0,35.68999862670898,1.120000004768372,100,1
6611585,6609482,658,1990.773860942644,1,0,36.13999938964844,1.120000004768372,100,1
6613646,6611473,659,1990.773860942644,1,0,36.59000015258789,1.120000004768372,100,1
6615551,6613463,660,1990.773860942644,1,0,37.04999923706055,1.110000014305115,100,1
6617658,6615454,661,1990.773860942644,1,0,37.04999923706055,1.120000004768372,100,1
6619603,6617445,662,1990.773860942644,1,0,37.5,1.120000004768372,100,1
6621563,6619436,663,1990.773860942644,1,0,37.93999862670898,1.100000023841858,100,1
6623599,6621427,664,1990.773860942644,1,0,38.38999938964844,1.110000014305115,100,1
6625540,6623417,665,1990.773860942644,1,0,38.84000015258789,1.100000023841858,100,1
6627600,6625408,666,1990.773860942644,1,0,38.84000015258789,1.110000014305115,100,1
6629484,6627399,667,1990.773860942644,1,0,39.29999923706055,1.100000023841858,100,1
6631620,6629390,668,1990.773860942644,1,0,39.75,1.100000023841858,97,1
6633590,6631380,669,1990.773860942644,1,0,39.75,1.090000033378601,100,1
6635536,6633371,670,1990.773860942644,1,0,40.18999862670898,1.100000023841858,100,1
6637367,6635362,671,1990.773860942644,1,0,40.63999938964844,1.090000033378601,100,1
6639456,6637353,672,1990.773860942644,1,0,40.63999938964844,1.090000033378601,100,1
6641369,6639344,673,1990.773860942644,1,0,41.09999847412109,1.090000033378601,100,1
6643325,6641334,674,1990.773860942644,1,0,41.09999847412109,1.080000042915344,100,1
6645294,6643325,675,1990.773860942644,1,0,41.54999923706055,1.080000042915344,100,1
6647402,6645316,676,1990.773860942644,1,0,41.9900016784668,1.070000052452087,100,1
6649304,6647307,677,1990.773860942644,1,0,41.9900016784668,1.080000042915344,100,1
6651308,6649297,678,1990.773860942644,1,0,42.43999862670898,1.070000052452087,100,1
6653324,6651288,679,1990.773860942644,1,0,42.43999862670898,1.070000052452087,100,1
6655371,6653279,680,1990.773860942644,1,0,42.90000152587891,1.070000052452087,100,1
6657348,6655270,681,1990.773860942644,1,0,42.90000152587891,1.070000052452087,100,1
6659355,6657261,682,1990.773860942644,1,0,43.34999847412109,1.070000052452087,100,1
6661325,6659251,683,1990.773860942644,1,0,45.75,1.070000052452087,100,1
6663301,6661242,684,1990.773860942644,1,0,45.75,1.070000052452087,100,1
6665482,6663233,685,1990.773860942644,1,0,45.29999923706055,1.059999942779541,100,1
6667315,6665224,686,1990.773860942644,1,0,45.29999923706055,1.059999942779541,100,1
6669305,6667214,687,1990.773860942644,1,0,44.84999847412109,1.059999942779541,100,1
6671226,6669205,688,1990.773860942644,1,0,44.84999847412109,1.059999942779541,100,1
6673233,6671196,689,1990.773860942644,1,0,44.40000152587891,1.059999942779541,100,1
6675212,6673187,690,1990.773860942644,1,0,43.95000076293945,1.070000052452087,100,1
6677216,6675177,691,1990.773860942644,1,0,43.95000076293945,1.080000042915344,100,1
6679212,6677168,692,1990.773860942644,1,0,43.5,1.080000042915344,100,1
6681211,6679159,693,1990.773860942644,1,0,43.5,1.080000042915344,100,1
6683199,6681150,694,1990.773860942644,1,0,43.04999923706055,1.090000033378601,100,1
6685196,6683141,695,1990.773860942644,1,0,42.59999847412109,1.090000033378601,100,1
6687165,6685131,696,1990.773860942644,1,0,42.59999847412109,1.090000033378601,100,1
6689156,6687122,697,1990.773860942644,1,0,42.15000152587891,1.090000033378601,100,1
6691157,6689113,698,1990.773860942644,1,0,41.70000076293945,1.090000033378601,100,1
6693164,6691104,699,1990.773860942644,1,0,41.70000076293945,1.090000033378601,100,1
6695162,6693101,700,1990.555088754115,1,0,41.25,1.100000023841858,100,1
6697158,6695092,701,1990.555088754115,1,0,40.79999923706055,1.100000023841858,100,1
6699118,6697082,702,1990.555088754115,1,0,40.79999923706055,1.100000023841858,100,1
6701135,6699073,703,1990.555088754115,1,0,40.34000015258789,1.110000014305115,100,1
6703132,6701063,704,1990.555088754115,1,0,39.90000152587891,1.110000014305115,100,1
6705091,6703054,705,1990.555088754115,1,0,39.45000076293945,1.120000004768372,100,1
6707096,6705045,706,1990.555088754115,1,0,39,1.120000004768372,100,1
6709119,6707035,707,1990.555088754115,1,0,38.54999923706055,1.120000004768372,100,1
6711118,6709026,708,1990.555088754115,1,0,38.54999923706055,1.100000023841858,100,1
6713098,6711016,709,1990.555088754115,1,0,38.09000015258789,1.110000014305115,100,1
6715075,6713007,710,1990.555088754115,1,0,37.65000152587891,1.110000014305115,100,1
6717109,6714997,711,1990.555088754115,1,0,37.20000076293945,1.120000004768372,100,1
6719125,6716988,712,1990.555088754115,1,0,36.75,1.120000004768372,100,1
6721113,6718978,713,1990.555088754115,1,0,35.84000015258789,1.120000004768372,100,1
6723083,6720969,714,1990.555088754115,1,0,35.40000152587891,1.120000004768372,100,1
6725106,6722960,715,1990.555088754115,1,0,34.95000076293945,1.120000004768372,100,1
6727166,6724950,716,1990.555088754115,1,0,34.5,1.039999961853027,100,1
6729047,6726941,717,1990.555088754115,1,0,33.59000015258789,1.039999961853027,100,1
6731018,6728931,718,1990.555088754115,1,0,32.70000076293945,1.080000042915344,100,1
6732993,6730922,719,1990.555088754115,1,0,31.79999923706055,1.070000052452087,100,1
6734973,6732912,720,1990.555088754115,1,0,30.89999961853027,0.8600000143051147,100,1
6736933,6734903,721,1990.555088754115,1,0,29.54999923706055,0.7799999713897705,100,1
6738953,6736893,722,1990.555088754115,1,0,28.64999961853027,0.7599999904632568,100,1
6740987,6738884,723,1990.555088754115,1,0,27.75,0.7599999904632568,100,1
6742952,6740875,724,1990.555088754115,1,0,26.85000038146973,0.75,100,1
6745017,6742865,725,1990.555088754115,1,0,25.95000076293945,0.7599999904632568,100,1
6746902,6744856,726,1990.555088754115,1,0,24.60000038146973,0.7599999904632568,100,1
6749025,6746846,727,1990.555088754115,1,0,23.70000076293945,0.8199999928474426,100,1
6751085,6748837,728,1990.555088754115,1,0,22.79999923706055,1.279999971389771,100,1
6752919,6750827,729,1990.555088754115,1,0,21.89999961853027,1.559999942779541,100,1
6754924,6752818,730,1990.555088754115,1,0,20.54999923706055,1.590000033378601,100,1
6757017,6754808,731,1990.555088754115,1,0,19.64999961853027,1.600000023841858,100,1
6758938,6756799,732,1990.555088754115,1,0,18.75,1.580000042915344,100,1
6760951,6758790,733,1990.555088754115,1,0,17.85000038146973,1.639999985694885,100,1
6762957,6760780,734,1990.555088754115,1,0,16.95000076293945,1.679999947547913,100,1
6764836,6762771,735,1990.555088754115,1,0,15.60000038146973,1.730000019073486,100,1
6766811,6764761,736,1990.555088754115,1,0,14.69999980926514,1.809999942779541,100,1
6768798,6766752,737,1990.555088754115,1,0,13.78999996185303,2.109999895095825,100,1
6770721,6768742,738,1990.555088754115,1,0,12.89999961853027,2.079999923706055,100,1
6772731,6770733,739,1990.555088754115,1,0,11.53999996185303,2.049999952316284,100,1
6774763,6772723,740,1990.555088754115,1,0,10.64999961853027,1.600000023841858,100,1
6776804,6774714,741,1990.555088754115,1,0,9.75,1.299999952316284,100,1
6778778,6776705,742,1990.555088754115,1,0,8.840000152587891,1.289999961853027,100,1
6780747,6778695,743,1990.555088754115,1,0,7.949999809265137,1.269999980926514,100,1
6782728,6780686,744,1990.555088754115,1,0,6.590000152587891,1.259999990463257,100,1
6784684,6782676,745,1990.555088754115,1,0,5.699999809265137,1.25,100,1
6786703,6784667,746,1990.555088754115,1,0,4.800000190734863,1.240000009536743,100,1
6788728,6786657,747,1990.555088754115,1,0,3.900000095367432,1.220000028610229,100,1
6790736,6788648,748,1990.555088754115,1,0,2.549999952316284,1.210000038146973,100,1
6792719,6790638,749,1990.555088754115,1,0,1.649999976158142,1.200000047683716,100,1
6794701,6792636,750,1990.600071003292,1,0,0.75,1.179999947547913,100,1
6796773,6794627,751,1990.600071003292,1,0,-0.1400000005960464,1.179999947547913,100,1
6798805,6796617,752,1990.600071003292,1,0,-1.039999961853027,1.169999957084656,100,1
6800797,6798608,753,1990.600071003292,1,0,-1.940000057220459,1.159999966621399,100,1
6802795,6800599,754,1990.600071003292,1,0,-3.299999952316284,1.159999966621399,97,1
6804690,6802589,755,1990.600071003292,1,0,-4.190000057220459,1.149999976158142,100,1
6806679,6804580,756,1990.600071003292,1,0,-5.090000152587891,1.149999976158142,100,1
6808694,6806570,757,1990.600071003292,1,0,-6,1.139999985694885,100,1
6810699,6808561,758,1990.600071003292,1,0,-7.349999904632568,1.120000004768372,100,1
6812698,6810552,759,1990.600071003292,1,0,-8.25,1.129999995231628,100,1
6814665,6812542,760,1990.600071003292,1,0,-9.140000343322754,1.120000004768372,100,1
6816667,6814533,761,1990.600071003292,1,0,-10.05000019073486,1.110000014305115,100,1
6818629,6816523,762,1990.600071003292,1,0,-10.94999980926514,1.110000014305115,100,1
6820643,6818514,763,1990.600071003292,1,0,-12.30000019073486,1.100000023841858,100,1
6822665,6820505,764,1990.600071003292,1,0,-13.19999980926514,1.090000033378601,100,1
6824631,6822495,765,1990.600071003292,1,0,-14.10000038146973,1.059999942779541,100,1
6826630,6824486,766,1990.600071003292,1,0,-14.98999977111816,0.7400000095367432,100,1
6828596,6826476,767,1990.600071003292,1,0,-16.34000015258789,0.4900000095367432,100,1
6830586,6828467,768,1990.600071003292,1,0,-17.23999977111816,0.4699999988079071,100,1
6832591,6830458,769,1990.600071003292,1,0,-18.14999961853027,0.4699999988079071,100,1
6834558,6832448,770,1990.600071003292,1,0,-19.04000091552734,0.4600000083446503,100,1
6836569,6834439,771,1990.600071003292,1,0,-19.94000053405762,0.4600000083446503,100,1
6838556,6836429,772,1990.600071003292,1,0,-21.29999923706055,0.4600000083446503,100,1
6840636,6838420,773,1990.600071003292,1,0,-22.20000076293945,0.4600000083446503,100,1
6842556,6840411,774,1990.600071003292,1,0,-23.09000015258789,0.449999988079071,100,1
6844533,6842401,775,1990.600071003292,1,0,-23.98999977111816,0.4600000083446503,100,1
6846570,6844392,776,1990.600071003292,1,0,-25.34000015258789,0.4600000083446503,100,1
6848454,6846382,777,1990.600071003292,1,0,-26.23999977111816,0.4699999988079071,100,1
6850431,6848373,778,1990.600071003292,1,0,-27.13999938964844,0.4699999988079071,100,1
6852434,6850364,779,1990.600071003292,1,0,-28.04999923706055,0.4600000083446503,100,1
6854423,6852354,780,1990.600071003292,1,0,-28.95000076293945,0.4600000083446503,100,1
6856410,6854345,781,1990.600071003292,1,0,-30.29999923706055,0.4600000083446503,100,1
6858436,6856335,782,1990.600071003292,1,0,-31.19000053405762,0.4399999976158142,100,1
6860439,6858326,783,1990.600071003292,1,0,-31.63999938964844,0.449999988079071,100,1
6862433,6860317,784,1990.600071003292,1,0,-32.54999923706055,0.449999988079071,100,1
6864414,6862307,785,1990.600071003292,1,0,-33,0.4600000083446503,100,1
6866406,6864298,786,1990.600071003292,1,0,-33.43999862670898,0.4600000083446503,100,1
6868445,6866288,787,1990.600071003292,1,0,-33.88999938964844,0.449999988079071,100,1
6870434,6868279,788,1990.600071003292,1,0,-34.34000015258789,0.449999988079071,100,1
6872417,6870270,789,1990.600071003292,1,0,-34.79999923706055,0.4600000083446503,100,1
6874389,6872260,790,1990.600071003292,1,0,-35.25,0.4600000083446503,100,1
6876398,6874251,791,1990.600071003292,1,0,-35.68999862670898,0.4600000083446503,100,1
6878392,6876241,792,1990.600071003292,1,0,-36.13999938964844,0.4699999988079071,100,1
6880358,6878232,793,1990.600071003292,1,0,-36.59000015258789,0.4699999988079071,100,1
6882332,6880223,794,1990.600071003292,1,0,-37.04999923706055,0.449999988079071,100,1
6884340,6882213,795,1990.600071003292,1,0,-37.5,0.449999988079071,100,1
6886299,6884204,796,1990.600071003292,1,0,-37.93999862670898,0.4399999976158142,100,1
6888324,6886194,797,1990.600071003292,1,0,-37.93999862670898,0.4399999976158142,100,1
6890320,6888185,798,1990.600071003292,1,0,-38.38999938964844,0.449999988079071,100,1
6892275,6890176,799,1990.600071003292,1,0,-38.84000015258789,0.4699999988079071,100,1
6894277,6892177,800,1990.784056802634,1,0,-39.29999923706055,0.4600000083446503,100,1
6896304,6894168,801,1990.784056802634,1,0,-39.29999923706055,0.4699999988079071,100,1
6898276,6896159,802,1990.784056802634,1,0,-39.75,0.4699999988079071,100,1
6900309,6898150,803,1990.784056802634,1,0,-40.18999862670898,0.4699999988079071,100,1
6902293,6900140,804,1990.784056802634,1,0,-40.18999862670898,0.4600000083446503,100,1
6904258,6902131,805,1990.784056802634,1,0,-40.63999938964844,0.4600000083446503,100,1
6906269,6904122,806,1990.784056802634,1,0,-41.09999847412109,0.4699999988079071,100,1
6908263,6906113,807,1990.784056802634,1,0,-41.09999847412109,0.4699999988079071,100,1
6910215,6908104,808,1990.784056802634,1,0,-41.54999923706055,0.4699999988079071,100,1
6912214,6910094,809,1990.784056802634,1,0,-41.54999923706055,0.4799999892711639,100,1
6914210,6912085,810,1990.784056802634,1,0,-41.9900016784668,0.5,100,1
6916191,6914076,811,1990.784056802634,1,0,-41.9900016784668,0.5,100,1
6918192,6916067,812,1990.784056802634,1,0,-42.43999862670898,0.4900000095367432,100,1
6920153,6918057,813,1990.784056802634,1,0,-42.90000152587891,0.5,100,1
6922151,6920048,814,1990.784056802634,1,0,-42.90000152587891,0.4900000095367432,100,1
6924126,6922039,815,1990.784056802634,1,0,-43.34999847412109,0.4900000095367432,100,1
6926136,6924030,816,1990.784056802634,1,0,-45.75,0.5,100,1
6928113,6926021,817,1990.784056802634,1,0,-46.20000076293945,0.5,100,1
6930136,6928011,818,1990.784056802634,1,0,-45.75,0.5,100,1
6932119,6930002,819,1990.784056802634,1,0,-45.75,0.5,100,1
6934108,6931993,820,1990.784056802634,1,0,-45.29999923706055,0.5099999904632568,100,1
6936086,6933984,821,1990.784056802634,1,0,-45.29999923706055,0.5099999904632568,100,1
6938072,6935974,822,1990.784056802634,1,0,-44.84999847412109,0.5099999904632568,100,1
6940058,6937965,823,1990.784056802634,1,0,-44.84999847412109,0.5099999904632568,100,1
6942058,6939956,824,1990.784056802634,1,0,-44.40000152587891,0.5,100,1
6944034,6941947,825,1990.784056802634,1,0,-43.95000076293945,0.4900000095367432,100,1
6946032,6943938,826,1990.784056802634,1,0,-43.95000076293945,0.5,100,1
6948005,6945928,827,1990.784056802634,1,0,-43.5,0.4699999988079071,100,1
6950064,6947919,828,1990.784056802634,1,0,-43.5,0.4699999988079071,100,1
6952057,6949910,829,1990.784056802634,1,0,-43.04999923706055,0.4699999988079071,100,1
6954048,6951901,830,1990.784056802634,1,0,-42.59999847412109,0.4699999988079071,100,1
6956035,6953892,831,1990.784056802634,1,0,-42.59999847412109,0.4699999988079071,100,1
6958033,6955882,832,1990.784056802634,1,0,-42.15000152587891,0.4600000083446503,100,1
6959965,6957873,833,1990.784056802634,1,0,-41.70000076293945,0.4699999988079071,100,1
6962024,6959864,834,1990.784056802634,1,0,-41.70000076293945,0.4600000083446503,100,1
6963997,6961855,835,1990.784056802634,1,0,-41.25,0.4600000083446503,100,1
6965959,6963845,836,1990.784056802634,1,0,-40.79999923706055,0.4699999988079071,100,1
6967980,6965836,837,1990.784056802634,1,0,-40.79999923706055,0.4799999892711639,100,1
6969959,6967827,838,1990.784056802634,1,0,-40.34000015258789,0.4600000083446503,100,1
6971941,6969818,839,1990.784056802634,1,0,-39.90000152587891,0.449999988079071,100,1
6973875,6971809,840,1990.784056802634,1,0,-39.45000076293945,0.449999988079071,100,1
6975865,6973799,841,1990.784056802634,1,0,-39,0.4399999976158142,100,1
6977861,6975790,842,1990.784056802634,1,0,-39,0.449999988079071,100,1
6979924,6977781,843,1990.784056802634,1,0,-38.54999923706055,0.449999988079071,100,1
6981888,6979772,844,1990.784056802634,1,0,-38.09000015258789,0.4199999868869781,100,1
6983881,6981763,845,1990.784056802634,1,0,-37.65000152587891,0.449999988079071,100,1
6985890,6983753,846,1990.784056802634,1,0,-37.20000076293945,0.4699999988079071,100,1
6987849,6985744,847,1990.784056802634,1,0,-36.75,0.4600000083446503,100,1
6989842,6987735,848,1990.784056802634,1,0,-36.29999923706055,0.449999988079071,100,1
6991825,6989726,849,1990.784056802634,1,0,-35.40000152587891,0.4600000083446503,100,1
6993828,6991728,850,1990.831245442107,1,0,-34.95000076293945,0.449999988079071,100,1
6995822,6993718,851,1990.831245442107,1,0,-34.5,0.449999988079071,100,1
6997819,6995709,852,1990.831245442107,1,0,-33.59000015258789,0.4399999976158142,100,1
6999820,6997700,853,1990.831245442107,1,0,-32.70000076293945,0.4399999976158142,100,1
7001826,6999691,854,1990.831245442107,1,0,-31.79999923706055,0.449999988079071,100,1
7003817,7001682,855,1990.831245442107,1,0,-30.89999961853027,0.449999988079071,100,1
7005824,7003673,856,1990.831245442107,1,0,-30,0.449999988079071,100,1
7007825,7005663,857,1990.831245442107,1,0,-28.64999961853027,0.4600000083446503,100,1
7009849,7007654,858,1990.831245442107,1,0,-27.75,0.4699999988079071,100,1
7011840,7009645,859,1990.831245442107,1,0,-26.85000038146973,0.4699999988079071,100,1
7013930,7011636,860,1990.831245442107,1,0,-25.95000076293945,0.4399999976158142,100,1
7015772,7013627,861,1990.831245442107,1,0,-24.60000038146973,0.449999988079071,100,1
7017725,7015618,862,1990.831245442107,1,0,-23.70000076293945,0.449999988079071,100,1
7019702,7017608,863,1990.831245442107,1,0,-22.79999923706055,0.449999988079071,100,1
7021682,7019599,864,1990.831245442107,1,0,-21.89999961853027,0.4600000083446503,100,1
7023659,7021590,865,1990.831245442107,1,0,-21,0.4600000083446503,100,1
7025672,7023581,866,1990.831245442107,1,0,-19.64999961853027,0.4699999988079071,100,1
7027652,7025572,867,1990.831245442107,1,0,-18.75,0.4600000083446503,100,1
7029672,7027563,868,1990.831245442107,1,0,-17.85000038146973,0.4699999988079071,100,1
7031571,7029553,869,1990.831245442107,1,0,-16.95000076293945,0.4799999892711639,100,1
7033575,7031544,870,1990.831245442107,1,0,-15.60000038146973,0.7300000190734863,100,1
7035589,7033535,871,1990.831245442107,1,0,-14.69999980926514,1.070000052452087,100,1
7037542,7035526,872,1990.831245442107,1,0,-13.78999996185303,1.100000023841858,100,1
7039490,7037517,873,1990.831245442107,1,0,-12.89999961853027,1.110000014305115,100,1
7041485,7039508,874,1990.831245442107,1,0,-11.98999977111816,1.110000014305115,100,1
7043542,7041498,875,1990.831245442107,1,0,-10.64999961853027,1.110000014305115,100,1
7045533,7043489,876,1990.831245442107,1,0,-9.75,1.110000014305115,100,1
7047494,7045480,877,1990.831245442107,1,0,-8.840000152587891,1.080000042915344,100,1
7049541,7047471,878,1990.831245442107,1,0,-7.949999809265137,1.129999995231628,100,1
7051603,7049462,879,1990.831245442107,1,0,-6.590000152587891,1.129999995231628,100,1
7053583,7051453,880,1990.831245442107,1,0,-5.699999809265137,1.139999985694885,100,1
7055575,7053443,881,1990.831245442107,1,0,-4.800000190734863,1.149999976158142,100,1
7057579,7055434,882,1990.831245442107,1,0,-3.900000095367432,1.159999966621399,100,1
7059556,7057425,883,1990.831245442107,1,0,-3,1.169999957084656,100,1
7061542,7059416,884,1990.831245442107,1,0,-1.649999976158142,1.179999947547913,100,1
7063549,7061407,885,1990.831245442107,1,0,-0.75,1.190000057220459,100,1
7065544,7063398,886,1990.831245442107,1,0,0.1400000005960464,1.200000047683716,100,1
7067528,7065388,887,1990.831245442107,1,0,1.039999961853027,1.200000047683716,100,1
7069498,7067379,888,1990.831245442107,1,0,1.940000057220459,1.210000038146973,100,1
7071482,7069370,889,1990.831245442107,1,0,3.299999952316284,1.220000028610229,100,1
7073527,7071361,890,1990.831245442107,1,0,4.190000057220459,1.230000019073486,100,1
7075458,7073352,891,1990.831245442107,1,0,5.090000152587891,1.240000009536743,100,1
7077453,7075343,892,1990.831245442107,1,0,6,1.259999990463257,100,1
7079477,7077333,893,1990.831245442107,1,0,6.889999866485596,1.269999980926514,100,1
7081431,7079324,894,1990.831245442107,1,0,8.25,1.289999961853027,100,1
7083439,7081315,895,1990.831245442107,1,0,9.140000343322754,1.320000052452087,100,1
7085431,7083306,896,1990.831245442107,1,0,10.05000019073486,1.960000038146973,100,1
7087428,7085297,897,1990.831245442107,1,0,10.94999980926514,2.069999933242798,100,1
7089412,7087288,898,1990.831245442107,1,0,12.30000019073486,2.109999895095825,100,1
7091392,7089278,899,1990.831245442107,1,0,13.19999980926514,2.049999952316284,100,1
7093379,7091280,900,1990.868996353686,1,0,14.10000038146973,1.769999980926514,100,1
7095405,7093271,901,1990.868996353686,1,0,14.98999977111816,1.730000019073486,100,1
7097369,7095262,902,1990.868996353686,1,0,15.89999961853027,1.679999947547913,100,1
7099352,7097253,903,1990.868996353686,1,0,17.23999977111816,1.649999976158142,100,1
7101333,7099244,904,1990.868996353686,1,0,18.14999961853027,1.620000004768372,100,1
7103315,7101234,905,1990.868996353686,1,0,19.04000091552734,1.610000014305115,100,1
7105336,7103225,906,1990.868996353686,1,0,19.94000053405762,1.590000033378601,100,1
7107340,7105216,907,1990.868996353686,1,0,21.29999923706055,1.450000047683716,100,1
7109311,7107207,908,1990.868996353686,1,0,22.20000076293945,0.9700000286102295,100,1
7111348,7109198,909,1990.868996353686,1,0,23.09000015258789,0.7699999809265137,100,1
7113323,7111189,910,1990.868996353686,1,0,23.98999977111816,0.7599999904632568,100,1
7115330,7113180,911,1990.868996353686,1,0,24.88999938964844,0.7599999904632568,100,1
7117316,7115171,912,1990.868996353686,1,0,26.23999977111816,0.7599999904632568,100,1
7119293,7117161,913,1990.868996353686,1,0,27.13999938964844,0.7599999904632568,100,1
7121247,7119152,914,1990.868996353686,1,0,28.04999923706055,0.7599999904632568,100,1
7123183,7121143,915,1990.868996353686,1,0,28.95000076293945,0.7699999809265137,100,1
7125168,7123134,916,1990.868996353686,1,0,30.29999923706055,0.8100000023841858,100,1
7127149,7125125,917,1990.868996353686,1,0,31.19000053405762,1.019999980926514,100,1
7129208,7127116,918,1990.868996353686,1,0,31.63999938964844,1.070000052452087,100,1
7131151,7129107,919,1990.868996353686,1,0,32.54999923706055,1.029999971389771,100,1
7133166,7131098,920,1990.868996353686,1,0,33,1.129999995231628,100,1
7135166,7133088,921,1990.868996353686,1,0,33.43999862670898,1.110000014305115,100,1
7137154,7135079,922,1990.868996353686,1,0,33.88999938964844,1.120000004768372,100,1
7139196,7137070,923,1990.868996353686,1,0,34.34000015258789,1.120000004768372,100,1
7141121,7139061,924,1990.868996353686,1,0,34.79999923706055,1.120000004768372,100,1
7143061,7141052,925,1990.868996353686,1,0,35.25,1.120000004768372,100,1
7145049,7143043,926,1990.868996353686,1,0,35.68999862670898,1.110000014305115,100,1
7147062,7145034,927,1990.868996353686,1,0,36.13999938964844,1.110000014305115,100,1
7149709,7147024,928,1990.868996353686,1,0,36.59000015258789,1.120000004768372,100,1
7151343,7149015,929,1990.868996353686,1,0,37.04999923706055,1.090000033378601,100,1
7153045,7151006,930,1990.868996353686,1,0,37.5,1.120000004768372,100,1
7154998,7152997,931,1990.868996353686,1,0,37.93999862670898,1.110000014305115,100,1
7156980,7154988,932,1990.868996353686,1,0,37.93999862670898,1.100000023841858,100,1
7158998,7156979,933,1990.868996353686,1,0,38.38999938964844,1.110000014305115,100,1
7160952,7158970,934,1990.868996353686,1,0,38.84000015258789,1.110000014305115,100,1
7162992,7160961,935,1990.868996353686,1,0,39.29999923706055,1.100000023841858,100,1
7164997,7162951,936,1990.868996353686,1,0,39.29999923706055,1.100000023841858,100,1
7166945,7164942,937,1990.868996353686,1,0,39.75,1.100000023841858,97,1
7168896,7166933,938,1990.868996353686,1,0,40.18999862670898,1.100000023841858,100,1
7170891,7168924,939,1990.868996353686,1,0,40.18999862670898,1.100000023841858,100,1
7172875,7170915,940,1990.868996353686,1,0,40.63999938964844,1.090000033378601,100,1
7174908,7172906,941,1990.868996353686,1,0,40.63999938964844,1.090000033378601,100,1
7176891,7174897,942,1990.868996353686,1,0,41.09999847412109,1.090000033378601,100,1
7178865,7176888,943,1990.868996353686,1,0,41.54999923706055,1.080000042915344,100,1
7180877,7178878,944,1990.868996353686,1,0,41.54999923706055,1.080000042915344,100,1
7182847,7180869,945,1990.868996353686,1,0,41.9900016784668,1.070000052452087,100,1
7184838,7182860,946,1990.868996353686,1,0,41.9900016784668,1.080000042915344,100,1
7186876,7184851,947,1990.868996353686,1,0,42.43999862670898,1.080000042915344,100,1
7188831,7186842,948,1990.868996353686,1,0,42.90000152587891,1.080000042915344,100,1
7190841,7188833,949,1990.868996353686,1,0,42.90000152587891,1.080000042915344,100,1
7192833,7190825,950,1990.511197082949,1,0,43.34999847412109,1.059999942779541,100,1
7194858,7192815,951,1990.511197082949,1,0,45.75,1.070000052452087,100,1
7196834,7194806,952,1990.511197082949,1,0,45.75,1.059999942779541,100,1
7198791,7196796,953,1990.511197082949,1,0,45.75,1.070000052452087,100,1
7200771,7198787,954,1990.511197082949,1,0,45.29999923706055,1.039999961853027,100,1
7202767,7200777,955,1990.511197082949,1,0,44.84999847412109,1.059999942779541,100,1
7204761,7202768,956,1990.511197082949,1,0,44.84999847412109,1.059999942779541,100,1
7206726,7204758,957,1990.511197082949,1,0,44.40000152587891,1.070000052452087,100,1
7208856,7206749,958,1990.511197082949,1,0,44.40000152587891,1.070000052452087,100,1
7210796,7208739,959,1990.511197082949,1,0,43.95000076293945,1.070000052452087,100,1
7212768,7210730,960,1990.511197082949,1,0,43.95000076293945,1.080000042915344,100,1
7215747,7212720,961,1990.511197082949,1,0,43.5,1.080000042915344,100,1
7216769,7214711,962,1990.511197082949,1,0,43.04999923706055,1.080000042915344,100,1
7218794,7216701,963,1990.511197082949,1,0,43.04999923706055,1.090000033378601,100,1
7220776,7218692,964,1990.511197082949,1,0,42.59999847412109,1.090000033378601,100,1
7222759,7220682,965,1990.511197082949,1,0,42.15000152587891,1.090000033378601,100,1
7224787,7222673,966,1990.511197082949,1,0,42.15000152587891,1.080000042915344,100,1
7226809,7224663,967,1990.511197082949,1,0,41.70000076293945,1.090000033378601,100,1
7228702,7226654,968,1990.511197082949,1,0,41.25,1.090000033378601,100,1
7230703,7228644,969,1990.511197082949,1,0,41.25,1.090000033378601,100,1
7232724,7230635,970,1990.511197082949,1,0,40.79999923706055,1.100000023841858,100,1
7234679,7232625,971,1990.511197082949,1,0,40.34000015258789,1.100000023841858,100,1
7236697,7234616,972,1990.511197082949,1,0,39.90000152587891,1.110000014305115,100,1
7238665,7236606,973,1990.511197082949,1,0,39.90000152587891,1.120000004768372,100,1
7240672,7238597,974,1990.511197082949,1,0,39.45000076293945,1.120000004768372,100,1
7242653,7240587,975,1990.511197082949,1,0,39,1.120000004768372,100,1
7244606,7242578,976,1990.511197082949,1,0,38.54999923706055,1.120000004768372,100,1
7246610,7244568,977,1990.511197082949,1,0,38.09000015258789,1.110000014305115,100,1
7248598,7246559,978,1990.511197082949,1,0,37.65000152587891,1.110000014305115,100,1
7250586,7248549,979,1990.511197082949,1,0,37.20000076293945,1.110000014305115,100,1
7252589,7250540,980,1990.511197082949,1,0,36.75,1.120000004768372,100,1
7254623,7252530,981,1990.511197082949,1,0,36.29999923706055,1.120000004768372,100,1
7256614,7254521,982,1990.511197082949,1,0,35.84000015258789,1.120000004768372,100,1
7258559,7256511,983,1990.511197082949,1,0,35.40000152587891,1.110000014305115,100,1
7260583,7258502,984,1990.511197082949,1,0,34.5,1.100000023841858,100,1
7262573,7260492,985,1990.511197082949,1,0,34.04999923706055,1.029999971389771,100,1
7264554,7262483,986,1990.511197082949,1,0,33.13999938964844,1.059999942779541,100,1
7266545,7264473,987,1990.511197082949,1,0,32.25,1.100000023841858,100,1
7268476,7266464,988,1990.511197082949,1,0,31.35000038146973,0.9800000190734863,100,1
7270466,7268454,989,1990.511197082949,1,0,30.45000076293945,0.800000011920929,100,1
7272420,7270445,990,1990.511197082949,1,0,29.10000038146973,0.7699999809265137,100,1
7274448,7272435,991,1990.511197082949,1,0,28.20000076293945,0.7599999904632568,100,1
7276460,7274426,992,1990.511197082949,1,0,27.29999923706055,0.75,100,1
7278462,7276417,993,1990.511197082949,1,0,26.39999961853027,0.7599999904632568,100,1
7280443,7278407,994,1990.511197082949,1,0,25.5,0.7599999904632568,100,1
7282429,7280398,995,1990.511197082949,1,0,24.14999961853027,0.7699999809265137,100,1
7284409,7282388,996,1990.511197082949,1,0,23.25,654.3599853515625,0,0
7286565,7284379,997,1990.511197082949,1,0,22.35000038146973,1.450000047683716,100,1
7288589,7286369,998,1990.511197082949,1,0,21.45000076293945,1.590000033378601,100,1
7290631,7288360,999,1990.511197082949,1,0,20.10000038146973,1.590000033378601,100,1
7292643,7290379,1000,1991.648957666359,1,0,19.20000076293945,1.610000014305115,100,1
7294593,7292371,1001,1991.648957666359,1,0,18.29999923706055,1.620000004768372,100,1
7296456,7294363,1002,1991.648957666359,1,0,17.39999961853027,1.649999976158142,100,1
7298442,7296354,1003,1991.648957666359,1,0,16.5,1.690000057220459,100,1
7300533,7298346,1004,1991.648957666359,1,0,15.14999961853027,1.75,100,1
7302484,7300338,1005,1991.648957666359,1,0,14.23999977111816,1.960000038146973,100,1
7304488,7302329,1006,1991.648957666359,1,0,13.35000038146973,2.109999895095825,100,1
7306352,7304321,1007,1991.648957666359,1,0,12.44999980926514,2.059999942779541,100,1
7308355,7306313,1008,1991.648957666359,1,0,11.10000038146973,2,100,1
7310296,7308304,1009,1991.648957666359,1,0,10.19999980926514,654.3599853515625,0,0
7312342,7310296,1010,1991.648957666359,1,0,9.289999961853027,1.289999961853027,100,1
7314328,7312288,1011,1991.648957666359,1,0,8.390000343322754,1.279999971389771,100,1
7316270,7314279,1012,1991.648957666359,1,0,7.5,1.269999980926514,100,1
7318291,7316271,1013,1991.648957666359,1,0,6.139999866485596,1.25,97,1
7320227,7318262,1014,1991.648957666359,1,0,5.25,1.240000009536743,100,1
7322230,7320254,1015,1991.648957666359,1,0,4.349999904632568,1.220000028610229,100,1
7324186,7322246,1016,1991.648957666359,1,0,3.450000047683716,1.210000038146973,100,1
7326232,7324237,1017,1991.648957666359,1,0,2.089999914169312,1.210000038146973,100,1
7328201,7326229,1018,1991.648957666359,1,0,1.200000047683716,1.200000047683716,100,1
7330203,7328221,1019,1991.648957666359,1,0,0.300000011920929,1.179999947547913,100,1
7332210,7330212,1020,1991.648957666359,1,0,-0.5899999737739563,1.149999976158142,100,1
7334182,7332204,1021,1991.648957666359,1,0,-1.490000009536743,1.169999957084656,100,1
7336312,7334196,1022,1991.648957666359,1,0,-2.390000104904175,1.159999966621399,100,1
7338313,7336187,1023,1991.648957666359,1,0,-3.740000009536743,1.149999976158142,100,1
7340297,7338179,1024,1991.648957666359,1,0,-4.639999866485596,1.149999976158142,100,1
7342305,7340171,1025,1991.648957666359,1,0,-5.550000190734863,1.139999985694885,100,1
7344287,7342162,1026,1991.648957666359,1,0,-6.449999809265137,1.129999995231628,100,1
7346289,7344154,1027,1991.648957666359,1,0,-7.349999904632568,1.129999995231628,100,1
7348202,7346146,1028,1991.648957666359,1,0,-8.699999809265137,1.120000004768372,100,1
7350220,7348137,1029,1991.648957666359,1,0,-9.590000152587891,1.120000004768372,100,1
7352216,7350129,1030,1991.648957666359,1,0,-10.5,1.110000014305115,100,1
7354171,7352121,1031,1991.648957666359,1,0,-11.39999961853027,1.110000014305115,100,1
7356189,7354112,1032,1991.648957666359,1,0,-12.75,1.100000023841858,100,1
7358169,7356104,1033,1991.648957666359,1,0,-13.64999961853027,1.080000042915344,100,1
7360161,7358095,1034,1991.648957666359,1,0,-14.55000019073486,1.039999961853027,100,1
7362165,7360087,1035,1991.648957666359,1,0,-15.44999980926514,0.5799999833106995,100,1
7364147,7362079,1036,1991.648957666359,1,0,-16.79000091552734,0.4799999892711639,100,1
7366212,7364070,1037,1991.648957666359,1,0,-17.69000053405762,0.4600000083446503,100,1
7368161,7366062,1038,1991.648957666359,1,0,-18.59000015258789,0.4600000083446503,100,1
7370129,7368054,1039,1991.648957666359,1,0,-19.48999977111816,0.4600000083446503,100,1
7372132,7370045,1040,1991.648957666359,1,0,-20.38999938964844,0.4600000083446503,100,1
7374096,7372037,1041,1991.648957666359,1,0,-21.73999977111816,0.4600000083446503,100,1
7376092,7374029,1042,1991.648957666359,1,0,-22.63999938964844,0.449999988079071,100,1
7378099,7376020,1043,1991.648957666359,1,0,-23.54999923706055,0.449999988079071,100,1
7380047,7378012,1044,1991.648957666359,1,0,-24.45000076293945,0.4600000083446503,100,1
7382039,7380004,1045,1991.648957666359,1,0,-25.34000015258789,0.4600000083446503,100,1
7384012,7381995,1046,1991.648957666359,1,0,-26.70000076293945,0.4199999868869781,100,1
7386021,7383987,1047,1991.648957666359,1,0,-27.59000015258789,0.4600000083446503,100,1
7388024,7385979,1048,1991.648957666359,1,0,-28.48999977111816,0.4600000083446503,100,1
7390025,7387970,1049,1991.648957666359,1,0,-29.38999938964844,0.449999988079071,100,1
7392022,7389968,1050,1990.835166133088,1,0,-30.73999977111816,0.449999988079071,100,1
7394035,7391959,1051,1990.835166133088,1,0,-31.19000053405762,0.4399999976158142,100,1
7395999,7393950,1052,1990.835166133088,1,0,-32.09000015258789,0.449999988079071,100,1
7398019,7395940,1053,1990.835166133088,1,0,-32.54999923706055,0.449999988079071,100,1
7400027,7397931,1054,1990.835166133088,1,0,-33.43999862670898,0.4600000083446503,100,1
7401997,7399922,1055,1990.835166133088,1,0,-33.88999938964844,0.4600000083446503,100,1
7403974,7401913,1056,1990.835166133088,1,0,-34.34000015258789,0.4600000083446503,100,1
7405951,7403904,1057,1990.835166133088,1,0,-34.79999923706055,0.449999988079071,100,1
7407956,7405895,1058,1990.835166133088,1,0,-35.25,0.449999988079071,100,1
7409886,7407885,1059,1990.835166133088,1,0,-35.68999862670898,0.4600000083446503,100,1
7411848,7409876,1060,1990.835166133088,1,0,-36.13999938964844,0.4600000083446503,100,1
7413834,7411867,1061,1990.835166133088,1,0,-36.59000015258789,0.4699999988079071,100,1
7415840,7413858,1062,1990.835166133088,1,0,-37.04999923706055,0.4699999988079071,100,1
7417811,7415849,1063,1990.835166133088,1,0,-37.04999923706055,0.449999988079071,100,1
7419834,7417840,1064,1990.835166133088,1,0,-37.5,0.449999988079071,100,1
7421797,7419830,1065,1990.835166133088,1,0,-37.93999862670898,0.4399999976158142,100,1
7423797,7421821,1066,1990.835166133088,1,0,-38.38999938964844,0.4600000083446503,100,1
7425804,7423812,1067,1990.835166133088,1,0,-38.38999938964844,0.4600000083446503,100,1
7427801,7425803,1068,1990.835166133088,1,0,-38.84000015258789,0.4600000083446503,100,1
7429918,7427794,1069,1990.835166133088,1,0,-39.29999923706055,0.4699999988079071,100,1
7431925,7429785,1070,1990.835166133088,1,0,-39.75,0.4600000083446503,100,1
7433915,7431775,1071,1990.835166133088,1,0,-39.75,0.4699999988079071,100,1
7435915,7433766,1072,1990.835166133088,1,0,-40.18999862670898,0.4600000083446503,100,1
7437920,7435757,1073,1990.835166133088,1,0,-40.63999938964844,0.4699999988079071,100,1
7439833,7437748,1074,1990.835166133088,1,0,-40.63999938964844,0.4699999988079071,100,1
7441802,7439739,1075,1990.835166133088,1,0,-41.09999847412109,0.4600000083446503,100,1
7443882,7441730,1076,1990.835166133088,1,0,-41.09999847412109,0.4699999988079071,100,1
7445775,7443720,1077,1990.835166133088,1,0,-41.54999923706055,0.4699999988079071,100,1
7447786,7445711,1078,1990.835166133088,1,0,-41.9900016784668,0.4799999892711639,100,1
7449793,7447702,1079,1990.835166133088,1,0,-41.9900016784668,0.4900000095367432,100,1
7451825,7449693,1080,1990.835166133088,1,0,-42.43999862670898,0.4900000095367432,100,1
7453768,7451684,1081,1990.835166133088,1,0,-42.43999862670898,0.5,100,1
7455737,7453675,1082,1990.835166133088,1,0,-42.90000152587891,0.5,100,1
7457774,7455665,1083,1990.835166133088,1,0,-42.90000152587891,0.4900000095367432,100,1
7459743,7457656,1084,1990.835166133088,1,0,-43.34999847412109,0.5,100,1
7461737,7459647,1085,1990.835166133088,1,0,-45.75,0.5,100,1
7463705,7461638,1086,1990.835166133088,1,0,-46.20000076293945,0.449999988079071,100,1
7465723,7463629,1087,1990.835166133088,1,0,-45.75,0.5,100,1
7467700,7465620,1088,1990.835166133088,1,0,-45.75,0.5099999904632568,100,1
7469672,7467610,1089,1990.835166133088,1,0,-45.29999923706055,0.5099999904632568,100,1
7471704,7469601,1090,1990.835166133088,1,0,-44.84999847412109,0.5099999904632568,100,1
7473696,7471592,1091,1990.835166133088,1,0,-44.84999847412109,0.5099999904632568,97,1
7475683,7473583,1092,1990.835166133088,1,0,-44.40000152587891,0.5,100,1
7477668,7475574,1093,1990.835166133088,1,0,-44.40000152587891,0.5,100,1
7479655,7477565,1094,1990.835166133088,1,0,-43.95000076293945,0.4900000095367432,100,1
7481606,7479555,1095,1990.835166133088,1,0,-43.95000076293945,654.3599853515625,0,0
7483616,7481546,1096,1990.835166133088,1,0,-43.5,0.4900000095367432,100,1
7485608,7483537,1097,1990.835166133088,1,0,-43.04999923706055,0.4699999988079071,100,1
7487623,7485528,1098,1990.835166133088,1,0,-43.04999923706055,0.4699999988079071,100,1
7489590,7487519,1099,1990.835166133088,1,0,-42.59999847412109,0.4799999892711639,97,1
7491578,7489516,1100,1990.89213290647,1,0,-42.15000152587891,0.4600000083446503,100,1
7493597,7491507,1101,1990.89213290647,1,0,-42.15000152587891,0.4699999988079071,100,1
7495582,7493498,1102,1990.89213290647,1,0,-41.70000076293945,0.4699999988079071,100,1
7497566,7495489,1103,1990.89213290647,1,0,-41.25,0.4799999892711639,100,1
7499545,7497480,1104,1990.89213290647,1,0,-41.25,0.4699999988079071,100,1
7501541,7499471,1105,1990.89213290647,1,0,-40.79999923706055,0.4699999988079071,100,1
7503536,7501462,1106,1990.89213290647,1,0,-40.34000015258789,0.4399999976158142,100,1
7505486,7503453,1107,1990.89213290647,1,0,-39.90000152587891,0.4600000083446503,100,1
7507542,7505444,1108,1990.89213290647,1,0,-39.90000152587891,0.4399999976158142,100,1
7509490,7507434,1109,1990.89213290647,1,0,-39.45000076293945,0.4399999976158142,100,1
7511567,7509425,1110,1990.89213290647,1,0,-39,0.4399999976158142,100,1
7513462,7511416,1111,1990.89213290647,1,0,-38.54999923706055,0.449999988079071,100,1
7515458,7513407,1112,1990.89213290647,1,0,-38.09000015258789,0.449999988079071,100,1
7517544,7515398,1113,1990.89213290647,1,0,-37.65000152587891,0.449999988079071,100,1
7519545,7517389,1114,1990.89213290647,1,0,-37.20000076293945,0.4699999988079071,100,1
7521403,7519380,1115,1990.89213290647,1,0,-36.75,0.4699999988079071,100,1
7523375,7521371,1116,1990.89213290647,1,0,-36.29999923706055,0.4600000083446503,100,1
7525392,7523362,1117,1990.89213290647,1,0,-35.84000015258789,0.4600000083446503,100,1
7527393,7525353,1118,1990.89213290647,1,0,-35.40000152587891,0.4600000083446503,100,1
7529371,7527343,1119,1990.89213290647,1,0,-34.5,0.4600000083446503,100,1
7531389,7529334,1120,1990.89213290647,1,0,-34.04999923706055,0.449999988079071,100,1
7533367,7531325,1121,1990.89213290647,1,0,-33.13999938964844,0.449999988079071,100,1
7535372,7533316,1122,1990.89213290647,1,0,-32.25,0.4399999976158142,100,1
7537351,7535307,1123,1990.89213290647,1,0,-31.35000038146973,0.4399999976158142,100,1
7539342,7537298,1124,1990.89213290647,1,0,-30.45000076293945,0.449999988079071,100,1
7541372,7539289,1125,1990.89213290647,1,0,-29.54999923706055,0.4600000083446503,100,1
7543346,7541280,1126,1990.89213290647,1,0,-28.20000076293945,0.4600000083446503,100,1
7545333,7543271,1127,1990.89213290647,1,0,-27.29999923706055,0.4699999988079071,100,1
7547341,7545261,1128,1990.89213290647,1,0,-26.39999961853027,0.4600000083446503,100,1
7549320,7547252,1129,1990.89213290647,1,0,-25.5,0.4600000083446503,100,1
7551317,7549243,1130,1990.89213290647,1,0,-24.14999961853027,0.449999988079071,100,1
7553294,7551234,1131,1990.89213290647,1,0,-23.25,0.4600000083446503,100,1
7555272,7553225,1132,1990.89213290647,1,0,-22.35000038146973,0.4600000083446503,100,1
7557255,7555216,1133,1990.89213290647,1,0,-21.45000076293945,0.4600000083446503,100,1
7559252,7557207,1134,1990.89213290647,1,0,-20.54999923706055,0.4600000083446503,100,1
7561265,7559198,1135,1990.89213290647,1,0,-19.20000076293945,0.4699999988079071,100,1
7563251,7561189,1136,1990.89213290647,1,0,-18.29999923706055,0.4600000083446503,100,1
7565247,7563179,1137,1990.89213290647,1,0,-17.39999961853027,0.4699999988079071,100,1
7567246,7565170,1138,1990.89213290647,1,0,-16.5,0.5199999809265137,100,1
7569209,7567161,1139,1990.89213290647,1,0,-15.14999961853027,1.009999990463257,100,1
7571204,7569152,1140,1990.89213290647,1,0,-14.23999977111816,1.090000033378601,100,1
7573183,7571143,1141,1990.89213290647,1,0,-13.35000038146973,1.080000042915344,100,1
7575186,7573134,1142,1990.89213290647,1,0,-12.44999980926514,1.110000014305115,100,1
7577173,7575125,1143,1990.89213290647,1,0,-11.53999996185303,1.110000014305115,100,1
7579183,7577116,1144,1990.89213290647,1,0,-10.19999980926514,1.120000004768372,100,1
7581192,7579107,1145,1990.89213290647,1,0,-9.289999961853027,1.120000004768372,100,1
7583176,7581097,1146,1990.89213290647,1,0,-8.390000343322754,1.129999995231628,100,1
7585207,7583088,1147,1990.89213290647,1,0,-7.5,1.129999995231628,100,1
7587171,7585079,1148,1990.89213290647,1,0,-6.139999866485596,1.129999995231628,100,1
7589176,7587070,1149,1990.89213290647,1,0,-5.25,1.149999976158142,100,1
7591078,7589063,1150,1990.713706325176,1,0,-4.349999904632568,1.149999976158142,100,1
7593064,7591053,1151,1990.713706325176,1,0,-3.450000047683716,1.149999976158142,100,1
7595038,7593044,1152,1990.713706325176,1,0,-2.549999952316284,1.169999957084656,100,1
7597081,7595035,1153,1990.713706325176,1,0,-1.200000047683716,1.169999957084656,100,1
7599014,7597026,1154,1990.713706325176,1,0,-0.300000011920929,1.190000057220459,100,1
7601044,7599016,1155,1990.713706325176,1,0,0.5899999737739563,1.190000057220459,100,1
7603078,7601007,1156,1990.713706325176,1,0,1.490000009536743,1.210000038146973,100,1
7605068,7602998,1157,1990.713706325176,1,0,2.390000104904175,1.210000038146973,100,1
7607056,7604988,1158,1990.713706325176,1,0,3.740000009536743,1.220000028610229,100,1
7609025,7606979,1159,1990.713706325176,1,0,4.639999866485596,1.240000009536743,100,1
7611043,7608970,1160,1990.713706325176,1,0,5.550000190734863,1.25,100,1
7613066,7610961,1161,1990.713706325176,1,0,6.449999809265137,1.259999990463257,100,1
7615045,7612951,1162,1990.713706325176,1,0,7.349999904632568,1.279999971389771,100,1
7617019,7614942,1163,1990.713706325176,1,0,8.699999809265137,1.289999961853027,100,1
7618984,7616933,1164,1990.713706325176,1,0,9.590000152587891,1.549999952316284,100,1
7621035,7618923,1165,1990.713706325176,1,0,10.5,2.049999952316284,100,1
7622983,7620914,1166,1990.713706325176,1,0,11.39999961853027,2.079999923706055,100,1
7624958,7622905,1167,1990.713706325176,1,0,12.75,2.119999885559082,100,1
7626955,7624896,1168,1990.713706325176,1,0,13.64999961853027,1.889999985694885,100,1
7628938,7626886,1169,1990.713706325176,1,0,14.55000019073486,1.75,100,1
7630932,7628877,1170,1990.713706325176,1,0,15.44999980926514,1.710000038146973,100,1
7632926,7630868,1171,1990.713706325176,1,0,16.34000015258789,1.669999957084656,100,1
7634902,7632858,1172,1990.713706325176,1,0,17.69000053405762,1.629999995231628,100,1
7636902,7634849,1173,1990.713706325176,1,0,18.59000015258789,1.610000014305115,100,1
7638905,7636840,1174,1990.713706325176,1,0,19.48999977111816,1.600000023841858,100,1
7640913,7638831,1175,1990.713706325176,1,0,20.38999938964844,1.570000052452087,100,1
7642904,7640821,1176,1990.713706325176,1,0,21.29999923706055,1.269999980926514,100,1
7644914,7642812,1177,1990.713706325176,1,0,22.63999938964844,0.800000011920929,100,1
7646905,7644803,1178,1990.713706325176,1,0,23.54999923706055,0.7699999809265137,100,1
7648929,7646793,1179,1990.713706325176,1,0,24.45000076293945,0.7599999904632568,100,1
7650824,7648784,1180,1990.713706325176,1,0,25.34000015258789,0.75,100,1
7652861,7650775,1181,1990.713706325176,1,0,26.70000076293945,0.7599999904632568,100,1
7654847,7652766,1182,1990.713706325176,1,0,27.59000015258789,0.7599999904632568,100,1
7656832,7654756,1183,1990.713706325176,1,0,28.48999977111816,0.7599999904632568,100,1
7658829,7656747,1184,1990.713706325176,1,0,29.38999938964844,0.7799999713897705,100,1
7660860,7658738,1185,1990.713706325176,1,0,30.29999923706055,0.8700000047683716,100,1
7662801,7660728,1186,1990.713706325176,1,0,31.19000053405762,1.100000023841858,100,1
7664800,7662719,1187,1990.713706325176,1,0,32.09000015258789,1.049999952316284,100,1
7666765,7664710,1188,1990.713706325176,1,0,32.54999923706055,1.070000052452087,100,1
7668749,7666701,1189,1990.713706325176,1,0,33.43999862670898,1.110000014305115,100,1
7670742,7668691,1190,1990.713706325176,1,0,33.88999938964844,1.120000004768372,100,1
7672744,7670682,1191,1990.713706325176,1,0,34.34000015258789,1.120000004768372,100,1
7674746,7672673,1192,1990.713706325176,1,0,34.79999923706055,1.120000004768372,100,1
7676748,7674663,1193,1990.713706325176,1,0,35.25,1.120000004768372,100,1
7678743,7676654,1194,1990.713706325176,1,0,35.68999862670898,1.110000014305115,100,1
7680737,7678645,1195,1990.713706325176,1,0,36.13999938964844,1.120000004768372,100,1
7682734,7680636,1196,1990.713706325176,1,0,36.59000015258789,1.120000004768372,100,1
7684722,7682626,1197,1990.713706325176,1,0,37.04999923706055,1.120000004768372,100,1
7686720,7684617,1198,1990.713706325176,1,0,37.04999923706055,1.120000004768372,100,1
7688741,7686608,1199,1990.713706325176,1,0,37.5,1.120000004768372,100,1
7690702,7688609,1200,1991.066965060141,1,0,37.93999862670898,1.110000014305115,100,1
7692695,7690600,1201,1991.066965060141,1,0,38.38999938964844,1.110000014305115,100,1
7694661,7692591,1202,1991.066965060141,1,0,38.38999938964844,1.100000023841858,100,1
7696659,7694582,1203,1991.066965060141,1,0,38.84000015258789,1.100000023841858,100,1
7698646,7696573,1204,1991.066965060141,1,0,39.29999923706055,1.110000014305115,100,1
7700641,7698564,1205,1991.066965060141,1,0,39.75,1.100000023841858,100,1
7702635,7700555,1206,1991.066965060141,1,0,39.75,1.100000023841858,100,1
7704612,7702546,1207,1991.066965060141,1,0,40.18999862670898,1.100000023841858,100,1
7706598,7704537,1208,1991.066965060141,1,0,40.18999862670898,1.090000033378601,100,1
7708622,7706528,1209,1991.066965060141,1,0,40.63999938964844,1.090000033378601,100,1
7710597,7708519,1210,1991.066965060141,1,0,41.09999847412109,1.090000033378601,100,1
7712587,7710511,1211,1991.066965060141,1,0,41.09999847412109,1.080000042915344,100,1
7714598,7712502,1212,1991.066965060141,1,0,41.54999923706055,1.080000042915344,100,1
7716574,7714493,1213,1991.066965060141,1,0,41.9900016784668,1.080000042915344,100,1
7718547,7716484,1214,1991.066965060141,1,0,41.9900016784668,1.080000042915344,100,1
7720543,7718475,1215,1991.066965060141,1,0,42.43999862670898,1.070000052452087,100,1
7722491,7720466,1216,1991.066965060141,1,0,42.43999862670898,1.070000052452087,100,1
7724545,7722457,1217,1991.066965060141,1,0,42.90000152587891,1.070000052452087,100,1
7726497,7724448,1218,1991.066965060141,1,0,42.90000152587891,1.070000052452087,100,1
7728488,7726439,1219,1991.066965060141,1,0,43.34999847412109,1.070000052452087,100,1
7730496,7728430,1220,1991.066965060141,1,0,45.75,1.059999942779541,100,1
7732459,7730421,1221,1991.066965060141,1,0,45.75,1.070000052452087,100,1
7734451,7732412,1222,1991.066965060141,1,0,45.29999923706055,1.070000052452087,100,1
7736422,7734403,1223,1991.066965060141,1,0,45.29999923706055,1.059999942779541,100,1
7738429,7736394,1224,1991.066965060141,1,0,44.84999847412109,1.059999942779541,100,1
7740430,7738385,1225,1991.066965060141,1,0,44.84999847412109,1.070000052452087,100,1
7742413,7740377,1226,1991.066965060141,1,0,44.40000152587891,1.070000052452087,100,1
7744411,7742368,1227,1991.066965060141,1,0,44.40000152587891,1.080000042915344,100,1
7746423,7744359,1228,1991.066965060141,1,0,43.95000076293945,1.070000052452087,100,1
7748394,7746350,1229,1991.066965060141,1,0,43.5,1.070000052452087,100,1
7750377,7748341,1230,1991.066965060141,1,0,43.5,1.080000042915344,100,1
7752379,7750332,1231,1991.066965060141,1,0,43.04999923706055,1.080000042915344,100,1
7754387,7752323,1232,1991.066965060141,1,0,42.59999847412109,1.080000042915344,100,1
7756410,7754314,1233,1991.066965060141,1,0,42.59999847412109,1.090000033378601,100,1
7758386,7756305,1234,1991.066965060141,1,0,42.15000152587891,1.090000033378601,100,1
7760373,7758296,1235,1991.066965060141,1,0,42.15000152587891,1.090000033378601,100,1
7762371,7760287,1236,1991.066965060141,1,0,41.70000076293945,1.090000033378601,100,1
7764294,7762278,1237,1991.066965060141,1,0,41.25,1.100000023841858,100,1
7766307,7764269,1238,1991.066965060141,1,0,40.79999923706055,1.100000023841858,100,1
7768304,7766260,1239,1991.066965060141,1,0,40.79999923706055,1.100000023841858,100,1
7770285,7768251,1240,1991.066965060141,1,0,40.34000015258789,1.100000023841858,100,1
7772298,7770243,1241,1991.066965060141,1,0,39.90000152587891,1.100000023841858,100,1
7774269,7772234,1242,1991.066965060141,1,0,39.45000076293945,1.120000004768372,100,1
7776251,7774225,1243,1991.066965060141,1,0,39,1.120000004768372,100,1
7778265,7776216,1244,1991.066965060141,1,0,39,1.120000004768372,100,1
7780249,7778207,1245,1991.066965060141,1,0,38.54999923706055,1.120000004768372,100,1
7782236,7780198,1246,1991.066965060141,1,0,38.09000015258789,1.110000014305115,100,1
7784242,7782189,1247,1991.066965060141,1,0,37.65000152587891,1.120000004768372,100,1
7786207,7784180,1248,1991.066965060141,1,0,37.20000076293945,1.110000014305115,100,1
7788208,7786171,1249,1991.066965060141,1,0,36.75,1.120000004768372,100,1
7790179,7788164,1250,1990.761572048113,1,0,36.29999923706055,1.120000004768372,100,1
7792200,7790155,1251,1990.761572048113,1,0,35.40000152587891,1.120000004768372,100,1
7794184,7792145,1252,1990.761572048113,1,0,34.95000076293945,1.120000004768372,100,1
7796186,7794136,1253,1990.761572048113,1,0,34.5,1.049999952316284,100,1
7798174,7796127,1254,1990.761572048113,1,0,33.59000015258789,1.029999971389771,100,1
7800146,7798118,1255,1990.761572048113,1,0,32.70000076293945,1.080000042915344,100,1
7802153,7800108,1256,1990.761572048113,1,0,31.79999923706055,1.090000033378601,100,1
7804127,7802099,1257,1990.761572048113,1,0,30.89999961853027,0.8799999952316284,100,1
7806127,7804090,1258,1990.761572048113,1,0,30,0.7900000214576721,100,1
7808125,7806081,1259,1990.761572048113,1,0,29.10000038146973,0.7699999809265137,100,1
7810105,7808071,1260,1990.761572048113,1,0,27.75,0.7599999904632568,100,1
7812101,7810062,1261,1990.761572048113,1,0,26.85000038146973,0.7599999904632568,100,1
7814067,7812053,1262,1990.761572048113,1,0,25.95000076293945,0.7599999904632568,100,1
7816099,7814044,1263,1990.761572048113,1,0,25.04999923706055,0.7599999904632568,100,1
7818097,7816034,1264,1990.761572048113,1,0,23.70000076293945,0.7900000214576721,100,1
7820085,7818025,1265,1990.761572048113,1,0,22.79999923706055,1.220000028610229,100,1
7822056,7820016,1266,1990.761572048113,1,0,21.89999961853027,1.549999952316284,100,1
7824051,7822007,1267,1990.761572048113,1,0,21,1.590000033378601,100,1
7826124,7823998,1268,1990.761572048113,1,0,20.10000038146973,1.600000023841858,100,1
7828074,7825988,1269,1990.761572048113,1,0,18.75,1.610000014305115,100,1
7830052,7827979,1270,1990.761572048113,1,0,17.85000038146973,1.629999995231628,100,1
7832049,7829970,1271,1990.761572048113,1,0,16.95000076293945,1.669999957084656,100,1
7834090,7831961,1272,1990.761572048113,1,0,16.04000091552734,1.720000028610229,100,1
7836000,7833951,1273,1990.761572048113,1,0,14.69999980926514,1.779999971389771,100,1
7838001,7835942,1274,1990.761572048113,1,0,13.78999996185303,2.099999904632568,100,1
7840013,7837933,1275,1990.761572048113,1,0,12.89999961853027,2.089999914169312,100,1
7841980,7839924,1276,1990.761572048113,1,0,11.98999977111816,2.049999952316284,100,1
7843949,7841914,1277,1990.761572048113,1,0,11.10000038146973,654.3599853515625,0,0
7845995,7843905,1278,1990.761572048113,1,0,9.75,1.299999952316284,100,1
7847971,7845896,1279,1990.761572048113,1,0,8.840000152587891,1.279999971389771,100,1
7849968,7847887,1280,1990.761572048113,1,0,7.949999809265137,1.269999980926514,100,1
7852011,7849877,1281,1990.761572048113,1,0,7.050000190734863,1.259999990463257,100,1
7853978,7851868,1282,1990.761572048113,1,0,5.699999809265137,1.25,100,1
7855964,7853859,1283,1990.761572048113,1,0,4.800000190734863,1.230000019073486,100,1
7857948,7855850,1284,1990.761572048113,1,0,3.900000095367432,1.220000028610229,100,1
7859939,7857840,1285,1990.761572048113,1,0,3,1.210000038146973,100,1
7861848,7859831,1286,1990.761572048113,1,0,2.089999914169312,1.200000047683716,100,1
7863933,7861822,1287,1990.761572048113,1,0,1.200000047683716,1.179999947547913,100,1
7865849,7863813,1288,1990.761572048113,1,0,-0.1400000005960464,1.139999985694885,100,1
7867819,7865804,1289,1990.761572048113,1,0,-1.039999961853027,1.169999957084656,100,1
7869838,7867794,1290,1990.761572048113,1,0,-1.940000057220459,1.159999966621399,100,1
7871836,7869785,1291,1990.761572048113,1,0,-2.839999914169312,1.159999966621399,100,1
7873818,7871776,1292,1990.761572048113,1,0,-4.190000057220459,1.149999976158142,100,1
7875844,7873767,1293,1990.761572048113,1,0,-5.090000152587891,1.149999976158142,100,1
7877824,7875757,1294,1990.761572048113,1,0,-6,1.139999985694885,100,1
7879825,7877748,1295,1990.761572048113,1,0,-6.889999866485596,1.129999995231628,100,1
7881824,7879739,1296,1990.761572048113,1,0,-7.800000190734863,1.129999995231628,100,1
7883797,7881730,1297,1990.761572048113,1,0,-9.140000343322754,1.120000004768372,100,1
7885765,7883720,1298,1990.761572048113,1,0,-10.05000019073486,1.120000004768372,100,1
7887770,7885711,1299,1990.761572048113,1,0,-10.94999980926514,1.110000014305115,100,1
7889745,7887706,1300,1990.87325763849,1,0,-11.85000038146973,1.110000014305115,100,1
7891746,7889697,1301,1990.87325763849,1,0,-13.19999980926514,1.090000033378601,100,1
7893743,7891688,1302,1990.87325763849,1,0,-14.10000038146973,1.070000052452087,100,1
7895722,7893679,1303,1990.87325763849,1,0,-14.98999977111816,0.8199999928474426,100,1
7897726,7895670,1304,1990.87325763849,1,0,-15.89999961853027,0.4900000095367432,100,1
7899696,7897661,1305,1990.87325763849,1,0,-16.79000091552734,0.4699999988079071,100,1
7901699,7899651,1306,1990.87325763849,1,0,-18.14999961853027,0.4699999988079071,100,1
7903706,7901642,1307,1990.87325763849,1,0,-19.04000091552734,0.4699999988079071,100,1
7905692,7903633,1308,1990.87325763849,1,0,-19.94000053405762,0.4600000083446503,100,1
7907705,7905624,1309,1990.87325763849,1,0,-20.84000015258789,0.4600000083446503,100,1
7909663,7907615,1310,1990.87325763849,1,0,-22.20000076293945,0.4600000083446503,100,1
7911674,7909606,1311,1990.87325763849,1,0,-23.09000015258789,0.449999988079071,100,1
7913709,7911597,1312,1990.87325763849,1,0,-23.98999977111816,0.449999988079071,100,1
7915639,7913588,1313,1990.87325763849,1,0,-24.88999938964844,0.4199999868869781,100,1
7917648,7915578,1314,1990.87325763849,1,0,-25.79999923706055,0.4600000083446503,100,1
7919652,7917569,1315,1990.87325763849,1,0,-27.13999938964844,0.4699999988079071,100,1
7921622,7919560,1316,1990.87325763849,1,0,-28.04999923706055,0.4600000083446503,100,1
7923622,7921551,1317,1990.87325763849,1,0,-28.95000076293945,0.4600000083446503,100,1
7925597,7923542,1318,1990.87325763849,1,0,-29.84000015258789,0.449999988079071,100,1
7927594,7925533,1319,1990.87325763849,1,0,-30.73999977111816,0.449999988079071,100,1
7929611,7927524,1320,1990.87325763849,1,0,-31.63999938964844,0.4399999976158142,100,1
7931588,7929515,1321,1990.87325763849,1,0,-32.54999923706055,0.4399999976158142,100,1
7933603,7931505,1322,1990.87325763849,1,0,-33,0.449999988079071,100,1
7935573,7933496,1323,1990.87325763849,1,0,-33.43999862670898,0.4600000083446503,100,1
7937567,7935487,1324,1990.87325763849,1,0,-33.88999938964844,0.449999988079071,100,1
7939553,7937478,1325,1990.87325763849,1,0,-34.34000015258789,0.449999988079071,100,1
7941572,7939469,1326,1990.87325763849,1,0,-34.79999923706055,0.449999988079071,100,1
7943545,7941460,1327,1990.87325763849,1,0,-35.25,0.449999988079071,100,1
7945527,7943451,1328,1990.87325763849,1,0,-35.68999862670898,0.4600000083446503,100,1
7947530,7945442,1329,1990.87325763849,1,0,-36.13999938964844,0.4699999988079071,100,1
7949475,7947432,1330,1990.87325763849,1,0,-36.59000015258789,0.4699999988079071,100,1
7951477,7949423,1331,1990.87325763849,1,0,-37.04999923706055,0.4600000083446503,100,1
7953483,7951414,1332,1990.87325763849,1,0,-37.5,0.449999988079071,100,1
7955444,7953405,1333,1990.87325763849,1,0,-37.93999862670898,0.449999988079071,100,1
7957473,7955396,1334,1990.87325763849,1,0,-37.93999862670898,0.449999988079071,100,1
7959428,7957387,1335,1990.87325763849,1,0,-38.38999938964844,0.449999988079071,100,1
7961423,7959378,1336,1990.87325763849,1,0,-38.84000015258789,0.4699999988079071,100,1
7963564,7961369,1337,1990.87325763849,1,0,-38.84000015258789,0.4699999988079071,100,1
7965425,7963359,1338,1990.87325763849,1,0,-39.29999923706055,0.4699999988079071,100,1
7967419,7965350,1339,1990.87325763849,1,0,-39.75,0.4600000083446503,100,1
7969406,7967341,1340,1990.87325763849,1,0,-40.18999862670898,0.4699999988079071,100,1
7971403,7969332,1341,1990.87325763849,1,0,-40.18999862670898,0.4699999988079071,100,1
7973370,7971323,1342,1990.87325763849,1,0,-40.63999938964844,0.4699999988079071,100,1
7975388,7973314,1343,1990.87325763849,1,0,-40.63999938964844,0.4699999988079071,100,1
7977399,7975305,1344,1990.87325763849,1,0,-41.09999847412109,0.4799999892711639,100,1
7979357,7977296,1345,1990.87325763849,1,0,-41.54999923706055,0.4699999988079071,100,1
7981359,7979286,1346,1990.87325763849,1,0,-41.54999923706055,0.4699999988079071,100,1
7983322,7981277,1347,1990.87325763849,1,0,-41.9900016784668,0.4900000095367432,100,1
7985348,7983268,1348,1990.87325763849,1,0,-41.9900016784668,0.4900000095367432,100,1
7987338,7985259,1349,1990.87325763849,1,0,-42.43999862670898,0.5,100,1
7989286,7987253,1350,1990.862606110793,1,0,-42.43999862670898,0.4900000095367432,100,1
7991299,7989244,1351,1990.862606110793,1,0,-42.90000152587891,0.4900000095367432,100,1
7993302,7991235,1352,1990.862606110793,1,0,-43.34999847412109,0.5,100,1
7995265,7993226,1353,1990.862606110793,1,0,-45.75,0.5,100,1
7997281,7995217,1354,1990.862606110793,1,0,-46.20000076293945,0.5,100,1
7999268,7997208,1355,1990.862606110793,1,0,-45.75,0.5,100,1
8001247,7999199,1356,1990.862606110793,1,0,-45.75,0.5,100,1
8003244,8001190,1357,1990.862606110793,1,0,-45.29999923706055,0.5099999904632568,100,1
8005237,8003180,1358,1990.862606110793,1,0,-45.29999923706055,0.5099999904632568,100,1
8007217,8005171,1359,1990.862606110793,1,0,-44.84999847412109,0.5099999904632568,100,1
8009266,8007162,1360,1990.862606110793,1,0,-44.84999847412109,0.5099999904632568,100,1
8011252,8009153,1361,1990.862606110793,1,0,-44.40000152587891,0.5,100,1
8013248,8011144,1362,1990.862606110793,1,0,-44.40000152587891,0.5,100,1
8015260,8013135,1363,1990.862606110793,1,0,-43.95000076293945,0.5,100,1
8017216,8015126,1364,1990.862606110793,1,0,-43.5,0.4699999988079071,100,1
8019209,8017116,1365,1990.862606110793,1,0,-43.5,0.4699999988079071,100,1
8021165,8019107,1366,1990.862606110793,1,0,-43.04999923706055,0.4799999892711639,100,1
8023145,8021098,1367,1990.862606110793,1,0,-42.59999847412109,0.4699999988079071,100,1
8025121,8023089,1368,1990.862606110793,1,0,-42.59999847412109,0.4600000083446503,100,1
8027114,8025080,1369,1990.862606110793,1,0,-42.15000152587891,0.4699999988079071,100,1
8029139,8027071,1370,1990.862606110793,1,0,-42.15000152587891,0.4699999988079071,100,1
8031109,8029062,1371,1990.862606110793,1,0,-41.70000076293945,0.4699999988079071,100,1
8033187,8031052,1372,1990.862606110793,1,0,-41.25,0.4699999988079071,100,1
8035110,8033043,1373,1990.862606110793,1,0,-40.79999923706055,0.4600000083446503,100,1
8037132,8035034,1374,1990.862606110793,1,0,-40.79999923706055,0.4600000083446503,100,1
8039033,8037025,1375,1990.862606110793,1,0,-40.34000015258789,0.4600000083446503,100,1
8041066,8039016,1376,1990.862606110793,1,0,-39.90000152587891,0.4399999976158142,97,1
8043081,8041007,1377,1990.862606110793,1,0,-39.45000076293945,0.4399999976158142,100,1
8045034,8042998,1378,1990.862606110793,1,0,-39,0.4399999976158142,100,1
8047016,8044989,1379,1990.862606110793,1,0,-39,0.449999988079071,100,1
8049074,8046979,1380,1990.862606110793,1,0,-38.54999923706055,0.449999988079071,100,1
8051053,8048970,1381,1990.862606110793,1,0,-38.09000015258789,0.4399999976158142,100,1
8053040,8050961,1382,1990.862606110793,1,0,-37.65000152587891,0.449999988079071,100,1
8055052,8052952,1383,1990.862606110793,1,0,-37.20000076293945,0.4699999988079071,100,1
8057065,8054943,1384,1990.862606110793,1,0,-36.75,0.4399999976158142,100,1
8059024,8056934,1385,1990.862606110793,1,0,-36.29999923706055,0.449999988079071,100,1
8060985,8058925,1386,1990.862606110793,1,0,-35.40000152587891,0.4600000083446503,100,1
8062972,8060915,1387,1990.862606110793,1,0,-34.95000076293945,0.449999988079071,100,1
8064960,8062906,1388,1990.862606110793,1,0,-34.5,0.449999988079071,100,1
8066970,8064897,1389,1990.862606110793,1,0,-33.59000015258789,0.4399999976158142,100,1
8068967,8066888,1390,1990.862606110793,1,0,-32.70000076293945,0.4399999976158142,100,1
8071016,8068879,1391,1990.862606110793,1,0,-31.79999923706055,0.449999988079071,100,1
8072966,8070870,1392,1990.862606110793,1,0,-30.89999961853027,0.449999988079071,100,1
8074977,8072861,1393,1990.862606110793,1,0,-30,0.449999988079071,100,1
8076978,8074851,1394,1990.862606110793,1,0,-29.10000038146973,0.4600000083446503,100,1
8078976,8076842,1395,1990.862606110793,1,0,-27.75,0.4600000083446503,100,1
8080915,8078833,1396,1990.862606110793,1,0,-26.85000038146973,0.4600000083446503,100,1
8082898,8080824,1397,1990.862606110793,1,0,-25.95000076293945,0.4600000083446503,100,1
8084893,8082815,1398,1990.862606110793,1,0,-25.04999923706055,0.4399999976158142,100,1
8086885,8084806,1399,1990.862606110793,1,0,-23.70000076293945,0.449999988079071,100,1
8088911,8086808,1400,1991.190084888634,1,0,-22.79999923706055,0.449999988079071,100,1
8090854,8088799,1401,1991.190084888634,1,0,-21.89999961853027,0.4600000083446503,100,1
8092845,8090790,1402,1991.190084888634,1,0,-21,0.4600000083446503,100,1
8094860,8092782,1403,1991.190084888634,1,0,-20.10000038146973,0.4600000083446503,100,1
8096853,8094773,1404,1991.190084888634,1,0,-18.75,0.4699999988079071,100,1
8098829,8096764,1405,1991.190084888634,1,0,-17.85000038146973,0.4699999988079071,100,1
8100804,8098755,1406,1991.190084888634,1,0,-16.95000076293945,0.4699999988079071,100,1
8102783,8100746,1407,1991.190084888634,1,0,-16.04000091552734,0.6700000166893005,100,1
8104769,8102738,1408,1991.190084888634,1,0,-14.69999980926514,1.059999942779541,100,1
8106766,8104729,1409,1991.190084888634,1,0,-13.78999996185303,1.090000033378601,100,1
8108779,8106720,1410,1991.190084888634,1,0,-12.89999961853027,1.110000014305115,100,1
8110753,8108711,1411,1991.190084888634,1,0,-11.98999977111816,1.110000014305115,100,1
8112790,8110702,1412,1991.190084888634,1,0,-11.10000038146973,1.120000004768372,100,1
8114809,8112694,1413,1991.190084888634,1,0,-9.75,1.120000004768372,100,1
8116771,8114685,1414,1991.190084888634,1,0,-8.840000152587891,1.129999995231628,100,1
8118761,8116676,1415,1991.190084888634,1,0,-7.949999809265137,1.129999995231628,100,1
8120748,8118667,1416,1991.190084888634,1,0,-7.050000190734863,1.139999985694885,100,1
8122775,8120658,1417,1991.190084888634,1,0,-5.699999809265137,1.129999995231628,100,1
8124715,8122649,1418,1991.190084888634,1,0,-4.800000190734863,1.149999976158142,100,1
8126699,8124641,1419,1991.190084888634,1,0,-3.900000095367432,1.159999966621399,100,1
8128698,8126632,1420,1991.190084888634,1,0,-3,1.159999966621399,100,1
8130672,8128623,1421,1991.190084888634,1,0,-2.089999914169312,1.169999957084656,100,1
8132656,8130614,1422,1991.190084888634,1,0,-1.200000047683716,1.190000057220459,100,1
8134638,8132605,1423,1991.190084888634,1,0,0.1400000005960464,1.190000057220459,100,1
8136620,8134597,1424,1991.190084888634,1,0,1.039999961853027,1.200000047683716,100,1
8138614,8136588,1425,1991.190084888634,1,0,1.940000057220459,1.210000038146973,100,1
8140638,8138579,1426,1991.190084888634,1,0,2.839999914169312,1.220000028610229,100,1
8142634,8140570,1427,1991.190084888634,1,0,4.190000057220459,1.230000019073486,100,1
8144655,8142561,1428,1991.190084888634,1,0,5.090000152587891,1.240000009536743,100,1
8146633,8144553,1429,1991.190084888634,1,0,6,1.25,100,1
8148631,8146544,1430,1991.190084888634,1,0,6.889999866485596,1.279999971389771,100,1
8150608,8148535,1431,1991.190084888634,1,0,7.800000190734863,1.279999971389771,100,1
8152597,8150526,1432,1991.190084888634,1,0,9.140000343322754,1.320000052452087,100,1
8154655,8152517,1433,1991.190084888634,1,0,10.05000019073486,1.889999985694885,100,1
8156578,8154509,1434,1991.190084888634,1,0,10.94999980926514,2.059999942779541,100,1
8158602,8156500,1435,1991.190084888634,1,0,11.85000038146973,2.099999904632568,100,1
8160581,8158491,1436,1991.190084888634,1,0,13.19999980926514,2.069999933242798,100,1
8162607,8160482,1437,1991.190084888634,1,0,14.10000038146973,1.779999971389771,100,1
8164543,8162473,1438,1991.190084888634,1,0,14.98999977111816,1.730000019073486,100,1
8166569,8164464,1439,1991.190084888634,1,0,15.89999961853027,1.690000057220459,100,1
8168479,8166456,1440,1991.190084888634,1,0,16.79000091552734,1.649999976158142,100,1
8170502,8168447,1441,1991.190084888634,1,0,18.14999961853027,1.620000004768372,100,1
8172465,8170438,1442,1991.190084888634,1,0,19.04000091552734,1.600000023841858,100,1
8174468,8172429,1443,1991.190084888634,1,0,19.94000053405762,1.590000033378601,100,1
8176450,8174420,1444,1991.190084888634,1,0,20.84000015258789,1.5,100,1
8178384,8176412,1445,1991.190084888634,1,0,22.20000076293945,654.3599853515625,0,0
8180404,8178403,1446,1991.190084888634,1,0,23.09000015258789,0.7699999809265137,100,1
8182428,8180394,1447,1991.190084888634,1,0,23.98999977111816,0.7599999904632568,100,1
8184403,8182385,1448,1991.190084888634,1,0,24.88999938964844,0.75,100,1
8186388,8184376,1449,1991.190084888634,1,0,25.79999923706055,0.7599999904632568,100,1
8188397,8186371,1450,1990.896067910907,1,0,27.13999938964844,0.7599999904632568,100,1
8190431,8188361,1451,1990.896067910907,1,0,28.04999923706055,0.7599999904632568,100,1
8192428,8190352,1452,1990.896067910907,1,0,28.95000076293945,0.7699999809265137,100,1
8194431,8192343,1453,1990.896067910907,1,0,29.84000015258789,0.7900000214576721,100,1
8196476,8194334,1454,1990.896067910907,1,0,30.73999977111816,0.9900000095367432,100,1
8198431,8196325,1455,1990.896067910907,1,0,31.63999938964844,1.080000042915344,100,1
8200415,8198316,1456,1990.896067910907,1,0,32.54999923706055,1.029999971389771,100,1
8202323,8200307,1457,1990.896067910907,1,0,33,1.120000004768372,100,1
8204291,8202298,1458,1990.896067910907,1,0,33.43999862670898,1.120000004768372,100,1
8206283,8204289,1459,1990.896067910907,1,0,33.88999938964844,1.120000004768372,100,1
8208267,8206279,1460,1990.896067910907,1,0,34.34000015258789,1.120000004768372,100,1
8210269,8208270,1461,1990.896067910907,1,0,34.79999923706055,1.120000004768372,100,1
8212301,8210261,1462,1990.896067910907,1,0,35.25,1.120000004768372,100,1
8214269,8212252,1463,1990.896067910907,1,0,35.68999862670898,1.110000014305115,100,1
8216258,8214243,1464,1990.896067910907,1,0,36.13999938964844,1.110000014305115,100,1
8218287,8216234,1465,1990.896067910907,1,0,36.59000015258789,1.120000004768372,100,1
8220286,8218225,1466,1990.896067910907,1,0,37.04999923706055,1.120000004768372,100,1
8222261,8220216,1467,1990.896067910907,1,0,37.5,1.129999995231628,100,1
8224248,8222207,1468,1990.896067910907,1,0,37.93999862670898,1.110000014305115,100,1
8226242,8224198,1469,1990.896067910907,1,0,37.93999862670898,1.100000023841858,100,1
8228210,8226188,1470,1990.896067910907,1,0,38.38999938964844,1.100000023841858,100,1
8230274,8228179,1471,1990.896067910907,1,0,38.84000015258789,1.100000023841858,97,1
8232186,8230170,1472,1990.896067910907,1,0,38.84000015258789,1.100000023841858,100,1
8234171,8232161,1473,1990.896067910907,1,0,39.29999923706055,1.100000023841858,100,1
8236216,8234152,1474,1990.896067910907,1,0,39.75,1.100000023841858,100,1
8238246,8236143,1475,1990.896067910907,1,0,39.75,1.100000023841858,100,1
8240183,8238134,1476,1990.896067910907,1,0,40.18999862670898,1.090000033378601,100,1
8242184,8240125,1477,1990.896067910907,1,0,40.63999938964844,1.090000033378601,100,1
8244175,8242116,1478,1990.896067910907,1,0,40.63999938964844,1.090000033378601,100,1
8246164,8244106,1479,1990.896067910907,1,0,41.09999847412109,1.090000033378601,100,1
8248149,8246097,1480,1990.896067910907,1,0,41.54999923706055,1.080000042915344,100,1
8250210,8248088,1481,1990.896067910907,1,0,41.54999923706055,1.080000042915344,100,1
8252129,8250079,1482,1990.896067910907,1,0,41.9900016784668,1.080000042915344,100,1
8254155,8252070,1483,1990.896067910907,1,0,41.9900016784668,1.070000052452087,100,1
8256113,8254061,1484,1990.896067910907,1,0,42.43999862670898,1.070000052452087,100,1
8258077,8256052,1485,1990.896067910907,1,0,42.43999862670898,1.070000052452087,100,1
8260067,8258043,1486,1990.896067910907,1,0,42.90000152587891,1.070000052452087,100,1
8262048,8260034,1487,1990.896067910907,1,0,43.34999847412109,1.070000052452087,100,1
8264051,8262025,1488,1990.896067910907,1,0,45.75,1.070000052452087,100,1
8266051,8264015,1489,1990.896067910907,1,0,45.75,1.070000052452087,100,1
8268014,8266006,1490,1990.896067910907,1,0,45.75,1.059999942779541,100,1
8270052,8267997,1491,1990.896067910907,1,0,45.29999923706055,1.059999942779541,100,1
8272089,8269988,1492,1990.896067910907,1,0,45.29999923706055,1.059999942779541,100,1
8274103,8271979,1493,1990.896067910907,1,0,44.84999847412109,1.059999942779541,100,1
8276044,8273970,1494,1990.896067910907,1,0,44.40000152587891,1.059999942779541,100,1
8278081,8275961,1495,1990.896067910907,1,0,44.40000152587891,1.070000052452087,100,1
8280053,8277952,1496,1990.896067910907,1,0,43.95000076293945,1.070000052452087,100,1
8282050,8279943,1497,1990.896067910907,1,0,43.95000076293945,1.080000042915344,100,1
8283904,8281934,1498,1990.896067910907,1,0,43.5,1.090000033378601,100,1
8285949,8283924,1499,1990.896067910907,1,0,43.04999923706055,1.080000042915344,100,1
8287913,8285915,1500,1990.780854328726,1,0,43.04999923706055,1.080000042915344,100,1
8289933,8287906,1501,1990.780854328726,1,0,42.59999847412109,1.090000033378601,100,1
8291924,8289897,1502,1990.780854328726,1,0,42.59999847412109,1.090000033378601,100,1
8294001,8291887,1503,1990.780854328726,1,0,42.15000152587891,1.090000033378601,100,1
8295976,8293878,1504,1990.780854328726,1,0,41.70000076293945,1.090000033378601,100,1
8297851,8295869,1505,1990.780854328726,1,0,41.25,1.080000042915344,100,1
8299841,8297860,1506,1990.780854328726,1,0,41.25,1.090000033378601,100,1
8301806,8299851,1507,1990.780854328726,1,0,40.79999923706055,1.100000023841858,100,1
8303866,8301841,1508,1990.780854328726,1,0,40.34000015258789,1.100000023841858,100,1
8305802,8303832,1509,1990.780854328726,1,0,40.34000015258789,1.110000014305115,100,1
8307803,8305823,1510,1990.780854328726,1,0,39.90000152587891,1.120000004768372,100,1
8309828,8307814,1511,1990.780854328726,1,0,39.45000076293945,1.120000004768372,100,1
8311747,8309804,1512,1990.780854328726,1,0,39,1.120000004768372,100,1
8313822,8311795,1513,1990.780854328726,1,0,38.54999923706055,1.120000004768372,100,1
8315812,8313786,1514,1990.780854328726,1,0,38.09000015258789,1.110000014305115,100,1
8317791,8315777,1515,1990.780854328726,1,0,37.65000152587891,1.110000014305115,100,1
8319778,8317768,1516,1990.780854328726,1,0,37.20000076293945,1.120000004768372,100,1
8321746,8319758,1517,1990.780854328726,1,0,36.75,1.110000014305115,100,1
8323756,8321749,1518,1990.780854328726,1,0,36.29999923706055,1.120000004768372,100,1
8325800,8323740,1519,1990.780854328726,1,0,35.84000015258789,1.120000004768372,100,1
8327713,8325731,1520,1990.780854328726,1,0,35.40000152587891,1.120000004768372,100,1
8329837,8327721,1521,1990.780854328726,1,0,34.95000076293945,1.120000004768372,100,1
8331694,8329712,1522,1990.780854328726,1,0,34.04999923706055,1.039999961853027,100,1
8333683,8331703,1523,1990.780854328726,1,0,33.59000015258789,1.049999952316284,100,1
8335625,8333694,1524,1990.780854328726,1,0,32.25,1.090000033378601,100,1
8337637,8335685,1525,1990.780854328726,1,0,31.35000038146973,1.009999990463257,100,1
8339612,8337675,1526,1990.780854328726,1,0,30.45000076293945,0.8100000023841858,100,1
8341621,8339666,1527,1990.780854328726,1,0,29.54999923706055,0.7699999809265137,100,1
8343707,8341657,1528,1990.780854328726,1,0,28.64999961853027,0.7599999904632568,100,1
8345703,8343648,1529,1990.780854328726,1,0,27.29999923706055,0.7599999904632568,100,1
8347695,8345639,1530,1990.780854328726,1,0,26.39999961853027,0.75,100,1
8349700,8347629,1531,1990.780854328726,1,0,25.5,0.7599999904632568,100,1
8351701,8349620,1532,1990.780854328726,1,0,24.60000038146973,0.7699999809265137,100,1
8353681,8351611,1533,1990.780854328726,1,0,23.25,0.9399999976158142,100,1
8355661,8353602,1534,1990.780854328726,1,0,22.35000038146973,1.399999976158142,100,1
8357658,8355592,1535,1990.780854328726,1,0,21.45000076293945,1.580000042915344,100,1
8359653,8357583,1536,1990.780854328726,1,0,20.54999923706055,1.590000033378601,100,1
8361653,8359574,1537,1990.780854328726,1,0,19.64999961853027,1.600000023841858,100,1
8363646,8361565,1538,1990.780854328726,1,0,18.29999923706055,1.620000004768372,100,1
8365622,8363556,1539,1990.780854328726,1,0,17.39999961853027,1.649999976158142,100,1
8367626,8365546,1540,1990.780854328726,1,0,16.5,1.700000047683716,100,1
8369587,8367537,1541,1990.780854328726,1,0,15.60000038146973,1.740000009536743,100,1
8371588,8369528,1542,1990.780854328726,1,0,14.23999977111816,1.919999957084656,100,1
8373601,8371519,1543,1990.780854328726,1,0,13.35000038146973,2.109999895095825,100,1
8375573,8373509,1544,1990.780854328726,1,0,12.44999980926514,2.069999933242798,100,1
8377546,8375500,1545,1990.780854328726,1,0,11.53999996185303,2.039999961853027,100,1
8379564,8377491,1546,1990.780854328726,1,0,10.64999961853027,1.389999985694885,100,1
8381591,8379482,1547,1990.780854328726,1,0,9.289999961853027,1.289999961853027,100,1
8383589,8381473,1548,1990.780854328726,1,0,8.390000343322754,1.279999971389771,100,1
8385488,8383463,1549,1990.780854328726,1,0,7.5,1.259999990463257,100,1
8387457,8385454,1550,1990.800683462981,1,0,6.590000152587891,1.25,100,1
8389479,8387445,1551,1990.800683462981,1,0,5.25,1.25,100,1
8391468,8389436,1552,1990.800683462981,1,0,4.349999904632568,1.230000019073486,100,1
8393455,8391427,1553,1990.800683462981,1,0,3.450000047683716,1.210000038146973,100,1
8395447,8393418,1554,1990.800683462981,1,0,2.549999952316284,1.200000047683716,100,1
8397449,8395408,1555,1990.800683462981,1,0,1.649999976158142,1.190000057220459,100,1
8399431,8397399,1556,1990.800683462981,1,0,0.75,1.179999947547913,100,1
8401423,8399390,1557,1990.800683462981,1,0,-0.5899999737739563,1.169999957084656,100,1
8403434,8401381,1558,1990.800683462981,1,0,-1.490000009536743,1.169999957084656,100,1
8405372,8403372,1559,1990.800683462981,1,0,-2.390000104904175,1.169999957084656,100,1
8407377,8405362,1560,1990.800683462981,1,0,-3.299999952316284,1.159999966621399,100,1
8409382,8407353,1561,1990.800683462981,1,0,-4.639999866485596,1.139999985694885,100,1
8411358,8409344,1562,1990.800683462981,1,0,-5.550000190734863,1.139999985694885,100,1
8413351,8411335,1563,1990.800683462981,1,0,-6.449999809265137,1.139999985694885,100,1
8415406,8413326,1564,1990.800683462981,1,0,-7.349999904632568,1.129999995231628,100,1
8417371,8415316,1565,1990.800683462981,1,0,-8.25,1.120000004768372,100,1
8419379,8417307,1566,1990.800683462981,1,0,-9.590000152587891,1.120000004768372,100,1
8421324,8419298,1567,1990.800683462981,1,0,-10.5,1.110000014305115,100,1
8423329,8421289,1568,1990.800683462981,1,0,-11.39999961853027,1.110000014305115,100,1
8425306,8423280,1569,1990.800683462981,1,0,-12.30000019073486,1.100000023841858,100,1
8427309,8425270,1570,1990.800683462981,1,0,-13.64999961853027,1.080000042915344,100,1
8429276,8427261,1571,1990.800683462981,1,0,-14.55000019073486,1.049999952316284,100,1
8431272,8429252,1572,1990.800683462981,1,0,-15.44999980926514,0.6100000143051147,100,1
8433292,8431243,1573,1990.800683462981,1,0,-16.34000015258789,0.4799999892711639,100,1
8435269,8433234,1574,1990.800683462981,1,0,-17.23999977111816,0.4699999988079071,100,1
8437261,8435224,1575,1990.800683462981,1,0,-18.59000015258789,0.4699999988079071,100,1
8439267,8437215,1576,1990.800683462981,1,0,-19.48999977111816,0.4699999988079071,100,1
8441237,8439206,1577,1990.800683462981,1,0,-20.38999938964844,0.4600000083446503,100,1
8443246,8441197,1578,1990.800683462981,1,0,-21.29999923706055,0.4600000083446503,100,1
8445240,8443188,1579,1990.800683462981,1,0,-22.63999938964844,0.449999988079071,100,1
8447217,8445178,1580,1990.800683462981,1,0,-23.54999923706055,0.449999988079071,100,1
8449208,8447169,1581,1990.800683462981,1,0,-24.45000076293945,0.4600000083446503,100,1
8451187,8449160,1582,1990.800683462981,1,0,-25.34000015258789,0.4600000083446503,100,1
8453195,8451151,1583,1990.800683462981,1,0,-26.23999977111816,0.4699999988079071,100,1
8455194,8453142,1584,1990.800683462981,1,0,-27.59000015258789,0.4699999988079071,100,1
8457176,8455132,1585,1990.800683462981,1,0,-28.48999977111816,0.4600000083446503,100,1
8459174,8457123,1586,1990.800683462981,1,0,-29.38999938964844,0.4600000083446503,100,1
8461174,8459114,1587,1990.800683462981,1,0,-30.29999923706055,0.449999988079071,100,1
8463132,8461105,1588,1990.800683462981,1,0,-31.19000053405762,0.449999988079071,100,1
8465141,8463096,1589,1990.800683462981,1,0,-32.09000015258789,0.4399999976158142,100,1
8467118,8465086,1590,1990.800683462981,1,0,-32.54999923706055,0.4600000083446503,100,1
8469123,8467077,1591,1990.800683462981,1,0,-33,0.449999988079071,100,1
8471133,8469068,1592,1990.800683462981,1,0,-33.88999938964844,0.449999988079071,100,1
8473088,8471059,1593,1990.800683462981,1,0,-34.34000015258789,0.4600000083446503,100,1
8475090,8473050,1594,1990.800683462981,1,0,-34.79999923706055,0.4600000083446503,100,1
8477099,8475040,1595,1990.800683462981,1,0,-35.25,0.449999988079071,100,1
8479064,8477031,1596,1990.800683462981,1,0,-35.68999862670898,0.449999988079071,100,1
8481063,8479022,1597,1990.800683462981,1,0,-36.13999938964844,0.4600000083446503,100,1
8483033,8481013,1598,1990.800683462981,1,0,-36.59000015258789,0.4699999988079071,100,1
8485042,8483004,1599,1990.800683462981,1,0,-36.59000015258789,0.4699999988079071,100,1
8487017,8484997,1600,1990.880546770385,1,0,-37.04999923706055,0.449999988079071,100,1
8489023,8486988,1601,1990.880546770385,1,0,-37.5,0.4399999976158142,100,1
8491030,8488978,1602,1990.880546770385,1,0,-37.93999862670898,0.4399999976158142,100,1
8493024,8490969,1603,1990.880546770385,1,0,-38.38999938964844,0.449999988079071,100,1
8495024,8492960,1604,1990.880546770385,1,0,-38.38999938964844,0.4600000083446503,100,1
8497022,8494951,1605,1990.880546770385,1,0,-38.84000015258789,0.4600000083446503,100,1
8499030,8496942,1606,1990.880546770385,1,0,-39.29999923706055,0.4699999988079071,100,1
8501027,8498933,1607,1990.880546770385,1,0,-39.29999923706055,0.4600000083446503,100,1
8503032,8500924,1608,1990.880546770385,1,0,-39.75,0.4699999988079071,100,1
8505030,8502915,1609,1990.880546770385,1,0,-40.18999862670898,0.4600000083446503,100,1
8506936,8504906,1610,1990.880546770385,1,0,-40.18999862670898,0.4699999988079071,100,1
8508931,8506896,1611,1990.880546770385,1,0,-40.63999938964844,0.4699999988079071,100,1
8510947,8508887,1612,1990.880546770385,1,0,-41.09999847412109,0.4699999988079071,100,1
8512975,8510878,1613,1990.880546770385,1,0,-41.09999847412109,0.4699999988079071,100,1
8514926,8512869,1614,1990.880546770385,1,0,-41.54999923706055,0.4699999988079071,100,1
8516924,8514860,1615,1990.880546770385,1,0,-41.54999923706055,0.4799999892711639,100,1
8518932,8516851,1616,1990.880546770385,1,0,-41.9900016784668,0.4900000095367432,100,1
8520943,8518842,1617,1990.880546770385,1,0,-42.43999862670898,0.4900000095367432,100,1
8522903,8520833,1618,1990.880546770385,1,0,-42.43999862670898,0.4900000095367432,100,1
8524860,8522823,1619,1990.880546770385,1,0,-42.90000152587891,0.5,100,1
8526857,8524814,1620,1990.880546770385,1,0,-42.90000152587891,0.5,100,1
8528807,8526805,1621,1990.880546770385,1,0,-43.34999847412109,0.5,100,1
8530802,8528796,1622,1990.880546770385,1,0,-45.75,0.5,100,1
8532805,8530787,1623,1990.880546770385,1,0,-46.20000076293945,0.5,100,1
8534852,8532778,1624,1990.880546770385,1,0,-45.75,0.5,100,1
8536810,8534769,1625,1990.880546770385,1,0,-45.75,0.5,100,1
8538818,8536760,1626,1990.880546770385,1,0,-45.29999923706055,0.5099999904632568,100,1
8540791,8538750,1627,1990.880546770385,1,0,-45.29999923706055,0.5099999904632568,100,1
8542786,8540741,1628,1990.880546770385,1,0,-44.84999847412109,0.5099999904632568,100,1
8544826,8542732,1629,1990.880546770385,1,0,-44.40000152587891,0.5099999904632568,100,1
8546753,8544723,1630,1990.880546770385,1,0,-44.40000152587891,0.5,100,1
8548730,8546714,1631,1990.880546770385,1,0,-43.95000076293945,0.5,100,1
8550763,8548705,1632,1990.880546770385,1,0,-43.95000076293945,0.4900000095367432,100,1
8552734,8550696,1633,1990.880546770385,1,0,-43.5,0.4799999892711639,100,1
8554721,8552687,1634,1990.880546770385,1,0,-43.04999923706055,0.4799999892711639,100,1
8556720,8554678,1635,1990.880546770385,1,0,-43.04999923706055,0.4799999892711639,100,1
8558711,8556668,1636,1990.880546770385,1,0,-42.59999847412109,0.4799999892711639,100,1
8560701,8558659,1637,1990.880546770385,1,0,-42.59999847412109,0.4699999988079071,100,1
8562685,8560650,1638,1990.880546770385,1,0,-42.15000152587891,0.4799999892711639,100,1
8564669,8562641,1639,1990.880546770385,1,0,-41.70000076293945,0.4600000083446503,100,1
8566680,8564632,1640,1990.880546770385,1,0,-41.70000076293945,0.4699999988079071,100,1
8568684,8566623,1641,1990.880546770385,1,0,-41.25,0.4699999988079071,100,1
8570680,8568614,1642,1990.880546770385,1,0,-40.79999923706055,0.4699999988079071,100,1
8572674,8570605,1643,1990.880546770385,1,0,-40.34000015258789,0.4699999988079071,100,1
8574653,8572595,1644,1990.880546770385,1,0,-40.34000015258789,0.4600000083446503,100,1
8576630,8574586,1645,1990.880546770385,1,0,-39.90000152587891,0.449999988079071,100,1
8578615,8576577,1646,1990.880546770385,1,0,-39.45000076293945,0.4399999976158142,100,1
8580596,8578568,1647,1990.880546770385,1,0,-39,0.4399999976158142,100,1
8582603,8580559,1648,1990.880546770385,1,0,-38.54999923706055,0.449999988079071,100,1
8584590,8582550,1649,1990.880546770385,1,0,-38.09000015258789,0.449999988079071,100,1
8586615,8584548,1650,1991.096437416308,1,0,-37.65000152587891,0.449999988079071,100,1
8588595,8586539,1651,1991.096437416308,1,0,-37.20000076293945,0.4699999988079071,100,1
8590630,8588530,1652,1991.096437416308,1,0,-36.75,0.4600000083446503,100,1
8592568,8590521,1653,1991.096437416308,1,0,-36.29999923706055,0.449999988079071,100,1
8594561,8592513,1654,1991.096437416308,1,0,-35.84000015258789,0.4600000083446503,100,1
8596529,8594504,1655,1991.096437416308,1,0,-35.40000152587891,0.4600000083446503,100,1
8598485,8596495,1656,1991.096437416308,1,0,-34.95000076293945,0.449999988079071,100,1
8600489,8598486,1657,1991.096437416308,1,0,-34.04999923706055,0.449999988079071,100,1
8602540,8600477,1658,1991.096437416308,1,0,-33.59000015258789,0.4399999976158142,100,1
8604485,8602468,1659,1991.096437416308,1,0,-32.25,0.449999988079071,100,1
8606473,8604459,1660,1991.096437416308,1,0,-31.35000038146973,0.4399999976158142,100,1
8608435,8606450,1661,1991.096437416308,1,0,-30.45000076293945,0.449999988079071,100,1
8610449,8608441,1662,1991.096437416308,1,0,-29.54999923706055,0.449999988079071,100,1
8612441,8610432,1663,1991.096437416308,1,0,-28.64999961853027,0.4600000083446503,100,1
8614419,8612424,1664,1991.096437416308,1,0,-27.29999923706055,0.4699999988079071,100,1
8616418,8614415,1665,1991.096437416308,1,0,-26.39999961853027,0.4600000083446503,100,1
8618420,8616406,1666,1991.096437416308,1,0,-25.5,0.4600000083446503,100,1
8620395,8618397,1667,1991.096437416308,1,0,-24.60000038146973,0.449999988079071,100,1
8622389,8620388,1668,1991.096437416308,1,0,-23.70000076293945,0.449999988079071,100,1
8624411,8622379,1669,1991.096437416308,1,0,-22.35000038146973,0.4600000083446503,100,1
8626385,8624370,1670,1991.096437416308,1,0,-21.45000076293945,0.4600000083446503,100,1
8628371,8626361,1671,1991.096437416308,1,0,-20.54999923706055,0.4600000083446503,100,1
8630368,8628352,1672,1991.096437416308,1,0,-19.64999961853027,0.4600000083446503,100,1
8632352,8630343,1673,1991.096437416308,1,0,-18.29999923706055,0.4699999988079071,100,1
8634336,8632334,1674,1991.096437416308,1,0,-17.39999961853027,0.4799999892711639,100,1
8636324,8634326,1675,1991.096437416308,1,0,-16.5,0.5,100,1
8638308,8636317,1676,1991.096437416308,1,0,-15.60000038146973,0.8999999761581421,100,1
8640330,8638308,1677,1991.096437416308,1,0,-14.69999980926514,1.080000042915344,100,1
8642355,8640299,1678,1991.096437416308,1,0,-13.35000038146973,1.100000023841858,100,1
8644352,8642290,1679,1991.096437416308,1,0,-12.44999980926514,1.110000014305115,100,1
8646343,8644281,1680,1991.096437416308,1,0,-11.53999996185303,1.110000014305115,100,1
8648330,8646272,1681,1991.096437416308,1,0,-10.64999961853027,1.120000004768372,100,1
8650304,8648263,1682,1991.096437416308,1,0,-9.289999961853027,1.120000004768372,100,1
8652271,8650254,1683,1991.096437416308,1,0,-8.390000343322754,1.120000004768372,100,1
8654241,8652245,1684,1991.096437416308,1,0,-7.5,1.129999995231628,100,1
8656232,8654237,1685,1991.096437416308,1,0,-6.590000152587891,1.139999985694885,100,1
8658294,8656228,1686,1991.096437416308,1,0,-5.25,1.149999976158142,100,1
8660220,8658219,1687,1991.096437416308,1,0,-4.349999904632568,1.149999976158142,100,1
8662209,8660210,1688,1991.096437416308,1,0,-3.450000047683716,1.159999966621399,100,1
8664208,8662201,1689,1991.096437416308,1,0,-2.549999952316284,1.169999957084656,100,1
8666209,8664192,1690,1991.096437416308,1,0,-1.649999976158142,1.179999947547913,100,1
8668197,8666183,1691,1991.096437416308,1,0,-0.75,1.179999947547913,100,1
8670184,8668174,1692,1991.096437416308,1,0,0.5899999737739563,1.200000047683716,100,1
8672175,8670165,1693,1991.096437416308,1,0,1.490000009536743,1.200000047683716,100,1
8674167,8672156,1694,1991.096437416308,1,0,2.390000104904175,1.210000038146973,100,1
8676168,8674147,1695,1991.096437416308,1,0,3.299999952316284,1.230000019073486,100,1
8678188,8676139,1696,1991.096437416308,1,0,4.190000057220459,1.230000019073486,100,1
8680126,8678130,1697,1991.096437416308,1,0,5.550000190734863,1.240000009536743,100,1
8682107,8680121,1698,1991.096437416308,1,0,6.449999809265137,1.259999990463257,100,1
8684119,8682112,1699,1991.096437416308,1,0,7.349999904632568,1.269999980926514,100,1
8686086,8684101,1700,1990.761149933046,1,0,8.25,1.289999961853027,100,1
8688067,8686092,1701,1990.761149933046,1,0,9.590000152587891,1.460000038146973,100,1
8690098,8688083,1702,1990.761149933046,1,0,10.5,2.039999961853027,100,1
8692071,8690074,1703,1990.761149933046,1,0,11.39999961853027,2.079999923706055,100,1
8694072,8692064,1704,1990.761149933046,1,0,12.30000019073486,2.119999885559082,100,1
8696067,8694055,1705,1990.761149933046,1,0,13.19999980926514,1.950000047683716,100,1
8698053,8696046,1706,1990.761149933046,1,0,14.55000019073486,1.75,100,1
8700058,8698037,1707,1990.761149933046,1,0,15.44999980926514,1.720000028610229,100,1
8702093,8700027,1708,1990.761149933046,1,0,16.34000015258789,1.669999957084656,100,1
8704093,8702018,1709,1990.761149933046,1,0,17.23999977111816,1.639999985694885,100,1
8706083,8704009,1710,1990.761149933046,1,0,18.59000015258789,1.610000014305115,100,1
8708087,8706000,1711,1990.761149933046,1,0,19.48999977111816,1.600000023841858,100,1
8709994,8707990,1712,1990.761149933046,1,0,20.38999938964844,1.580000042915344,100,1
8712083,8709981,1713,1990.761149933046,1,0,21.29999923706055,1.330000042915344,100,1
8713949,8711972,1714,1990.761149933046,1,0,22.20000076293945,0.8299999833106995,100,1
8715964,8713963,1715,1990.761149933046,1,0,23.54999923706055,0.7599999904632568,100,1
8717948,8715953,1716,1990.761149933046,1,0,24.45000076293945,0.7599999904632568,100,1
8719934,8717944,1717,1990.761149933046,1,0,25.34000015258789,0.7599999904632568,100,1
8721981,8719935,1718,1990.761149933046,1,0,26.23999977111816,0.7599999904632568,100,1
8723953,8721926,1719,1990.761149933046,1,0,27.59000015258789,0.7599999904632568,100,1
8725949,8723917,1720,1990.761149933046,1,0,28.48999977111816,0.7599999904632568,100,1
8727931,8725907,1721,1990.761149933046,1,0,29.38999938964844,0.7699999809265137,100,1
8729908,8727898,1722,1990.761149933046,1,0,30.29999923706055,0.8399999737739563,100,1
8731905,8729889,1723,1990.761149933046,1,0,31.19000053405762,1.100000023841858,100,1
8733887,8731880,1724,1990.761149933046,1,0,32.09000015258789,1.049999952316284,100,1
8735867,8733870,1725,1990.761149933046,1,0,32.54999923706055,1.049999952316284,100,1
8737868,8735861,1726,1990.761149933046,1,0,33,1.120000004768372,100,1
8739837,8737852,1727,1990.761149933046,1,0,33.88999938964844,1.120000004768372,100,1
8741841,8739843,1728,1990.761149933046,1,0,34.34000015258789,1.120000004768372,100,1
8743815,8741833,1729,1990.761149933046,1,0,34.79999923706055,1.120000004768372,100,1
8745804,8743824,1730,1990.761149933046,1,0,35.25,1.120000004768372,100,1
8747802,8745815,1731,1990.761149933046,1,0,35.68999862670898,1.120000004768372,100,1
8749785,8747806,1732,1990.761149933046,1,0,36.13999938964844,1.110000014305115,100,1
8751813,8749796,1733,1990.761149933046,1,0,36.59000015258789,1.110000014305115,100,1
8753823,8751787,1734,1990.761149933046,1,0,36.59000015258789,1.110000014305115,100,1
8755829,8753778,1735,1990.761149933046,1,0,37.04999923706055,1.120000004768372,100,1
8757814,8755769,1736,1990.761149933046,1,0,37.5,1.120000004768372,100,1
8759791,8757759,1737,1990.761149933046,1,0,37.93999862670898,1.110000014305115,100,1
8761788,8759750,1738,1990.761149933046,1,0,38.38999938964844,1.100000023841858,100,1
8763731,8761741,1739,1990.761149933046,1,0,38.38999938964844,1.100000023841858,100,1
8765721,8763732,1740,1990.761149933046,1,0,38.84000015258789,1.100000023841858,100,1
8767724,8765722,1741,1990.761149933046,1,0,39.29999923706055,1.100000023841858,100,1
8769732,8767713,1742,1990.761149933046,1,0,39.29999923706055,1.100000023841858,100,1
8771706,8769704,1743,1990.761149933046,1,0,39.75,1.100000023841858,100,1
8773723,8771695,1744,1990.761149933046,1,0,40.18999862670898,1.100000023841858,100,1
8775704,8773686,1745,1990.761149933046,1,0,40.18999862670898,1.100000023841858,100,1
8777695,8775676,1746,1990.761149933046,1,0,40.63999938964844,1.090000033378601,100,1
8779670,8777667,1747,1990.761149933046,1,0,41.09999847412109,1.090000033378601,100,1
8781694,8779658,1748,1990.761149933046,1,0,41.09999847412109,1.080000042915344,100,1
8783645,8781649,1749,1990.761149933046,1,0,41.54999923706055,1.080000042915344,100,1
8785641,8783640,1750,1990.828919946437,1,0,41.54999923706055,1.080000042915344,100,1
8787629,8785630,1751,1990.828919946437,1,0,41.9900016784668,1.070000052452087,100,1
8789617,8787621,1752,1990.828919946437,1,0,42.43999862670898,1.070000052452087,100,1
8791582,8789612,1753,1990.828919946437,1,0,42.43999862670898,1.070000052452087,100,1
8793600,8791603,1754,1990.828919946437,1,0,42.90000152587891,1.070000052452087,100,1
8795630,8793594,1755,1990.828919946437,1,0,42.90000152587891,1.070000052452087,100,1
8797605,8795584,1756,1990.828919946437,1,0,43.34999847412109,1.070000052452087,100,1
8799602,8797575,1757,1990.828919946437,1,0,45.75,1.070000052452087,100,1
8801604,8799566,1758,1990.828919946437,1,0,45.75,1.059999942779541,100,1
8803604,8801557,1759,1990.828919946437,1,0,45.29999923706055,1.059999942779541,100,1
8805548,8803548,1760,1990.828919946437,1,0,45.29999923706055,1.059999942779541,100,1
8807564,8805539,1761,1990.828919946437,1,0,44.84999847412109,1.059999942779541,100,1
8809533,8807529,1762,1990.828919946437,1,0,44.84999847412109,1.059999942779541,100,1
8811540,8809520,1763,1990.828919946437,1,0,44.40000152587891,1.070000052452087,100,1
8813486,8811511,1764,1990.828919946437,1,0,44.40000152587891,1.070000052452087,100,1
8815484,8813502,1765,1990.828919946437,1,0,43.95000076293945,1.039999961853027,100,1
8817496,8815493,1766,1990.828919946437,1,0,43.5,1.080000042915344,100,1
8819465,8817484,1767,1990.828919946437,1,0,43.5,1.080000042915344,100,1
8821470,8819474,1768,1990.828919946437,1,0,43.04999923706055,1.070000052452087,100,1
8823479,8821465,1769,1990.828919946437,1,0,43.04999923706055,1.080000042915344,100,1
8825453,8823456,1770,1990.828919946437,1,0,42.59999847412109,1.080000042915344,100,1
8827445,8825447,1771,1990.828919946437,1,0,42.15000152587891,1.090000033378601,100,1
8829452,8827438,1772,1990.828919946437,1,0,42.15000152587891,1.090000033378601,100,1
8831426,8829429,1773,1990.828919946437,1,0,41.70000076293945,1.090000033378601,100,1
8833445,8831419,1774,1990.828919946437,1,0,41.25,1.090000033378601,100,1
8835400,8833410,1775,1990.828919946437,1,0,41.25,1.100000023841858,100,1
8837398,8835401,1776,1990.828919946437,1,0,40.79999923706055,1.100000023841858,100,1
8839371,8837392,1777,1990.828919946437,1,0,40.34000015258789,1.100000023841858,100,1
8841380,8839383,1778,1990.828919946437,1,0,39.90000152587891,1.110000014305115,100,1
8843409,8841374,1779,1990.828919946437,1,0,39.45000076293945,1.090000033378601,100,1
8845394,8843364,1780,1990.828919946437,1,0,39.45000076293945,1.120000004768372,100,1
8847391,8845355,1781,1990.828919946437,1,0,39,1.120000004768372,100,1
8849355,8847346,1782,1990.828919946437,1,0,38.54999923706055,1.120000004768372,100,1
8851363,8849337,1783,1990.828919946437,1,0,38.09000015258789,1.110000014305115,100,1
8853329,8851328,1784,1990.828919946437,1,0,37.65000152587891,1.120000004768372,100,1
8855348,8853319,1785,1990.828919946437,1,0,37.20000076293945,1.120000004768372,100,1
8857326,8855309,1786,1990.828919946437,1,0,36.75,1.120000004768372,100,1
8859303,8857300,1787,1990.828919946437,1,0,36.29999923706055,1.120000004768372,100,1
8861289,8859291,1788,1990.828919946437,1,0,35.84000015258789,1.120000004768372,100,1
8863258,8861282,1789,1990.828919946437,1,0,34.95000076293945,1.110000014305115,100,1
8865271,8863273,1790,1990.828919946437,1,0,34.5,1.070000052452087,100,1
8867245,8865263,1791,1990.828919946437,1,0,34.04999923706055,1.029999971389771,100,1
8869241,8867254,1792,1990.828919946437,1,0,33.13999938964844,1.070000052452087,100,1
8871213,8869245,1793,1990.828919946437,1,0,32.25,1.100000023841858,100,1
8873273,8871236,1794,1990.828919946437,1,0,30.89999961853027,0.9100000262260437,100,1
8875312,8873227,1795,1990.828919946437,1,0,30,0.7799999713897705,100,1
8877284,8875218,1796,1990.828919946437,1,0,29.10000038146973,0.7699999809265137,100,1
8879241,8877208,1797,1990.828919946437,1,0,28.20000076293945,0.7599999904632568,100,1
8881196,8879199,1798,1990.828919946437,1,0,26.85000038146973,0.7599999904632568,100,1
8883218,8881190,1799,1990.828919946437,1,0,25.95000076293945,0.7599999904632568,100,1
8885147,8883178,1800,1990.68713595715,1,0,25.04999923706055,0.7599999904632568,100,1
8887162,8885168,1801,1990.68713595715,1,0,24.14999961853027,0.7799999713897705,100,1
8889089,8887159,1802,1990.68713595715,1,0,23.25,654.3599853515625,0,0
8891123,8889150,1803,1990.68713595715,1,0,21.89999961853027,1.529999971389771,100,1
8893153,8891140,1804,1990.68713595715,1,0,21,1.590000033378601,100,1
8895105,8893131,1805,1990.68713595715,1,0,20.10000038146973,1.600000023841858,100,1
8897116,8895122,1806,1990.68713595715,1,0,19.20000076293945,1.610000014305115,100,1
8899117,8897112,1807,1990.68713595715,1,0,17.85000038146973,1.629999995231628,100,1
8901088,8899103,1808,1990.68713595715,1,0,16.95000076293945,1.659999966621399,100,1
8903092,8901094,1809,1990.68713595715,1,0,16.04000091552734,1.710000038146973,100,1
8905087,8903084,1810,1990.68713595715,1,0,15.14999961853027,1.769999980926514,100,1
8907086,8905075,1811,1990.68713595715,1,0,14.23999977111816,2.049999952316284,100,1
8909078,8907066,1812,1990.68713595715,1,0,12.89999961853027,2.099999904632568,100,1
8911079,8909056,1813,1990.68713595715,1,0,11.98999977111816,2.059999942779541,100,1
8913075,8911047,1814,1990.68713595715,1,0,11.10000038146973,1.809999942779541,100,1
8915121,8913038,1815,1990.68713595715,1,0,10.19999980926514,1.309999942779541,100,1
8917032,8915029,1816,1990.68713595715,1,0,8.840000152587891,1.289999961853027,100,1
8919032,8917019,1817,1990.68713595715,1,0,7.949999809265137,1.269999980926514,100,1
8921028,8919010,1818,1990.68713595715,1,0,7.050000190734863,1.259999990463257,100,1
8923023,8921001,1819,1990.68713595715,1,0,6.139999866485596,1.25,100,1
8924988,8922991,1820,1990.68713595715,1,0,5.25,1.240000009536743,100,1
8926965,8924982,1821,1990.68713595715,1,0,3.900000095367432,1.230000019073486,100,1
8928973,8926973,1822,1990.68713595715,1,0,3,1.210000038146973,100,1
8930939,8928963,1823,1990.68713595715,1,0,2.089999914169312,1.210000038146973,100,1
8932959,8930954,1824,1990.68713595715,1,0,1.200000047683716,1.190000057220459,100,1
8934918,8932945,1825,1990.68713595715,1,0,0.300000011920929,1.149999976158142,100,1
8936935,8934935,1826,1990.68713595715,1,0,-1.039999961853027,1.169999957084656,100,1
8938940,8936926,1827,1990.68713595715,1,0,-1.940000057220459,1.159999966621399,100,1
8940890,8938917,1828,1990.68713595715,1,0,-2.839999914169312,1.159999966621399,100,1
8942905,8940907,1829,1990.68713595715,1,0,-3.740000009536743,1.149999976158142,100,1
8944915,8942898,1830,1990.68713595715,1,0,-4.639999866485596,1.149999976158142,100,1
8946919,8944889,1831,1990.68713595715,1,0,-6,1.139999985694885,100,1
8948886,8946880,1832,1990.68713595715,1,0,-6.889999866485596,1.129999995231628,100,1
8950896,8948870,1833,1990.68713595715,1,0,-7.800000190734863,1.120000004768372,100,1
8952897,8950861,1834,1990.68713595715,1,0,-8.699999809265137,1.120000004768372,100,1
8954847,8952852,1835,1990.68713595715,1,0,-10.05000019073486,1.120000004768372,100,1
8956863,8954842,1836,1990.68713595715,1,0,-10.94999980926514,1.110000014305115,100,1
8958853,8956833,1837,1990.68713595715,1,0,-11.85000038146973,1.100000023841858,100,1
8960827,8958824,1838,1990.68713595715,1,0,-12.75,1.100000023841858,100,1
8962889,8960814,1839,1990.68713595715,1,0,-13.64999961853027,1.070000052452087,100,1
8964792,8962805,1840,1990.68713595715,1,0,-14.98999977111816,0.9700000286102295,100,1
8966797,8964796,1841,1990.68713595715,1,0,-15.89999961853027,0.5299999713897705,100,1
8968758,8966786,1842,1990.68713595715,1,0,-16.79000091552734,0.4799999892711639,100,1
8970763,8968777,1843,1990.68713595715,1,0,-17.69000053405762,0.4699999988079071,100,1
8972758,8970768,1844,1990.68713595715,1,0,-19.04000091552734,0.4699999988079071,100,1
8974741,8972758,1845,1990.68713595715,1,0,-19.94000053405762,0.4600000083446503,100,1
8976736,8974749,1846,1990.68713595715,1,0,-20.84000015258789,0.4600000083446503,100,1
8978735,8976740,1847,1990.68713595715,1,0,-21.73999977111816,0.4600000083446503,100,1
8980719,8978731,1848,1990.68713595715,1,0,-22.63999938964844,0.4600000083446503,100,1
8982723,8980721,1849,1990.68713595715,1,0,-23.98999977111816,0.4600000083446503,100,1
8984714,8982712,1850,1990.81770876572,1,0,-24.88999938964844,0.4600000083446503,100,1
8986741,8984703,1851,1990.81770876572,1,0,-25.79999923706055,0.4600000083446503,100,1
8988727,8986694,1852,1990.81770876572,1,0,-26.70000076293945,0.4799999892711639,100,1
8990695,8988685,1853,1990.81770876572,1,0,-27.59000015258789,0.4600000083446503,100,1
8992697,8990675,1854,1990.81770876572,1,0,-28.95000076293945,0.4600000083446503,100,1
8994678,8992666,1855,1990.81770876572,1,0,-29.84000015258789,0.449999988079071,100,1
8996715,8994657,1856,1990.81770876572,1,0,-30.73999977111816,0.449999988079071,100,1
8998687,8996648,1857,1990.81770876572,1,0,-31.63999938964844,0.449999988079071,100,1
9000713,8998639,1858,1990.81770876572,1,0,-32.09000015258789,0.4399999976158142,100,1
9002653,9000629,1859,1990.81770876572,1,0,-33,0.449999988079071,100,1
9004654,9002620,1860,1990.81770876572,1,0,-33.43999862670898,0.449999988079071,100,1
9006663,9004611,1861,1990.81770876572,1,0,-33.88999938964844,0.4399999976158142,100,1
9008624,9006602,1862,1990.81770876572,1,0,-34.34000015258789,0.449999988079071,100,1
9010629,9008593,1863,1990.81770876572,1,0,-34.79999923706055,0.449999988079071,100,1
9012622,9010584,1864,1990.81770876572,1,0,-35.25,0.449999988079071,100,1
9014613,9012574,1865,1990.81770876572,1,0,-35.68999862670898,0.4600000083446503,100,1
9016582,9014565,1866,1990.81770876572,1,0,-36.13999938964844,0.4600000083446503,100,1
9018547,9016556,1867,1990.81770876572,1,0,-36.59000015258789,0.4699999988079071,100,1
9020537,9018547,1868,1990.81770876572,1,0,-37.04999923706055,0.4600000083446503,100,1
9022542,9020538,1869,1990.81770876572,1,0,-37.5,0.449999988079071,100,1
9024501,9022528,1870,1990.81770876572,1,0,-37.5,0.449999988079071,100,1
9026432,9024519,1871,1990.81770876572,1,0,-37.93999862670898,654.3599853515625,0,0
9028495,9026510,1872,1990.81770876572,1,0,-38.38999938964844,0.449999988079071,100,1
9030471,9028501,1873,1990.81770876572,1,0,-38.84000015258789,0.4600000083446503,100,1
9032533,9030492,1874,1990.81770876572,1,0,-38.84000015258789,0.4699999988079071,100,1
9034528,9032483,1875,1990.81770876572,1,0,-39.29999923706055,0.4699999988079071,100,1
9036449,9034473,1876,1990.81770876572,1,0,-39.75,0.4600000083446503,100,1
9038451,9036464,1877,1990.81770876572,1,0,-39.75,0.4699999988079071,100,1
9040421,9038455,1878,1990.81770876572,1,0,-40.18999862670898,0.4600000083446503,100,1
9042420,9040446,1879,1990.81770876572,1,0,-40.63999938964844,0.4600000083446503,100,1
9044417,9042437,1880,1990.81770876572,1,0,-40.63999938964844,0.4699999988079071,100,1
9046407,9044427,1881,1990.81770876572,1,0,-41.09999847412109,0.4699999988079071,100,1
9048415,9046418,1882,1990.81770876572,1,0,-41.54999923706055,0.4699999988079071,100,1
9050450,9048409,1883,1990.81770876572,1,0,-41.54999923706055,0.4699999988079071,100,1
9052385,9050400,1884,1990.81770876572,1,0,-41.9900016784668,0.4900000095367432,100,1
9054362,9052391,1885,1990.81770876572,1,0,-41.9900016784668,0.5,100,1
9056376,9054382,1886,1990.81770876572,1,0,-42.43999862670898,0.4900000095367432,100,1
9058355,9056372,1887,1990.81770876572,1,0,-42.43999862670898,0.4900000095367432,100,1
9060352,9058363,1888,1990.81770876572,1,0,-42.90000152587891,0.5,100,1
9062348,9060354,1889,1990.81770876572,1,0,-42.90000152587891,0.5,100,1
9064322,9062345,1890,1990.81770876572,1,0,-45.75,0.5,100,1
9066350,9064336,1891,1990.81770876572,1,0,-46.20000076293945,0.5,100,1
9068288,9066326,1892,1990.81770876572,1,0,-45.75,0.5,100,1
9070272,9068317,1893,1990.81770876572,1,0,-45.75,0.5099999904632568,100,1
9072301,9070308,1894,1990.81770876572,1,0,-45.29999923706055,0.5099999904632568,100,1
9074289,9072299,1895,1990.81770876572,1,0,-45.29999923706055,0.5099999904632568,100,1
9076276,9074290,1896,1990.81770876572,1,0,-44.84999847412109,0.5099999904632568,100,1
9078301,9076281,1897,1990.81770876572,1,0,-44.84999847412109,0.5099999904632568,100,1
9080286,9078271,1898,1990.81770876572,1,0,-44.40000152587891,0.5,100,1
9082294,9080262,1899,1990.81770876572,1,0,-44.40000152587891,0.5,100,1
9084260,9082254,1900,1990.838167012576,1,0,-43.95000076293945,0.5,100,1
9086243,9084245,1901,1990.838167012576,1,0,-43.5,0.4600000083446503,100,1
9088238,9086235,1902,1990.838167012576,1,0,-43.5,0.4799999892711639,100,1
9090274,9088226,1903,1990.838167012576,1,0,-43.04999923706055,0.4799999892711639,100,1
9092211,9090217,1904,1990.838167012576,1,0,-43.04999923706055,0.4699999988079071,100,1
9094186,9092208,1905,1990.838167012576,1,0,-42.59999847412109,0.4900000095367432,100,1
9096179,9094199,1906,1990.838167012576,1,0,-42.15000152587891,0.4799999892711639,100,1
9098160,9096190,1907,1990.838167012576,1,0,-42.15000152587891,0.4699999988079071,100,1
9100153,9098180,1908,1990.838167012576,1,0,-41.70000076293945,0.4799999892711639,100,1
9102132,9100171,1909,1990.838167012576,1,0,-41.25,0.4699999988079071,100,1
9104147,9102162,1910,1990.838167012576,1,0,-41.25,0.4799999892711639,100,1
9106135,9104153,1911,1990.838167012576,1,0,-40.79999923706055,0.4699999988079071,100,1
9108122,9106144,1912,1990.838167012576,1,0,-40.34000015258789,0.4600000083446503,97,1
9110107,9108135,1913,1990.838167012576,1,0,-39.90000152587891,0.4600000083446503,100,1
9112105,9110125,1914,1990.838167012576,1,0,-39.45000076293945,0.4399999976158142,100,1
9114109,9112116,1915,1990.838167012576,1,0,-39.45000076293945,0.4399999976158142,100,1
9116105,9114107,1916,1990.838167012576,1,0,-39,0.449999988079071,100,1
9118118,9116098,1917,1990.838167012576,1,0,-38.54999923706055,0.449999988079071,100,1
9120111,9118089,1918,1990.838167012576,1,0,-38.09000015258789,0.449999988079071,100,1
9122117,9120080,1919,1990.838167012576,1,0,-37.65000152587891,0.449999988079071,100,1
9124111,9122070,1920,1990.838167012576,1,0,-37.20000076293945,0.4600000083446503,100,1
9126110,9124061,1921,1990.838167012576,1,0,-36.75,0.4600000083446503,100,1
9128053,9126052,1922,1990.838167012576,1,0,-36.29999923706055,0.449999988079071,100,1
9130041,9128043,1923,1990.838167012576,1,0,-35.84000015258789,0.4099999964237213,100,1
9132022,9130034,1924,1990.838167012576,1,0,-34.95000076293945,0.4600000083446503,100,1
9134018,9132025,1925,1990.838167012576,1,0,-34.5,0.4399999976158142,100,1
9136004,9134015,1926,1990.838167012576,1,0,-34.04999923706055,0.449999988079071,100,1
9138006,9136006,1927,1990.838167012576,1,0,-33.13999938964844,0.4399999976158142,100,1
9139970,9137997,1928,1990.838167012576,1,0,-32.25,0.4399999976158142,100,1
9141970,9139988,1929,1990.838167012576,1,0,-30.89999961853027,0.449999988079071,100,1
9143950,9141979,1930,1990.838167012576,1,0,-30,0.449999988079071,100,1
9145935,9143970,1931,1990.838167012576,1,0,-29.10000038146973,0.4600000083446503,100,1
9147926,9145961,1932,1990.838167012576,1,0,-28.20000076293945,0.4699999988079071,100,1
9149911,9147951,1933,1990.838167012576,1,0,-27.29999923706055,0.4699999988079071,100,1
9151907,9149942,1934,1990.838167012576,1,0,-25.95000076293945,0.449999988079071,100,1
9153898,9151933,1935,1990.838167012576,1,0,-25.04999923706055,0.4600000083446503,100,1
9155873,9153924,1936,1990.838167012576,1,0,-24.14999961853027,0.4600000083446503,100,1
9157900,9155915,1937,1990.838167012576,1,0,-23.25,0.4600000083446503,100,1
9159916,9157906,1938,1990.838167012576,1,0,-21.89999961853027,0.4600000083446503,100,1
9161965,9159896,1939,1990.838167012576,1,0,-21,0.4600000083446503,100,1
9163933,9161887,1940,1990.838167012576,1,0,-20.10000038146973,0.4600000083446503,100,1
9165930,9163878,1941,1990.838167012576,1,0,-19.20000076293945,0.4699999988079071,100,1
9167874,9165869,1942,1990.838167012576,1,0,-18.29999923706055,0.4699999988079071,100,1
9169798,9167860,1943,1990.838167012576,1,0,-16.95000076293945,0.4699999988079071,100,1
9171774,9169851,1944,1990.838167012576,1,0,-16.04000091552734,0.6499999761581421,100,1
9173770,9171841,1945,1990.838167012576,1,0,-15.14999961853027,1.059999942779541,100,1
9175799,9173832,1946,1990.838167012576,1,0,-14.23999977111816,1.090000033378601,100,1
9177775,9175823,1947,1990.838167012576,1,0,-12.89999961853027,1.100000023841858,100,1
9179794,9177814,1948,1990.838167012576,1,0,-11.98999977111816,1.110000014305115,100,1
9181786,9179805,1949,1990.838167012576,1,0,-11.10000038146973,1.120000004768372,100,1
9183765,9181793,1950,1990.690533610061,1,0,-10.19999980926514,1.120000004768372,100,1
9185779,9183783,1951,1990.690533610061,1,0,-9.289999961853027,1.129999995231628,100,1
9187743,9185774,1952,1990.690533610061,1,0,-7.949999809265137,1.120000004768372,100,1
9189778,9187765,1953,1990.690533610061,1,0,-7.050000190734863,1.139999985694885,100,1
9191755,9189755,1954,1990.690533610061,1,0,-6.139999866485596,1.139999985694885,100,1
9193737,9191746,1955,1990.690533610061,1,0,-5.25,1.149999976158142,100,1
9195767,9193737,1956,1990.690533610061,1,0,-3.900000095367432,1.159999966621399,100,1
9197760,9195727,1957,1990.690533610061,1,0,-3,1.159999966621399,100,1
9199699,9197718,1958,1990.690533610061,1,0,-2.089999914169312,1.169999957084656,100,1
9201678,9199709,1959,1990.690533610061,1,0,-1.200000047683716,1.179999947547913,100,1
9203673,9201699,1960,1990.690533610061,1,0,-0.300000011920929,1.190000057220459,100,1
9205671,9203690,1961,1990.690533610061,1,0,0.5899999737739563,1.190000057220459,100,1
9207650,9205681,1962,1990.690533610061,1,0,1.940000057220459,1.200000047683716,100,1
9209667,9207672,1963,1990.690533610061,1,0,2.839999914169312,1.220000028610229,100,1
9211671,9209662,1964,1990.690533610061,1,0,3.740000009536743,1.220000028610229,100,1
9213704,9211653,1965,1990.690533610061,1,0,4.639999866485596,1.230000019073486,100,1
9215640,9213644,1966,1990.690533610061,1,0,6,1.25,100,1
9217631,9215634,1967,1990.690533610061,1,0,6.889999866485596,1.259999990463257,100,1
9219602,9217625,1968,1990.690533610061,1,0,7.800000190734863,1.279999971389771,100,1
9221587,9219616,1969,1990.690533610061,1,0,8.699999809265137,1.299999952316284,100,1
9223585,9221606,1970,1990.690533610061,1,0,9.590000152587891,1.720000028610229,100,1
9225620,9223597,1971,1990.690533610061,1,0,10.94999980926514,2.049999952316284,100,1
9227581,9225588,1972,1990.690533610061,1,0,11.85000038146973,2.099999904632568,100,1
9229573,9227578,1973,1990.690533610061,1,0,12.75,2.119999885559082,100,1
9231583,9229569,1974,1990.690533610061,1,0,13.64999961853027,1.820000052452087,100,1
9233569,9231560,1975,1990.690533610061,1,0,14.98999977111816,1.740000009536743,100,1
9235542,9233551,1976,1990.690533610061,1,0,15.89999961853027,1.690000057220459,100,1
9237528,9235541,1977,1990.690533610061,1,0,16.79000091552734,1.659999966621399,100,1
9239527,9237532,1978,1990.690533610061,1,0,17.69000053405762,1.629999995231628,100,1
9241484,9239523,1979,1990.690533610061,1,0,18.59000015258789,1.610000014305115,100,1
9243476,9241513,1980,1990.690533610061,1,0,19.94000053405762,1.590000033378601,100,1
9245459,9243504,1981,1990.690533610061,1,0,20.84000015258789,1.549999952316284,100,1
9247419,9245495,1982,1990.690533610061,1,0,21.73999977111816,654.3599853515625,0,0
9249440,9247485,1983,1990.690533610061,1,0,22.63999938964844,0.7799999713897705,100,1
9251432,9249476,1984,1990.690533610061,1,0,23.54999923706055,0.7699999809265137,100,1
9253451,9251467,1985,1990.690533610061,1,0,24.88999938964844,0.75,100,1
9255441,9253457,1986,1990.690533610061,1,0,25.79999923706055,0.75,100,1
9257417,9255448,1987,1990.690533610061,1,0,26.70000076293945,0.75,100,1
9259441,9257439,1988,1990.690533610061,1,0,27.59000015258789,0.7599999904632568,100,1
9261400,9259429,1989,1990.690533610061,1,0,28.95000076293945,0.7599999904632568,100,1
9263375,9261420,1990,1990.690533610061,1,0,29.84000015258789,0.7799999713897705,100,1
9265384,9263411,1991,1990.690533610061,1,0,30.73999977111816,0.9300000071525574,100,1
9267396,9265402,1992,1990.690533610061,1,0,31.63999938964844,1.090000033378601,100,1
9269370,9267392,1993,1990.690533610061,1,0,32.09000015258789,1.029999971389771,100,1
9271410,9269383,1994,1990.690533610061,1,0,33,1.100000023841858,100,1
9273418,9271374,1995,1990.690533610061,1,0,33.43999862670898,1.120000004768372,100,1
9275406,9273364,1996,1990.690533610061,1,0,33.88999938964844,1.120000004768372,100,1
9277407,9275355,1997,1990.690533610061,1,0,34.34000015258789,1.120000004768372,100,1
9279370,9277346,1998,1990.690533610061,1,0,34.79999923706055,1.120000004768372,100,1
9281265,9279336,1999,1990.690533610061,1,0,35.25,1.120000004768372,100,1
9283243,9281319,2000,1990.464426888049,1,0,35.68999862670898,1.110000014305115,100,1
9285277,9283309,2001,1990.464426888049,1,0,36.13999938964844,1.120000004768372,100,1
9287208,9285300,2002,1990.464426888049,1,0,36.59000015258789,1.120000004768372,100,1
9289238,9287290,2003,1990.464426888049,1,0,37.04999923706055,1.110000014305115,100,1
9291324,9289281,2004,1990.464426888049,1,0,37.5,1.120000004768372,100,1
9293333,9291271,2005,1990.464426888049,1,0,37.5,1.129999995231628,100,1
9295286,9293261,2006,1990.464426888049,1,0,37.93999862670898,1.100000023841858,100,1
9297257,9295252,2007,1990.464426888049,1,0,38.38999938964844,1.110000014305115,100,1
9299226,9297242,2008,1990.464426888049,1,0,38.84000015258789,1.100000023841858,100,1
9301185,9299233,2009,1990.464426888049,1,0,38.84000015258789,1.100000023841858,100,1
9303166,9301223,2010,1990.464426888049,1,0,39.29999923706055,1.100000023841858,100,1
9305197,9303214,2011,1990.464426888049,1,0,39.75,1.100000023841858,97,1
9307147,9305204,2012,1990.464426888049,1,0,39.75,1.100000023841858,100,1
9309171,9307195,2013,1990.464426888049,1,0,40.18999862670898,1.100000023841858,100,1
9311173,9309185,2014,1990.464426888049,1,0,40.63999938964844,1.090000033378601,100,1
9313154,9311176,2015,1990.464426888049,1,0,40.63999938964844,1.090000033378601,100,1
9315148,9313166,2016,1990.464426888049,1,0,41.09999847412109,1.080000042915344,100,1
9317149,9315157,2017,1990.464426888049,1,0,41.09999847412109,1.080000042915344,100,1
9319146,9317147,2018,1990.464426888049,1,0,41.54999923706055,1.080000042915344,100,1
9321150,9319137,2019,1990.464426888049,1,0,41.9900016784668,1.080000042915344,100,1
9323147,9321128,2020,1990.464426888049,1,0,41.9900016784668,1.080000042915344,100,1
9325147,9323118,2021,1990.464426888049,1,0,42.43999862670898,1.070000052452087,100,1
9327147,9325109,2022,1990.464426888049,1,0,42.43999862670898,1.070000052452087,100,1
9329146,9327099,2023,1990.464426888049,1,0,42.90000152587891,1.070000052452087,100,1
9331153,9329090,2024,1990.464426888049,1,0,42.90000152587891,1.080000042915344,100,1
9333059,9331080,2025,1990.464426888049,1,0,43.34999847412109,1.070000052452087,100,1
9335058,9333071,2026,1990.464426888049,1,0,45.75,1.070000052452087,100,1
9337034,9335061,2027,1990.464426888049,1,0,45.75,1.070000052452087,100,1
9339043,9337052,2028,1990.464426888049,1,0,45.29999923706055,1.059999942779541,100,1
9341031,9339042,2029,1990.464426888049,1,0,45.29999923706055,1.059999942779541,100,1
9343014,9341033,2030,1990.464426888049,1,0,44.84999847412109,1.059999942779541,100,1
9345029,9343023,2031,1990.464426888049,1,0,44.84999847412109,1.059999942779541,100,1
9346997,9345014,2032,1990.464426888049,1,0,44.40000152587891,1.070000052452087,100,1
9348998,9347004,2033,1990.464426888049,1,0,43.95000076293945,1.070000052452087,100,1
9351035,9348994,2034,1990.464426888049,1,0,43.95000076293945,1.080000042915344,100,1
9352963,9350985,2035,1990.464426888049,1,0,43.5,1.080000042915344,100,1
9354974,9352975,2036,1990.464426888049,1,0,43.5,1.080000042915344,100,1
9356951,9354966,2037,1990.464426888049,1,0,43.04999923706055,1.090000033378601,100,1
9358951,9356956,2038,1990.464426888049,1,0,42.59999847412109,1.080000042915344,100,1
9360951,9358947,2039,1990.464426888049,1,0,42.59999847412109,1.090000033378601,100,1
9362922,9360937,2040,1990.464426888049,1,0,42.15000152587891,1.090000033378601,100,1
9364937,9362928,2041,1990.464426888049,1,0,41.70000076293945,1.090000033378601,100,1
9366899,9364918,2042,1990.464426888049,1,0,41.70000076293945,1.090000033378601,100,1
9368948,9366909,2043,1990.464426888049,1,0,41.25,1.090000033378601,100,1
9371007,9368899,2044,1990.464426888049,1,0,40.79999923706055,1.100000023841858,100,1
9372901,9370890,2045,1990.464426888049,1,0,40.79999923706055,1.100000023841858,100,1
9374881,9372880,2046,1990.464426888049,1,0,40.34000015258789,1.100000023841858,100,1
9376860,9374870,2047,1990.464426888049,1,0,39.90000152587891,1.120000004768372,100,1
9378867,9376861,2048,1990.464426888049,1,0,39.45000076293945,1.100000023841858,100,1
9380876,9378851,2049,1990.464426888049,1,0,39,1.120000004768372,100,1
9382806,9380838,2050,1990.623541510439,1,0,38.54999923706055,1.120000004768372,100,1
9384818,9382829,2051,1990.623541510439,1,0,38.54999923706055,1.110000014305115,100,1
9386771,9384820,2052,1990.623541510439,1,0,38.09000015258789,1.110000014305115,100,1
9388827,9386810,2053,1990.623541510439,1,0,37.65000152587891,1.120000004768372,100,1
9390788,9388801,2054,1990.623541510439,1,0,37.20000076293945,1.110000014305115,100,1
9392795,9390791,2055,1990.623541510439,1,0,36.75,1.120000004768372,100,1
9394793,9392782,2056,1990.623541510439,1,0,35.84000015258789,1.120000004768372,100,1
9396773,9394773,2057,1990.623541510439,1,0,35.40000152587891,1.120000004768372,100,1
9398774,9396763,2058,1990.623541510439,1,0,34.95000076293945,1.129999995231628,100,1
9400758,9398754,2059,1990.623541510439,1,0,34.5,1.039999961853027,100,1
9402760,9400745,2060,1990.623541510439,1,0,33.59000015258789,1.029999971389771,100,1
9404733,9402735,2061,1990.623541510439,1,0,32.70000076293945,1.080000042915344,100,1
9406724,9404726,2062,1990.623541510439,1,0,31.79999923706055,1.070000052452087,100,1
9408703,9406716,2063,1990.623541510439,1,0,30.89999961853027,0.8500000238418579,100,1
9410701,9408707,2064,1990.623541510439,1,0,29.54999923706055,0.7799999713897705,100,1
9412703,9410698,2065,1990.623541510439,1,0,28.64999961853027,0.7699999809265137,100,1
9414701,9412688,2066,1990.623541510439,1,0,27.75,0.7599999904632568,100,1
9416702,9414679,2067,1990.623541510439,1,0,26.85000038146973,0.7599999904632568,100,1
9418672,9416670,2068,1990.623541510439,1,0,25.95000076293945,0.7599999904632568,100,1
9420690,9418660,2069,1990.623541510439,1,0,24.60000038146973,0.7699999809265137,100,1
9422652,9420651,2070,1990.623541510439,1,0,23.70000076293945,0.8199999928474426,100,1
9424697,9422641,2071,1990.623541510439,1,0,22.79999923706055,1.289999961853027,100,1
9426672,9424632,2072,1990.623541510439,1,0,21.89999961853027,1.570000052452087,100,1
9428666,9426623,2073,1990.623541510439,1,0,20.54999923706055,1.590000033378601,100,1
9430654,9428613,2074,1990.623541510439,1,0,19.64999961853027,1.600000023841858,100,1
9432614,9430604,2075,1990.623541510439,1,0,18.75,1.620000004768372,100,1
9434627,9432595,2076,1990.623541510439,1,0,17.85000038146973,1.639999985694885,100,1
9436637,9434585,2077,1990.623541510439,1,0,16.95000076293945,1.679999947547913,100,1
9438614,9436576,2078,1990.623541510439,1,0,15.60000038146973,1.720000028610229,100,1
9440605,9438566,2079,1990.623541510439,1,0,14.69999980926514,1.809999942779541,100,1
9442604,9440557,2080,1990.623541510439,1,0,13.78999996185303,2.109999895095825,100,1
9444585,9442548,2081,1990.623541510439,1,0,12.89999961853027,2.089999914169312,100,1
9446560,9444538,2082,1990.623541510439,1,0,11.53999996185303,2.049999952316284,100,1
9448578,9446529,2083,1990.623541510439,1,0,10.64999961853027,1.590000033378601,100,1
9450580,9448520,2084,1990.623541510439,1,0,9.75,1.309999942779541,100,1
9452537,9450510,2085,1990.623541510439,1,0,8.840000152587891,1.289999961853027,100,1
9454573,9452501,2086,1990.623541510439,1,0,7.949999809265137,1.279999971389771,100,1
9456539,9454491,2087,1990.623541510439,1,0,6.590000152587891,1.259999990463257,100,1
9458501,9456482,2088,1990.623541510439,1,0,5.699999809265137,1.230000019073486,100,1
9460485,9458473,2089,1990.623541510439,1,0,4.800000190734863,1.230000019073486,100,1
9462488,9460463,2090,1990.623541510439,1,0,3.900000095367432,1.210000038146973,100,1
9464451,9462454,2091,1990.623541510439,1,0,2.549999952316284,1.210000038146973,100,1
9466455,9464444,2092,1990.623541510439,1,0,1.649999976158142,1.200000047683716,100,1
9468428,9466435,2093,1990.623541510439,1,0,0.75,1.159999966621399,100,1
9470438,9468426,2094,1990.623541510439,1,0,-0.1400000005960464,1.179999947547913,100,1
9472439,9470416,2095,1990.623541510439,1,0,-1.039999961853027,1.169999957084656,100,1
9474414,9472407,2096,1990.623541510439,1,0,-1.940000057220459,1.149999976158142,100,1
9476414,9474398,2097,1990.623541510439,1,0,-3.299999952316284,1.159999966621399,100,1
9478384,9476388,2098,1990.623541510439,1,0,-4.190000057220459,1.149999976158142,100,1
9480386,9478379,2099,1990.623541510439,1,0,-5.090000152587891,1.139999985694885,100,1
9482394,9480372,2100,1990.850833208352,1,0,-6,1.129999995231628,100,1
9484397,9482363,2101,1990.850833208352,1,0,-7.349999904632568,1.129999995231628,100,1
9486400,9484354,2102,1990.850833208352,1,0,-8.25,1.090000033378601,100,1
9488387,9486344,2103,1990.850833208352,1,0,-9.140000343322754,1.120000004768372,100,1
9490383,9488335,2104,1990.850833208352,1,0,-10.05000019073486,1.110000014305115,100,1
9492358,9490326,2105,1990.850833208352,1,0,-10.94999980926514,1.110000014305115,100,1
9494329,9492317,2106,1990.850833208352,1,0,-12.30000019073486,1.100000023841858,100,1
9496326,9494308,2107,1990.850833208352,1,0,-13.19999980926514,1.090000033378601,100,1
9498339,9496299,2108,1990.850833208352,1,0,-14.10000038146973,1.070000052452087,100,1
9500300,9498290,2109,1990.850833208352,1,0,-14.98999977111816,0.9200000166893005,100,1
9502270,9500280,2110,1990.850833208352,1,0,-16.34000015258789,0.5099999904632568,100,1
9504262,9502271,2111,1990.850833208352,1,0,-17.23999977111816,0.4699999988079071,100,1
9506321,9504262,2112,1990.850833208352,1,0,-18.14999961853027,0.4699999988079071,100,1
9508239,9506253,2113,1990.850833208352,1,0,-19.04000091552734,0.4600000083446503,100,1
9510291,9508244,2114,1990.850833208352,1,0,-19.94000053405762,0.4600000083446503,100,1
9512279,9510235,2115,1990.850833208352,1,0,-21.29999923706055,0.4600000083446503,100,1
9514276,9512226,2116,1990.850833208352,1,0,-22.20000076293945,0.4600000083446503,100,1
9516383,9514216,2117,1990.850833208352,1,0,-23.09000015258789,0.449999988079071,100,1
9518286,9516207,2118,1990.850833208352,1,0,-23.98999977111816,0.449999988079071,100,1
9520323,9518198,2119,1990.850833208352,1,0,-25.34000015258789,0.4600000083446503,100,1
9522248,9520189,2120,1990.850833208352,1,0,-26.23999977111816,0.4600000083446503,100,1
9524172,9522180,2121,1990.850833208352,1,0,-27.13999938964844,0.4699999988079071,100,1
9526162,9524171,2122,1990.850833208352,1,0,-28.04999923706055,0.4600000083446503,100,1
9528150,9526162,2123,1990.850833208352,1,0,-28.95000076293945,0.4600000083446503,100,1
9530155,9528152,2124,1990.850833208352,1,0,-30.29999923706055,0.449999988079071,100,1
9532150,9530143,2125,1990.850833208352,1,0,-31.19000053405762,0.449999988079071,100,1
9534170,9532134,2126,1990.850833208352,1,0,-31.63999938964844,0.4399999976158142,100,1
9536175,9534125,2127,1990.850833208352,1,0,-32.54999923706055,0.449999988079071,100,1
9538177,9536116,2128,1990.850833208352,1,0,-33,0.4600000083446503,100,1
9540167,9538107,2129,1990.850833208352,1,0,-33.43999862670898,0.4600000083446503,100,1
9542179,9540097,2130,1990.850833208352,1,0,-33.88999938964844,0.4600000083446503,100,1
9544207,9542088,2131,1990.850833208352,1,0,-34.34000015258789,0.449999988079071,100,1
9546106,9544079,2132,1990.850833208352,1,0,-34.79999923706055,0.449999988079071,100,1
9548117,9546070,2133,1990.850833208352,1,0,-35.25,0.4600000083446503,100,1
9550110,9548061,2134,1990.850833208352,1,0,-35.68999862670898,0.4600000083446503,100,1
9552097,9550052,2135,1990.850833208352,1,0,-36.13999938964844,0.4699999988079071,100,1
9554054,9552043,2136,1990.850833208352,1,0,-36.59000015258789,0.4699999988079071,100,1
9556045,9554033,2137,1990.850833208352,1,0,-37.04999923706055,0.449999988079071,100,1
9558054,9556024,2138,1990.850833208352,1,0,-37.5,0.4399999976158142,100,1
9559996,9558015,2139,1990.850833208352,1,0,-37.93999862670898,0.4399999976158142,100,1
9562024,9560006,2140,1990.850833208352,1,0,-37.93999862670898,0.449999988079071,100,1
9564007,9561997,2141,1990.850833208352,1,0,-38.38999938964844,0.4600000083446503,100,1
9565994,9563988,2142,1990.850833208352,1,0,-38.84000015258789,0.4600000083446503,100,1
9567979,9565979,2143,1990.850833208352,1,0,-39.29999923706055,0.4600000083446503,100,1
9569953,9567969,2144,1990.850833208352,1,0,-39.29999923706055,0.449999988079071,100,1
9571954,9569960,2145,1990.850833208352,1,0,-39.75,0.4600000083446503,100,1
9573963,9571951,2146,1990.850833208352,1,0,-40.18999862670898,0.4600000083446503,100,1
9575963,9573942,2147,1990.850833208352,1,0,-40.18999862670898,0.4699999988079071,100,1
9577928,9575933,2148,1990.850833208352,1,0,-40.63999938964844,0.4699999988079071,100,1
9579935,9577924,2149,1990.850833208352,1,0,-41.09999847412109,0.4699999988079071,100,1
9581925,9579916,2150,1990.804666566681,1,0,-41.09999847412109,0.4799999892711639,100,1
9583953,9581906,2151,1990.804666566681,1,0,-41.54999923706055,0.4699999988079071,100,1
9585927,9583897,2152,1990.804666566681,1,0,-41.54999923706055,0.4699999988079071,100,1
9587930,9585888,2153,1990.804666566681,1,0,-41.9900016784668,0.4900000095367432,100,1
9589890,9587879,2154,1990.804666566681,1,0,-41.9900016784668,0.4900000095367432,100,1
9591889,9589870,2155,1990.804666566681,1,0,-42.43999862670898,0.4900000095367432,100,1
9593897,9591860,2156,1990.804666566681,1,0,-42.90000152587891,0.4900000095367432,100,1
9595895,9593851,2157,1990.804666566681,1,0,-42.90000152587891,0.5,100,1
9597892,9595842,2158,1990.804666566681,1,0,-43.34999847412109,0.5,100,1
9599881,9597833,2159,1990.804666566681,1,0,-45.75,0.5,100,1
9601854,9599824,2160,1990.804666566681,1,0,-46.20000076293945,0.5,100,1
9603852,9601814,2161,1990.804666566681,1,0,-45.75,0.5099999904632568,100,1
9605835,9603805,2162,1990.804666566681,1,0,-45.75,0.5,100,1
9607891,9605796,2163,1990.804666566681,1,0,-45.29999923706055,0.5099999904632568,100,1
9609826,9607787,2164,1990.804666566681,1,0,-45.29999923706055,0.5099999904632568,100,1
9611790,9609778,2165,1990.804666566681,1,0,-44.84999847412109,0.5099999904632568,100,1
9613791,9611768,2166,1990.804666566681,1,0,-44.84999847412109,0.5099999904632568,100,1
9615710,9613759,2167,1990.804666566681,1,0,-44.40000152587891,0.5,100,1
9617679,9615750,2168,1990.804666566681,1,0,-43.95000076293945,0.5,100,1
9619717,9617741,2169,1990.804666566681,1,0,-43.95000076293945,0.5,100,1
9621685,9619732,2170,1990.804666566681,1,0,-43.5,0.4699999988079071,100,1
9623701,9621722,2171,1990.804666566681,1,0,-43.5,0.4699999988079071,100,1
9625709,9623713,2172,1990.804666566681,1,0,-43.04999923706055,0.4799999892711639,100,1
9627711,9625704,2173,1990.804666566681,1,0,-42.59999847412109,0.4699999988079071,100,1
9629706,9627695,2174,1990.804666566681,1,0,-42.59999847412109,0.4699999988079071,100,1
9631699,9629686,2175,1990.804666566681,1,0,-42.15000152587891,0.4699999988079071,100,1
9633682,9631676,2176,1990.804666566681,1,0,-41.70000076293945,0.4699999988079071,100,1
9635705,9633667,2177,1990.804666566681,1,0,-41.70000076293945,0.4600000083446503,100,1
9637679,9635658,2178,1990.804666566681,1,0,-41.25,0.4600000083446503,100,1
9639679,9637649,2179,1990.804666566681,1,0,-40.79999923706055,0.4799999892711639,100,1
9641659,9639640,2180,1990.804666566681,1,0,-40.79999923706055,0.4600000083446503,100,1
9643643,9641630,2181,1990.804666566681,1,0,-40.34000015258789,0.449999988079071,100,1
9645653,9643621,2182,1990.804666566681,1,0,-39.90000152587891,0.449999988079071,100,1
9647607,9645612,2183,1990.804666566681,1,0,-39.45000076293945,0.4399999976158142,100,1
9649613,9647603,2184,1990.804666566681,1,0,-39,0.449999988079071,100,1
9651631,9649594,2185,1990.804666566681,1,0,-39,0.449999988079071,100,1
9653613,9651584,2186,1990.804666566681,1,0,-38.54999923706055,0.449999988079071,100,1
9655588,9653575,2187,1990.804666566681,1,0,-38.09000015258789,0.449999988079071,100,1
9657601,9655566,2188,1990.804666566681,1,0,-37.65000152587891,0.449999988079071,100,1
9659586,9657557,2189,1990.804666566681,1,0,-37.20000076293945,0.4699999988079071,100,1
9661556,9659548,2190,1990.804666566681,1,0,-36.75,0.449999988079071,100,1
9663586,9661539,2191,1990.804666566681,1,0,-36.29999923706055,0.4600000083446503,100,1
9665568,9663529,2192,1990.804666566681,1,0,-35.40000152587891,0.449999988079071,100,1
9667556,9665520,2193,1990.804666566681,1,0,-34.95000076293945,0.449999988079071,100,1
9669540,9667511,2194,1990.804666566681,1,0,-34.5,0.449999988079071,100,1
9671498,9669502,2195,1990.804666566681,1,0,-33.59000015258789,0.449999988079071,100,1
9673487,9671493,2196,1990.804666566681,1,0,-32.70000076293945,0.449999988079071,100,1
9675476,9673483,2197,1990.804666566681,1,0,-31.79999923706055,0.449999988079071,100,1
9677471,9675474,2198,1990.804666566681,1,0,-30.89999961853027,0.449999988079071,100,1
9679444,9677465,2199,1990.804666566681,1,0,-30,0.449999988079071,100,1
9681463,9679456,2200,1990.795733253345,1,0,-28.64999961853027,0.4600000083446503,100,1
9683454,9681447,2201,1990.795733253345,1,0,-27.75,0.4699999988079071,100,1
9685442,9683438,2202,1990.795733253345,1,0,-26.85000038146973,0.4699999988079071,100,1
9687442,9685429,2203,1990.795733253345,1,0,-25.95000076293945,0.4600000083446503,100,1
9689414,9687420,2204,1990.795733253345,1,0,-24.60000038146973,0.449999988079071,100,1
9691412,9689410,2205,1990.795733253345,1,0,-23.70000076293945,0.4600000083446503,100,1
9693388,9691401,2206,1990.795733253345,1,0,-22.79999923706055,0.4600000083446503,100,1
9695393,9693392,2207,1990.795733253345,1,0,-21.89999961853027,0.4600000083446503,100,1
9697378,9695383,2208,1990.795733253345,1,0,-21,0.4600000083446503,100,1
9699386,9697374,2209,1990.795733253345,1,0,-19.64999961853027,0.4699999988079071,100,1
9701374,9699364,2210,1990.795733253345,1,0,-18.75,0.4699999988079071,100,1
9703373,9701355,2211,1990.795733253345,1,0,-17.85000038146973,0.4699999988079071,100,1
9705353,9703346,2212,1990.795733253345,1,0,-16.95000076293945,0.4900000095367432,100,1
9707370,9705337,2213,1990.795733253345,1,0,-15.60000038146973,0.8600000143051147,100,1
9709383,9707328,2214,1990.795733253345,1,0,-14.69999980926514,1.080000042915344,100,1
9711354,9709318,2215,1990.795733253345,1,0,-13.78999996185303,1.100000023841858,100,1
9713349,9711309,2216,1990.795733253345,1,0,-12.89999961853027,1.110000014305115,100,1
9715365,9713300,2217,1990.795733253345,1,0,-11.98999977111816,1.110000014305115,100,1
9717317,9715291,2218,1990.795733253345,1,0,-10.64999961853027,1.110000014305115,100,1
9719274,9717282,2219,1990.795733253345,1,0,-9.75,1.120000004768372,100,1
9721296,9719272,2220,1990.795733253345,1,0,-8.840000152587891,1.120000004768372,100,1
9723302,9721263,2221,1990.795733253345,1,0,-7.949999809265137,1.129999995231628,100,1
9725268,9723254,2222,1990.795733253345,1,0,-6.590000152587891,1.129999995231628,100,1
9727224,9725245,2223,1990.795733253345,1,0,-5.699999809265137,1.139999985694885,100,1
9729210,9727236,2224,1990.795733253345,1,0,-4.800000190734863,1.149999976158142,100,1
9731205,9729226,2225,1990.795733253345,1,0,-3.900000095367432,1.159999966621399,100,1
9733196,9731217,2226,1990.795733253345,1,0,-3,1.169999957084656,100,1
9735226,9733208,2227,1990.795733253345,1,0,-1.649999976158142,1.169999957084656,100,1
9737238,9735199,2228,1990.795733253345,1,0,-0.75,1.190000057220459,100,1
9739262,9737190,2229,1990.795733253345,1,0,0.1400000005960464,1.190000057220459,100,1
9741229,9739180,2230,1990.795733253345,1,0,1.039999961853027,1.210000038146973,100,1
9743230,9741171,2231,1990.795733253345,1,0,1.940000057220459,1.210000038146973,100,1
9745240,9743162,2232,1990.795733253345,1,0,3.299999952316284,1.220000028610229,100,1
9747200,9745153,2233,1990.795733253345,1,0,4.190000057220459,1.230000019073486,100,1
9749202,9747144,2234,1990.795733253345,1,0,5.090000152587891,1.240000009536743,100,1
9751208,9749134,2235,1990.795733253345,1,0,6,1.259999990463257,100,1
9753194,9751125,2236,1990.795733253345,1,0,6.889999866485596,1.259999990463257,100,1
9755105,9753116,2237,1990.795733253345,1,0,8.25,1.279999971389771,100,1
9757100,9755107,2238,1990.795733253345,1,0,9.140000343322754,1.320000052452087,100,1
9759202,9757098,2239,1990.795733253345,1,0,10.05000019073486,1.960000038146973,100,1
9761107,9759088,2240,1990.795733253345,1,0,10.94999980926514,2.059999942779541,100,1
9763105,9761079,2241,1990.795733253345,1,0,12.30000019073486,2.109999895095825,100,1
9765083,9763070,2242,1990.795733253345,1,0,13.19999980926514,2.039999961853027,100,1
9767116,9765061,2243,1990.795733253345,1,0,14.10000038146973,1.769999980926514,100,1
9769111,9767051,2244,1990.795733253345,1,0,14.98999977111816,1.730000019073486,100,1
9771088,9769042,2245,1990.795733253345,1,0,15.89999961853027,1.679999947547913,100,1
9773069,9771033,2246,1990.795733253345,1,0,17.23999977111816,1.649999976158142,100,1
9775074,9773024,2247,1990.795733253345,1,0,18.14999961853027,1.620000004768372,100,1
9777041,9775015,2248,1990.795733253345,1,0,19.04000091552734,1.600000023841858,100,1
9779002,9777005,2249,1990.795733253345,1,0,19.94000053405762,1.590000033378601,100,1
9781018,9778998,2250,1990.856586602676,1,0,21.29999923706055,1.460000038146973,100,1
9782945,9780989,2251,1990.856586602676,1,0,22.20000076293945,654.3599853515625,0,0
9784997,9782980,2252,1990.856586602676,1,0,23.09000015258789,0.7799999713897705,100,1
9786980,9784971,2253,1990.856586602676,1,0,23.98999977111816,0.7599999904632568,100,1
9788980,9786962,2254,1990.856586602676,1,0,24.88999938964844,0.7599999904632568,100,1
9790957,9788953,2255,1990.856586602676,1,0,26.23999977111816,0.75,100,1
9792946,9790944,2256,1990.856586602676,1,0,27.13999938964844,0.7599999904632568,100,1
9794948,9792934,2257,1990.856586602676,1,0,28.04999923706055,0.7599999904632568,100,1
9796926,9794925,2258,1990.856586602676,1,0,28.95000076293945,0.7699999809265137,100,1
9798939,9796916,2259,1990.856586602676,1,0,30.29999923706055,0.800000011920929,100,1
9800972,9798907,2260,1990.856586602676,1,0,31.19000053405762,1.019999980926514,100,1
9802946,9800898,2261,1990.856586602676,1,0,31.63999938964844,1.070000052452087,100,1
9804984,9802889,2262,1990.856586602676,1,0,32.54999923706055,1.029999971389771,100,1
9806917,9804880,2263,1990.856586602676,1,0,33,1.129999995231628,100,1
9808894,9806870,2264,1990.856586602676,1,0,33.43999862670898,1.110000014305115,100,1
9810897,9808861,2265,1990.856586602676,1,0,33.88999938964844,1.120000004768372,100,1
9812864,9810852,2266,1990.856586602676,1,0,34.34000015258789,1.120000004768372,100,1
9814848,9812843,2267,1990.856586602676,1,0,34.79999923706055,1.120000004768372,100,1
9816867,9814834,2268,1990.856586602676,1,0,35.25,1.120000004768372,100,1
9818861,9816825,2269,1990.856586602676,1,0,35.68999862670898,1.120000004768372,100,1
9820844,9818816,2270,1990.856586602676,1,0,36.13999938964844,1.120000004768372,100,1
9822845,9820806,2271,1990.856586602676,1,0,36.59000015258789,1.120000004768372,100,1
9824816,9822797,2272,1990.856586602676,1,0,37.04999923706055,1.120000004768372,100,1
9826795,9824788,2273,1990.856586602676,1,0,37.5,1.120000004768372,100,1
9828822,9826779,2274,1990.856586602676,1,0,37.93999862670898,1.120000004768372,100,1
9830809,9828770,2275,1990.856586602676,1,0,37.93999862670898,1.100000023841858,100,1
9832829,9830761,2276,1990.856586602676,1,0,38.38999938964844,1.100000023841858,100,1
9834828,9832752,2277,1990.856586602676,1,0,38.84000015258789,1.100000023841858,100,1
9836826,9834742,2278,1990.856586602676,1,0,39.29999923706055,1.100000023841858,100,1
9838761,9836733,2279,1990.856586602676,1,0,39.29999923706055,1.100000023841858,100,1
9840742,9838724,2280,1990.856586602676,1,0,39.75,1.100000023841858,100,1
9842722,9840715,2281,1990.856586602676,1,0,40.18999862670898,1.090000033378601,100,1
9844706,9842706,2282,1990.856586602676,1,0,40.18999862670898,1.090000033378601,100,1
9846724,9844697,2283,1990.856586602676,1,0,40.63999938964844,1.090000033378601,100,1
9848733,9846688,2284,1990.856586602676,1,0,40.63999938964844,1.090000033378601,100,1
9850718,9848678,2285,1990.856586602676,1,0,41.09999847412109,1.090000033378601,100,1
9852731,9850669,2286,1990.856586602676,1,0,41.54999923706055,1.080000042915344,100,1
9854738,9852660,2287,1990.856586602676,1,0,41.54999923706055,1.080000042915344,100,1
9856708,9854651,2288,1990.856586602676,1,0,41.9900016784668,1.080000042915344,100,1
9858668,9856642,2289,1990.856586602676,1,0,41.9900016784668,1.080000042915344,100,1
9860644,9858633,2290,1990.856586602676,1,0,42.43999862670898,1.070000052452087,100,1
9862643,9860624,2291,1990.856586602676,1,0,42.90000152587891,1.070000052452087,100,1
9864646,9862614,2292,1990.856586602676,1,0,42.90000152587891,1.070000052452087,100,1
9866643,9864605,2293,1990.856586602676,1,0,43.34999847412109,1.070000052452087,100,1
9868630,9866596,2294,1990.856586602676,1,0,45.75,1.070000052452087,100,1
9870607,9868587,2295,1990.856586602676,1,0,45.75,1.059999942779541,100,1
9872610,9870578,2296,1990.856586602676,1,0,45.75,1.070000052452087,100,1
9874592,9872569,2297,1990.856586602676,1,0,45.29999923706055,1.049999952316284,100,1
9876586,9874560,2298,1990.856586602676,1,0,44.84999847412109,1.059999942779541,100,1
9878595,9876550,2299,1990.856586602676,1,0,44.84999847412109,1.059999942779541,100,1
9880569,9878544,2300,1990.889269282141,1,0,44.40000152587891,1.059999942779541,100,1
9882570,9880535,2301,1990.889269282141,1,0,44.40000152587891,1.070000052452087,100,1
9884534,9882526,2302,1990.889269282141,1,0,43.95000076293945,1.070000052452087,100,1
9886546,9884517,2303,1990.889269282141,1,0,43.95000076293945,1.080000042915344,100,1
9888528,9886508,2304,1990.889269282141,1,0,43.5,1.090000033378601,100,1
9890501,9888498,2305,1990.889269282141,1,0,43.04999923706055,1.080000042915344,100,1
9892525,9890489,2306,1990.889269282141,1,0,43.04999923706055,1.080000042915344,100,1
9894525,9892480,2307,1990.889269282141,1,0,42.59999847412109,1.090000033378601,100,1
9896468,9894471,2308,1990.889269282141,1,0,42.15000152587891,1.090000033378601,100,1
9898484,9896462,2309,1990.889269282141,1,0,42.15000152587891,1.090000033378601,100,1
9900468,9898453,2310,1990.889269282141,1,0,41.70000076293945,1.090000033378601,100,1
9902461,9900444,2311,1990.889269282141,1,0,41.25,1.090000033378601,100,1
9904472,9902435,2312,1990.889269282141,1,0,41.25,1.090000033378601,100,1
9906445,9904426,2313,1990.889269282141,1,0,40.79999923706055,1.100000023841858,100,1
9908431,9906416,2314,1990.889269282141,1,0,40.34000015258789,1.100000023841858,100,1
9910404,9908407,2315,1990.889269282141,1,0,39.90000152587891,1.100000023841858,100,1
9912409,9910398,2316,1990.889269282141,1,0,39.90000152587891,1.120000004768372,100,1
9914423,9912389,2317,1990.889269282141,1,0,39.45000076293945,1.120000004768372,100,1
9916382,9914380,2318,1990.889269282141,1,0,39,1.120000004768372,100,1
9918415,9916371,2319,1990.889269282141,1,0,38.54999923706055,1.120000004768372,100,1
9920396,9918362,2320,1990.889269282141,1,0,38.09000015258789,1.110000014305115,100,1
9922424,9920353,2321,1990.889269282141,1,0,37.65000152587891,1.110000014305115,100,1
9924382,9922344,2322,1990.889269282141,1,0,37.20000076293945,1.110000014305115,100,1
9926386,9924334,2323,1990.889269282141,1,0,36.75,1.110000014305115,100,1
9928380,9926325,2324,1990.889269282141,1,0,36.29999923706055,1.120000004768372,100,1
9930323,9928316,2325,1990.889269282141,1,0,35.84000015258789,1.120000004768372,100,1
9932329,9930307,2326,1990.889269282141,1,0,35.40000152587891,1.120000004768372,100,1
9934316,9932298,2327,1990.889269282141,1,0,34.5,1.100000023841858,100,1
9936302,9934289,2328,1990.889269282141,1,0,34.04999923706055,1.029999971389771,100,1
9938262,9936280,2329,1990.889269282141,1,0,33.13999938964844,1.059999942779541,100,1
9940279,9938271,2330,1990.889269282141,1,0,32.25,1.090000033378601,100,1
9942280,9940262,2331,1990.889269282141,1,0,31.35000038146973,0.9800000190734863,100,1
9944248,9942253,2332,1990.889269282141,1,0,30.45000076293945,0.8100000023841858,100,1
9946244,9944243,2333,1990.889269282141,1,0,29.54999923706055,0.7699999809265137,100,1
9948224,9946234,2334,1990.889269282141,1,0,28.20000076293945,0.7599999904632568,100,1
9950265,9948225,2335,1990.889269282141,1,0,27.29999923706055,0.7599999904632568,100,1
9952264,9950216,2336,1990.889269282141,1,0,26.39999961853027,0.75,100,1
9954263,9952207,2337,1990.889269282141,1,0,25.5,0.7599999904632568,100,1
9956267,9954198,2338,1990.889269282141,1,0,24.14999961853027,0.7699999809265137,100,1
9958268,9956189,2339,1990.889269282141,1,0,23.25,654.3599853515625,0,0
9960235,9958180,2340,1990.889269282141,1,0,22.35000038146973,1.440000057220459,100,1
9962290,9960171,2341,1990.889269282141,1,0,21.45000076293945,1.580000042915344,100,1
9964304,9962161,2342,1990.889269282141,1,0,20.54999923706055,1.590000033378601,100,1
9966243,9964152,2343,1990.889269282141,1,0,19.20000076293945,1.610000014305115,100,1
9968163,9966143,2344,1990.889269282141,1,0,18.29999923706055,1.620000004768372,100,1
9970098,9968134,2345,1990.889269282141,1,0,17.39999961853027,1.649999976158142,100,1
9972081,9970125,2346,1990.889269282141,1,0,16.5,1.700000047683716,100,1
9974085,9972116,2347,1990.889269282141,1,0,15.14999961853027,1.75,100,1
9976092,9974107,2348,1990.889269282141,1,0,14.23999977111816,1.950000047683716,100,1
9978063,9976098,2349,1990.889269282141,1,0,13.35000038146973,2.109999895095825,100,1
9980156,9978095,2350,1991.059415425713,1,0,12.44999980926514,2.059999942779541,100,1
9982119,9980086,2351,1991.059415425713,1,0,11.53999996185303,2.009999990463257,100,1
9984195,9982077,2352,1991.059415425713,1,0,10.19999980926514,1.340000033378601,100,1
9986098,9984068,2353,1991.059415425713,1,0,9.289999961853027,1.289999961853027,100,1
9988098,9986059,2354,1991.059415425713,1,0,8.390000343322754,1.279999971389771,100,1
9990006,9988051,2355,1991.059415425713,1,0,7.5,1.269999980926514,100,1
9992009,9990042,2356,1991.059415425713,1,0,6.139999866485596,1.25,100,1
9994011,9992033,2357,1991.059415425713,1,0,5.25,1.240000009536743,100,1
9995981,9994024,2358,1991.059415425713,1,0,4.349999904632568,1.220000028610229,100,1
9997989,9996015,2359,1991.059415425713,1,0,3.450000047683716,1.220000028610229,100,1
9999986,9998006,2360,1991.059415425713,1,0,2.549999952316284,1.200000047683716,100,1
10001999,9999997,2361,1991.059415425713,1,0,1.200000047683716,1.190000057220459,100,1
10003976,10001988,2362,1991.059415425713,1,0,0.300000011920929,1.179999947547913,100,1
10005985,10003979,2363,1991.059415425713,1,0,-0.5899999737739563,1.169999957084656,100,1
10007958,10005970,2364,1991.059415425713,1,0,-1.490000009536743,1.169999957084656,100,1
10009991,10007961,2365,1991.059415425713,1,0,-2.390000104904175,1.159999966621399,100,1
10011990,10009952,2366,1991.059415425713,1,0,-3.740000009536743,1.159999966621399,100,1
10013958,10011943,2367,1991.059415425713,1,0,-4.639999866485596,1.149999976158142,100,1
10015959,10013934,2368,1991.059415425713,1,0,-5.550000190734863,1.139999985694885,100,1
10017923,10015925,2369,1991.059415425713,1,0,-6.449999809265137,1.129999995231628,100,1
10019907,10017916,2370,1991.059415425713,1,0,-7.349999904632568,1.129999995231628,100,1
10021915,10019908,2371,1991.059415425713,1,0,-8.699999809265137,1.129999995231628,100,1
10023885,10021899,2372,1991.059415425713,1,0,-9.590000152587891,1.120000004768372,100,1
10025882,10023890,2373,1991.059415425713,1,0,-10.5,1.110000014305115,100,1
10027873,10025881,2374,1991.059415425713,1,0,-11.39999961853027,1.110000014305115,100,1
10029857,10027872,2375,1991.059415425713,1,0,-12.75,1.100000023841858,100,1
10031857,10029863,2376,1991.059415425713,1,0,-13.64999961853027,1.090000033378601,100,1
10033836,10031854,2377,1991.059415425713,1,0,-14.55000019073486,1.049999952316284,100,1
10035868,10033845,2378,1991.059415425713,1,0,-15.44999980926514,0.6700000166893005,100,1
10037846,10035836,2379,1991.059415425713,1,0,-16.34000015258789,0.4799999892711639,100,1
10039785,10037827,2380,1991.059415425713,1,0,-17.69000053405762,0.4699999988079071,100,1
10041816,10039818,2381,1991.059415425713,1,0,-18.59000015258789,0.4699999988079071,100,1
10043760,10041809,2382,1991.059415425713,1,0,-19.48999977111816,0.4699999988079071,100,1
10045773,10043800,2383,1991.059415425713,1,0,-20.38999938964844,0.4600000083446503,100,1
10047736,10045791,2384,1991.059415425713,1,0,-21.73999977111816,0.4600000083446503,100,1
10049805,10047782,2385,1991.059415425713,1,0,-22.63999938964844,0.4600000083446503,100,1
10051816,10049773,2386,1991.059415425713,1,0,-23.54999923706055,0.4199999868869781,100,1
10053815,10051764,2387,1991.059415425713,1,0,-24.45000076293945,0.449999988079071,100,1
10055788,10053756,2388,1991.059415425713,1,0,-25.34000015258789,0.4600000083446503,100,1
10057749,10055747,2389,1991.059415425713,1,0,-26.70000076293945,0.4699999988079071,100,1
10059799,10057738,2390,1991.059415425713,1,0,-27.59000015258789,0.4699999988079071,100,1
10061749,10059729,2391,1991.059415425713,1,0,-28.48999977111816,0.4600000083446503,100,1
10063696,10061720,2392,1991.059415425713,1,0,-29.38999938964844,0.449999988079071,100,1
10065701,10063711,2393,1991.059415425713,1,0,-30.73999977111816,0.449999988079071,100,1
10067702,10065702,2394,1991.059415425713,1,0,-31.19000053405762,0.449999988079071,100,1
10069693,10067693,2395,1991.059415425713,1,0,-32.09000015258789,0.4399999976158142,100,1
10071690,10069684,2396,1991.059415425713,1,0,-32.54999923706055,0.449999988079071,100,1
10073672,10071675,2397,1991.059415425713,1,0,-33.43999862670898,0.4600000083446503,100,1
10075678,10073666,2398,1991.059415425713,1,0,-33.88999938964844,0.4600000083446503,100,1
10077677,10075657,2399,1991.059415425713,1,0,-34.34000015258789,0.4600000083446503,100,1
10079655,10077649,2400,1990.843532340571,1,0,-34.79999923706055,0.449999988079071,100,1
10081648,10079640,2401,1990.843532340571,1,0,-35.25,0.449999988079071,100,1
10083619,10081631,2402,1990.843532340571,1,0,-35.68999862670898,0.4600000083446503,100,1
10085625,10083621,2403,1990.843532340571,1,0,-36.13999938964844,0.4600000083446503,100,1
10087627,10085612,2404,1990.843532340571,1,0,-36.59000015258789,0.4699999988079071,100,1
10089608,10087603,2405,1990.843532340571,1,0,-37.04999923706055,0.4699999988079071,100,1
10091591,10089594,2406,1990.843532340571,1,0,-37.04999923706055,0.449999988079071,100,1
10093599,10091585,2407,1990.843532340571,1,0,-37.5,0.449999988079071,100,1
10095586,10093576,2408,1990.843532340571,1,0,-37.93999862670898,0.4399999976158142,100,1
10097562,10095566,2409,1990.843532340571,1,0,-38.38999938964844,0.449999988079071,100,1
10099547,10097557,2410,1990.843532340571,1,0,-38.38999938964844,0.4699999988079071,100,1
10101541,10099548,2411,1990.843532340571,1,0,-38.84000015258789,0.4600000083446503,100,1
10103551,10101539,2412,1990.843532340571,1,0,-39.29999923706055,0.4699999988079071,100,1
10105496,10103530,2413,1990.843532340571,1,0,-39.75,0.4699999988079071,100,1
10107493,10105521,2414,1990.843532340571,1,0,-39.75,0.4600000083446503,100,1
10109523,10107512,2415,1990.843532340571,1,0,-40.18999862670898,0.4699999988079071,100,1
10111541,10109502,2416,1990.843532340571,1,0,-40.63999938964844,0.4799999892711639,100,1
10113473,10111493,2417,1990.843532340571,1,0,-40.63999938964844,0.4699999988079071,100,1
10115479,10113484,2418,1990.843532340571,1,0,-41.09999847412109,0.4699999988079071,100,1
10117435,10115475,2419,1990.843532340571,1,0,-41.09999847412109,0.4699999988079071,100,1
10119448,10117466,2420,1990.843532340571,1,0,-41.54999923706055,0.4699999988079071,100,1
10121453,10119457,2421,1990.843532340571,1,0,-41.9900016784668,0.4799999892711639,100,1
10123424,10121447,2422,1990.843532340571,1,0,-41.9900016784668,0.4900000095367432,100,1
10125432,10123438,2423,1990.843532340571,1,0,-42.43999862670898,0.4900000095367432,100,1
10127394,10125429,2424,1990.843532340571,1,0,-42.43999862670898,0.5,100,1
10129393,10127420,2425,1990.843532340571,1,0,-42.90000152587891,0.5,100,1
10131442,10129411,2426,1990.843532340571,1,0,-42.90000152587891,0.4900000095367432,100,1
10133443,10131402,2427,1990.843532340571,1,0,-43.34999847412109,0.5,100,1
10135392,10133393,2428,1990.843532340571,1,0,-45.75,0.5,100,1
10137390,10135383,2429,1990.843532340571,1,0,-46.20000076293945,0.5,100,1
10139378,10137374,2430,1990.843532340571,1,0,-45.75,0.5,100,1
10141414,10139365,2431,1990.843532340571,1,0,-45.75,0.5099999904632568,100,1
10143392,10141356,2432,1990.843532340571,1,0,-45.29999923706055,0.5099999904632568,100,1
10145325,10143347,2433,1990.843532340571,1,0,-44.84999847412109,0.5099999904632568,100,1
10147357,10145338,2434,1990.843532340571,1,0,-44.84999847412109,0.5099999904632568,100,1
10149336,10147328,2435,1990.843532340571,1,0,-44.40000152587891,0.5,100,1
10151260,10149319,2436,1990.843532340571,1,0,-44.40000152587891,0.5,100,1
10153252,10151310,2437,1990.843532340571,1,0,-43.95000076293945,0.5,100,1
10155238,10153301,2438,1990.843532340571,1,0,-43.95000076293945,0.4900000095367432,100,1
10157225,10155292,2439,1990.843532340571,1,0,-43.5,0.4799999892711639,100,1
10159234,10157283,2440,1990.843532340571,1,0,-43.04999923706055,0.4699999988079071,100,1
10161331,10159273,2441,1990.843532340571,1,0,-43.04999923706055,0.4799999892711639,100,1
10163338,10161264,2442,1990.843532340571,1,0,-42.59999847412109,0.4699999988079071,100,1
10165295,10163255,2443,1990.843532340571,1,0,-42.59999847412109,0.4799999892711639,100,1
10167294,10165246,2444,1990.843532340571,1,0,-42.15000152587891,0.4699999988079071,100,1
10169303,10167237,2445,1990.843532340571,1,0,-41.70000076293945,0.4799999892711639,100,1
10171302,10169228,2446,1990.843532340571,1,0,-41.25,0.4799999892711639,100,1
10173236,10171219,2447,1990.843532340571,1,0,-41.25,0.4600000083446503,100,1
10175237,10173209,2448,1990.843532340571,1,0,-40.79999923706055,0.4699999988079071,100,1
10177138,10175200,2449,1990.843532340571,1,0,-40.34000015258789,0.4600000083446503,100,1
10179124,10177184,2450,1990.550825872456,1,0,-40.34000015258789,0.449999988079071,100,1
10181120,10179175,2451,1990.550825872456,1,0,-39.90000152587891,0.4399999976158142,100,1
10183150,10181165,2452,1990.550825872456,1,0,-39.45000076293945,0.4399999976158142,100,1
10185121,10183156,2453,1990.550825872456,1,0,-39,0.449999988079071,100,1
10187125,10185147,2454,1990.550825872456,1,0,-38.54999923706055,0.4600000083446503,100,1
10189183,10187137,2455,1990.550825872456,1,0,-38.09000015258789,0.449999988079071,100,1
10191130,10189128,2456,1990.550825872456,1,0,-37.65000152587891,0.449999988079071,100,1
10193122,10191118,2457,1990.550825872456,1,0,-37.20000076293945,0.4699999988079071,100,1
10195136,10193109,2458,1990.550825872456,1,0,-36.75,0.4699999988079071,100,1
10197146,10195099,2459,1990.550825872456,1,0,-36.29999923706055,0.449999988079071,100,1
10199077,10197090,2460,1990.550825872456,1,0,-35.84000015258789,0.449999988079071,100,1
10201102,10199080,2461,1990.550825872456,1,0,-35.40000152587891,0.4600000083446503,100,1
10203025,10201071,2462,1990.550825872456,1,0,-34.95000076293945,0.449999988079071,100,1
10205005,10203062,2463,1990.550825872456,1,0,-34.04999923706055,0.449999988079071,100,1
10206997,10205052,2464,1990.550825872456,1,0,-33.13999938964844,0.4399999976158142,100,1
10208981,10207043,2465,1990.550825872456,1,0,-32.25,0.449999988079071,100,1
10210972,10209033,2466,1990.550825872456,1,0,-31.35000038146973,0.449999988079071,100,1
10213030,10211024,2467,1990.550825872456,1,0,-30.45000076293945,0.4600000083446503,100,1
10215005,10213014,2468,1990.550825872456,1,0,-29.54999923706055,0.449999988079071,100,1
10216984,10215005,2469,1990.550825872456,1,0,-28.20000076293945,0.4600000083446503,100,1
10219002,10216995,2470,1990.550825872456,1,0,-27.29999923706055,0.4699999988079071,100,1
10220961,10218986,2471,1990.550825872456,1,0,-26.39999961853027,0.4600000083446503,100,1
10222950,10220976,2472,1990.550825872456,1,0,-25.5,0.449999988079071,100,1
10224938,10222967,2473,1990.550825872456,1,0,-24.60000038146973,0.4600000083446503,100,1
10226965,10224958,2474,1990.550825872456,1,0,-23.25,0.4600000083446503,97,1
10228920,10226948,2475,1990.550825872456,1,0,-22.35000038146973,0.4600000083446503,100,1
10230944,10228939,2476,1990.550825872456,1,0,-21.45000076293945,0.4600000083446503,100,1
10232917,10230929,2477,1990.550825872456,1,0,-20.54999923706055,0.4699999988079071,100,1
10234919,10232920,2478,1990.550825872456,1,0,-19.20000076293945,0.4699999988079071,100,1
10236911,10234910,2479,1990.550825872456,1,0,-18.29999923706055,0.4699999988079071,100,1
10238891,10236901,2480,1990.550825872456,1,0,-17.39999961853027,0.4799999892711639,100,1
10240904,10238891,2481,1990.550825872456,1,0,-16.5,0.5400000214576721,100,1
10242845,10240882,2482,1990.550825872456,1,0,-15.60000038146973,1.039999961853027,100,1
10244826,10242873,2483,1990.550825872456,1,0,-14.23999977111816,1.090000033378601,100,1
10246822,10244863,2484,1990.550825872456,1,0,-13.35000038146973,1.100000023841858,100,1
10248798,10246854,2485,1990.550825872456,1,0,-12.44999980926514,1.110000014305115,100,1
10250803,10248844,2486,1990.550825872456,1,0,-11.53999996185303,1.110000014305115,100,1
10252838,10250835,2487,1990.550825872456,1,0,-10.19999980926514,1.120000004768372,100,1
10254816,10252825,2488,1990.550825872456,1,0,-9.289999961853027,1.110000014305115,100,1
10256818,10254816,2489,1990.550825872456,1,0,-8.390000343322754,1.129999995231628,100,1
10258793,10256806,2490,1990.550825872456,1,0,-7.5,1.129999995231628,100,1
10260797,10258797,2491,1990.550825872456,1,0,-6.590000152587891,1.129999995231628,100,1
10262782,10260788,2492,1990.550825872456,1,0,-5.25,1.139999985694885,100,1
10264785,10262778,2493,1990.550825872456,1,0,-4.349999904632568,1.149999976158142,100,1
10266894,10264769,2494,1990.550825872456,1,0,-3.450000047683716,1.159999966621399,100,1
10268786,10266759,2495,1990.550825872456,1,0,-2.549999952316284,1.169999957084656,100,1
10270737,10268750,2496,1990.550825872456,1,0,-1.200000047683716,1.179999947547913,100,1
10272699,10270740,2497,1990.550825872456,1,0,-0.300000011920929,1.179999947547913,100,1
10274705,10272731,2498,1990.550825872456,1,0,0.5899999737739563,1.200000047683716,100,1
10276705,10274721,2499,1990.550825872456,1,0,1.490000009536743,1.210000038146973,100,1
10278675,10276708,2500,1990.644660697965,1,0,2.390000104904175,1.210000038146973,100,1
10280667,10278699,2501,1990.644660697965,1,0,3.299999952316284,1.220000028610229,100,1
10282685,10280690,2502,1990.644660697965,1,0,4.639999866485596,1.240000009536743,100,1
10284701,10282680,2503,1990.644660697965,1,0,5.550000190734863,1.240000009536743,100,1
10286705,10284671,2504,1990.644660697965,1,0,6.449999809265137,1.259999990463257,100,1
10288722,10286661,2505,1990.644660697965,1,0,7.349999904632568,1.279999971389771,100,1
10290700,10288652,2506,1990.644660697965,1,0,8.699999809265137,1.299999952316284,100,1
10292676,10290643,2507,1990.644660697965,1,0,9.590000152587891,1.509999990463257,100,1
10294678,10292633,2508,1990.644660697965,1,0,10.5,2.049999952316284,100,1
10296681,10294624,2509,1990.644660697965,1,0,11.39999961853027,2.079999923706055,100,1
10298619,10296615,2510,1990.644660697965,1,0,12.30000019073486,2.109999895095825,100,1
10300614,10298605,2511,1990.644660697965,1,0,13.64999961853027,1.909999966621399,100,1
10302628,10300596,2512,1990.644660697965,1,0,14.55000019073486,1.75,100,1
10304609,10302587,2513,1990.644660697965,1,0,15.44999980926514,1.710000038146973,100,1
10306614,10304577,2514,1990.644660697965,1,0,16.34000015258789,1.669999957084656,100,1
10308600,10306568,2515,1990.644660697965,1,0,17.69000053405762,1.639999985694885,100,1
10310571,10308559,2516,1990.644660697965,1,0,18.59000015258789,1.610000014305115,100,1
10312559,10310549,2517,1990.644660697965,1,0,19.48999977111816,1.590000033378601,100,1
10314549,10312540,2518,1990.644660697965,1,0,20.38999938964844,1.580000042915344,100,1
10316540,10314530,2519,1990.644660697965,1,0,21.29999923706055,1.289999961853027,100,1
10318521,10316521,2520,1990.644660697965,1,0,22.63999938964844,0.8100000023841858,100,1
10320493,10318512,2521,1990.644660697965,1,0,23.54999923706055,0.7699999809265137,100,1
10322476,10320502,2522,1990.644660697965,1,0,24.45000076293945,0.75,100,1
10324461,10322493,2523,1990.644660697965,1,0,25.34000015258789,0.7599999904632568,100,1
10326458,10324484,2524,1990.644660697965,1,0,26.23999977111816,0.7599999904632568,100,1
10328448,10326474,2525,1990.644660697965,1,0,27.59000015258789,0.7599999904632568,100,1
10330449,10328465,2526,1990.644660697965,1,0,28.48999977111816,0.7599999904632568,100,1
10332447,10330456,2527,1990.644660697965,1,0,29.38999938964844,0.7699999809265137,100,1
10334435,10332446,2528,1990.644660697965,1,0,30.29999923706055,0.8600000143051147,100,1
10336425,10334437,2529,1990.644660697965,1,0,31.19000053405762,1.090000033378601,100,1
10338453,10336428,2530,1990.644660697965,1,0,32.09000015258789,1.039999961853027,100,1
10340405,10338418,2531,1990.644660697965,1,0,32.54999923706055,1.059999942779541,100,1
10342383,10340409,2532,1990.644660697965,1,0,33,1.110000014305115,100,1
10344416,10342399,2533,1990.644660697965,1,0,33.88999938964844,1.110000014305115,100,1
10346405,10344390,2534,1990.644660697965,1,0,34.34000015258789,1.120000004768372,100,1
10348399,10346381,2535,1990.644660697965,1,0,34.79999923706055,1.120000004768372,100,1
10350442,10348371,2536,1990.644660697965,1,0,35.25,1.120000004768372,100,1
10352385,10350362,2537,1990.644660697965,1,0,35.68999862670898,1.110000014305115,100,1
10354342,10352353,2538,1990.644660697965,1,0,36.13999938964844,1.110000014305115,100,1
10356333,10354343,2539,1990.644660697965,1,0,36.59000015258789,1.110000014305115,100,1
10358318,10356334,2540,1990.644660697965,1,0,36.59000015258789,1.120000004768372,100,1
10360333,10358325,2541,1990.644660697965,1,0,37.04999923706055,1.110000014305115,100,1
10362300,10360315,2542,1990.644660697965,1,0,37.5,1.120000004768372,100,1
10364258,10362306,2543,1990.644660697965,1,0,37.93999862670898,1.110000014305115,100,1
10366254,10364297,2544,1990.644660697965,1,0,38.38999938964844,1.100000023841858,100,1
10368260,10366287,2545,1990.644660697965,1,0,38.38999938964844,1.100000023841858,100,1
10370311,10368278,2546,1990.644660697965,1,0,38.84000015258789,1.110000014305115,100,1
10372288,10370269,2547,1990.644660697965,1,0,39.29999923706055,1.100000023841858,100,1
10374297,10372259,2548,1990.644660697965,1,0,39.29999923706055,1.100000023841858,100,1
10376295,10374250,2549,1990.644660697965,1,0,39.75,1.100000023841858,100,1
10378319,10376248,2550,1991.091728558372,1,0,40.18999862670898,1.100000023841858,100,1
10380206,10378239,2551,1991.091728558372,1,0,40.18999862670898,1.100000023841858,100,1
10382186,10380230,2552,1991.091728558372,1,0,40.63999938964844,1.090000033378601,100,1
10384286,10382222,2553,1991.091728558372,1,0,41.09999847412109,1.080000042915344,100,1
10386193,10384213,2554,1991.091728558372,1,0,41.09999847412109,1.090000033378601,100,1
10388189,10386204,2555,1991.091728558372,1,0,41.54999923706055,1.080000042915344,100,1
10390170,10388195,2556,1991.091728558372,1,0,41.54999923706055,1.070000052452087,100,1
10392170,10390186,2557,1991.091728558372,1,0,41.9900016784668,1.070000052452087,100,1
10394142,10392177,2558,1991.091728558372,1,0,42.43999862670898,1.070000052452087,100,1
10396141,10394168,2559,1991.091728558372,1,0,42.43999862670898,1.080000042915344,100,1
10398131,10396159,2560,1991.091728558372,1,0,42.90000152587891,1.070000052452087,100,1
10400121,10398150,2561,1991.091728558372,1,0,42.90000152587891,1.070000052452087,100,1
10402099,10400141,2562,1991.091728558372,1,0,43.34999847412109,1.070000052452087,100,1
10404126,10402133,2563,1991.091728558372,1,0,45.75,1.070000052452087,100,1
10406141,10404124,2564,1991.091728558372,1,0,45.75,1.059999942779541,100,1
10408103,10406115,2565,1991.091728558372,1,0,45.29999923706055,1.059999942779541,100,1
10410115,10408106,2566,1991.091728558372,1,0,45.29999923706055,1.059999942779541,100,1
10412081,10410097,2567,1991.091728558372,1,0,44.84999847412109,1.049999952316284,100,1
10414060,10412088,2568,1991.091728558372,1,0,44.84999847412109,1.059999942779541,100,1
10416053,10414079,2569,1991.091728558372,1,0,44.40000152587891,1.070000052452087,100,1
10418023,10416070,2570,1991.091728558372,1,0,44.40000152587891,1.070000052452087,100,1
10420041,10418061,2571,1991.091728558372,1,0,43.95000076293945,1.070000052452087,100,1
10422034,10420052,2572,1991.091728558372,1,0,43.5,1.080000042915344,100,1
10424009,10422043,2573,1991.091728558372,1,0,43.5,1.080000042915344,100,1
10426008,10424035,2574,1991.091728558372,1,0,43.04999923706055,1.080000042915344,100,1
10428010,10426026,2575,1991.091728558372,1,0,43.04999923706055,1.090000033378601,100,1
10429980,10428017,2576,1991.091728558372,1,0,42.59999847412109,1.080000042915344,100,1
10431987,10430008,2577,1991.091728558372,1,0,42.15000152587891,1.090000033378601,100,1
10433949,10431999,2578,1991.091728558372,1,0,42.15000152587891,1.090000033378601,100,1
10435955,10433990,2579,1991.091728558372,1,0,41.70000076293945,1.090000033378601,100,1
10437964,10435981,2580,1991.091728558372,1,0,41.25,1.090000033378601,100,1
10439928,10437972,2581,1991.091728558372,1,0,40.79999923706055,1.090000033378601,100,1
10441945,10439963,2582,1991.091728558372,1,0,40.79999923706055,1.090000033378601,100,1
10443904,10441954,2583,1991.091728558372,1,0,40.34000015258789,1.110000014305115,100,1
10445966,10443945,2584,1991.091728558372,1,0,39.90000152587891,1.100000023841858,100,1
10447953,10445937,2585,1991.091728558372,1,0,39.45000076293945,1.110000014305115,100,1
10449972,10447928,2586,1991.091728558372,1,0,39.45000076293945,1.129999995231628,100,1
10451941,10449919,2587,1991.091728558372,1,0,39,1.120000004768372,100,1
10453907,10451910,2588,1991.091728558372,1,0,38.54999923706055,1.120000004768372,100,1
10455866,10453901,2589,1991.091728558372,1,0,38.09000015258789,1.110000014305115,100,1
10457878,10455892,2590,1991.091728558372,1,0,37.65000152587891,1.110000014305115,100,1
10459829,10457883,2591,1991.091728558372,1,0,37.20000076293945,1.110000014305115,100,1
10461847,10459874,2592,1991.091728558372,1,0,36.75,1.110000014305115,100,1
10463811,10461865,2593,1991.091728558372,1,0,36.29999923706055,1.120000004768372,100,1
10465813,10463856,2594,1991.091728558372,1,0,35.84000015258789,1.120000004768372,100,1
10467814,10465847,2595,1991.091728558372,1,0,34.95000076293945,1.120000004768372,100,1
10469803,10467839,2596,1991.091728558372,1,0,34.5,1.059999942779541,100,1
10471758,10469830,2597,1991.091728558372,1,0,33.59000015258789,1.019999980926514,100,1
10473775,10471821,2598,1991.091728558372,1,0,33.13999938964844,1.080000042915344,100,1
10475748,10473812,2599,1991.091728558372,1,0,31.79999923706055,1.090000033378601,100,1
10477708,10475793,2600,1990.429382846698,1,0,30.89999961853027,0.8999999761581421,100,1
10479723,10477784,2601,1990.429382846698,1,0,30,0.7900000214576721,100,1
10481716,10479774,2602,1990.429382846698,1,0,29.10000038146973,0.7699999809265137,100,1
10483702,10481765,2603,1990.429382846698,1,0,27.75,0.75,100,1
10485697,10483755,2604,1990.429382846698,1,0,26.85000038146973,0.7400000095367432,100,1
10487710,10485746,2605,1990.429382846698,1,0,25.95000076293945,0.7599999904632568,100,1
10489709,10487736,2606,1990.429382846698,1,0,25.04999923706055,0.7599999904632568,100,1
10491691,10489726,2607,1990.429382846698,1,0,24.14999961853027,0.7900000214576721,100,1
10493644,10491717,2608,1990.429382846698,1,0,22.79999923706055,654.3599853515625,0,0
10495675,10493707,2609,1990.429382846698,1,0,21.89999961853027,1.539999961853027,100,1
10497671,10495698,2610,1990.429382846698,1,0,21,1.590000033378601,100,1
10499694,10497688,2611,1990.429382846698,1,0,20.10000038146973,1.600000023841858,100,1
10501653,10499679,2612,1990.429382846698,1,0,19.20000076293945,1.610000014305115,100,1
10503681,10501669,2613,1990.429382846698,1,0,17.85000038146973,1.629999995231628,100,1
10505628,10503659,2614,1990.429382846698,1,0,16.95000076293945,1.659999966621399,100,1
10507637,10505650,2615,1990.429382846698,1,0,16.04000091552734,1.710000038146973,100,1
10509599,10507640,2616,1990.429382846698,1,0,15.14999961853027,1.769999980926514,100,1
10511617,10509631,2617,1990.429382846698,1,0,13.78999996185303,2.079999923706055,100,1
10513661,10511621,2618,1990.429382846698,1,0,12.89999961853027,2.089999914169312,100,1
10515635,10513612,2619,1990.429382846698,1,0,11.98999977111816,2.059999942779541,100,1
10517611,10515602,2620,1990.429382846698,1,0,11.10000038146973,1.769999980926514,100,1
10519638,10517592,2621,1990.429382846698,1,0,10.19999980926514,1.309999942779541,100,1
10521630,10519583,2622,1990.429382846698,1,0,8.840000152587891,1.289999961853027,100,1
10523582,10521573,2623,1990.429382846698,1,0,7.949999809265137,1.269999980926514,100,1
10525569,10523564,2624,1990.429382846698,1,0,7.050000190734863,1.259999990463257,100,1
10527485,10525554,2625,1990.429382846698,1,0,6.139999866485596,1.210000038146973,100,1
10529482,10527545,2626,1990.429382846698,1,0,4.800000190734863,1.230000019073486,100,1
10531454,10529535,2627,1990.429382846698,1,0,3.900000095367432,1.220000028610229,100,1
10533472,10531525,2628,1990.429382846698,1,0,3,1.210000038146973,100,1
10535437,10533516,2629,1990.429382846698,1,0,2.089999914169312,1.200000047683716,100,1
10537471,10535506,2630,1990.429382846698,1,0,1.200000047683716,1.179999947547913,100,1
10539437,10537497,2631,1990.429382846698,1,0,0.300000011920929,1.179999947547913,100,1
10541470,10539487,2632,1990.429382846698,1,0,-1.039999961853027,1.179999947547913,100,1
10543442,10541478,2633,1990.429382846698,1,0,-1.940000057220459,1.159999966621399,100,1
10545418,10543468,2634,1990.429382846698,1,0,-2.839999914169312,1.159999966621399,100,1
10547466,10545458,2635,1990.429382846698,1,0,-3.740000009536743,1.149999976158142,100,1
10549448,10547449,2636,1990.429382846698,1,0,-5.090000152587891,1.149999976158142,100,1
10551485,10549439,2637,1990.429382846698,1,0,-6,1.139999985694885,100,1
10553484,10551430,2638,1990.429382846698,1,0,-6.889999866485596,1.129999995231628,100,1
10555421,10553420,2639,1990.429382846698,1,0,-7.800000190734863,1.120000004768372,100,1
10557421,10555411,2640,1990.429382846698,1,0,-8.699999809265137,1.120000004768372,100,1
10559340,10557401,2641,1990.429382846698,1,0,-10.05000019073486,1.120000004768372,100,1
10561370,10559391,2642,1990.429382846698,1,0,-10.94999980926514,1.110000014305115,100,1
10563381,10561382,2643,1990.429382846698,1,0,-11.85000038146973,1.100000023841858,100,1
10565333,10563372,2644,1990.429382846698,1,0,-12.75,1.100000023841858,100,1
10567343,10565363,2645,1990.429382846698,1,0,-14.10000038146973,1.080000042915344,100,1
10569317,10567353,2646,1990.429382846698,1,0,-14.98999977111816,1,100,1
10571327,10569344,2647,1990.429382846698,1,0,-15.89999961853027,0.5400000214576721,100,1
10573322,10571334,2648,1990.429382846698,1,0,-16.79000091552734,0.4399999976158142,100,1
10575317,10573324,2649,1990.429382846698,1,0,-17.69000053405762,0.4699999988079071,100,1
10577316,10575315,2650,1990.775506277359,1,0,-19.04000091552734,0.4699999988079071,100,1
10579329,10577306,2651,1990.775506277359,1,0,-19.94000053405762,0.4600000083446503,100,1
10581338,10579297,2652,1990.775506277359,1,0,-20.84000015258789,0.4600000083446503,100,1
10583329,10581287,2653,1990.775506277359,1,0,-21.73999977111816,0.4600000083446503,100,1
10585320,10583278,2654,1990.775506277359,1,0,-23.09000015258789,0.449999988079071,100,1
10587332,10585269,2655,1990.775506277359,1,0,-23.98999977111816,0.4600000083446503,100,1
10589398,10587260,2656,1990.775506277359,1,0,-24.88999938964844,0.4600000083446503,100,1
10591282,10589250,2657,1990.775506277359,1,0,-25.79999923706055,0.4699999988079071,100,1
10593230,10591241,2658,1990.775506277359,1,0,-26.70000076293945,0.4699999988079071,100,1
10595209,10593232,2659,1990.775506277359,1,0,-28.04999923706055,0.4600000083446503,100,1
10597197,10595223,2660,1990.775506277359,1,0,-28.95000076293945,0.4600000083446503,100,1
10599174,10597214,2661,1990.775506277359,1,0,-29.84000015258789,0.4600000083446503,100,1
10601154,10599204,2662,1990.775506277359,1,0,-30.73999977111816,0.449999988079071,100,1
10603149,10601195,2663,1990.775506277359,1,0,-31.63999938964844,0.449999988079071,100,1
10605117,10603186,2664,1990.775506277359,1,0,-32.09000015258789,0.4399999976158142,100,1
10607129,10605177,2665,1990.775506277359,1,0,-33,0.449999988079071,100,1
10609191,10607167,2666,1990.775506277359,1,0,-33.43999862670898,0.4600000083446503,100,1
10611163,10609158,2667,1990.775506277359,1,0,-33.88999938964844,0.4600000083446503,100,1
10613167,10611149,2668,1990.775506277359,1,0,-34.34000015258789,0.4600000083446503,100,1
10615165,10613140,2669,1990.775506277359,1,0,-34.79999923706055,0.4000000059604645,100,1
10617144,10615130,2670,1990.775506277359,1,0,-35.25,0.4600000083446503,100,1
10619140,10617121,2671,1990.775506277359,1,0,-35.68999862670898,0.4600000083446503,100,1
10621111,10619112,2672,1990.775506277359,1,0,-36.13999938964844,0.4600000083446503,100,1
10623119,10621103,2673,1990.775506277359,1,0,-36.59000015258789,0.4699999988079071,100,1
10625190,10623094,2674,1990.775506277359,1,0,-37.04999923706055,0.4600000083446503,100,1
10627090,10625084,2675,1990.775506277359,1,0,-37.5,0.449999988079071,100,1
10629075,10627075,2676,1990.775506277359,1,0,-37.5,0.449999988079071,100,1
10631030,10629066,2677,1990.775506277359,1,0,-37.93999862670898,0.4399999976158142,100,1
10633029,10631057,2678,1990.775506277359,1,0,-38.38999938964844,0.449999988079071,100,1
10635033,10633047,2679,1990.775506277359,1,0,-38.84000015258789,0.4699999988079071,100,1
10637006,10635038,2680,1990.775506277359,1,0,-38.84000015258789,0.4600000083446503,100,1
10639004,10637029,2681,1990.775506277359,1,0,-39.29999923706055,0.4699999988079071,100,1
10641002,10639020,2682,1990.775506277359,1,0,-39.75,0.4699999988079071,100,1
10642978,10641011,2683,1990.775506277359,1,0,-39.75,0.4600000083446503,100,1
10644975,10643001,2684,1990.775506277359,1,0,-40.18999862670898,0.4699999988079071,100,1
10646962,10644992,2685,1990.775506277359,1,0,-40.63999938964844,0.4600000083446503,100,1
10648999,10646983,2686,1990.775506277359,1,0,-40.63999938964844,0.4699999988079071,100,1
10651048,10648974,2687,1990.775506277359,1,0,-41.09999847412109,0.4799999892711639,100,1
10653010,10650964,2688,1990.775506277359,1,0,-41.54999923706055,0.4699999988079071,100,1
10654974,10652955,2689,1990.775506277359,1,0,-41.54999923706055,0.4699999988079071,100,1
10656969,10654946,2690,1990.775506277359,1,0,-41.9900016784668,0.4900000095367432,100,1
10658898,10656937,2691,1990.775506277359,1,0,-41.9900016784668,0.4900000095367432,100,1
10660909,10658928,2692,1990.775506277359,1,0,-42.43999862670898,0.4900000095367432,100,1
10662914,10660918,2693,1990.775506277359,1,0,-42.43999862670898,0.5,100,1
10664889,10662909,2694,1990.775506277359,1,0,-42.90000152587891,0.5,100,1
10666890,10664900,2695,1990.775506277359,1,0,-43.34999847412109,0.5,100,1
10668875,10666891,2696,1990.775506277359,1,0,-45.75,0.5,100,1
10670865,10668881,2697,1990.775506277359,1,0,-46.20000076293945,0.5,100,1
10672854,10670872,2698,1990.775506277359,1,0,-45.75,0.5,100,1
10674868,10672863,2699,1990.775506277359,1,0,-45.75,0.5099999904632568,100,1
10676826,10674851,2700,1990.660405021887,1,0,-45.29999923706055,0.5099999904632568,100,1
10678820,10676842,2701,1990.660405021887,1,0,-45.29999923706055,0.5099999904632568,100,1
10680806,10678832,2702,1990.660405021887,1,0,-44.84999847412109,0.5099999904632568,100,1
10682799,10680823,2703,1990.660405021887,1,0,-44.84999847412109,0.4600000083446503,100,1
10684783,10682814,2704,1990.660405021887,1,0,-44.40000152587891,0.5,100,1
10686803,10684804,2705,1990.660405021887,1,0,-44.40000152587891,0.4799999892711639,100,1
10688783,10686795,2706,1990.660405021887,1,0,-43.95000076293945,0.5,100,1
10690764,10688786,2707,1990.660405021887,1,0,-43.5,0.4799999892711639,100,1
10692761,10690776,2708,1990.660405021887,1,0,-43.5,0.4699999988079071,100,1
10694742,10692767,2709,1990.660405021887,1,0,-43.04999923706055,0.4799999892711639,100,1
10696733,10694758,2710,1990.660405021887,1,0,-43.04999923706055,0.4799999892711639,100,1
10698719,10696748,2711,1990.660405021887,1,0,-42.59999847412109,0.4600000083446503,100,1
10700697,10698739,2712,1990.660405021887,1,0,-42.15000152587891,0.4699999988079071,100,1
10702729,10700730,2713,1990.660405021887,1,0,-42.15000152587891,0.4799999892711639,100,1
10704721,10702720,2714,1990.660405021887,1,0,-41.70000076293945,0.4699999988079071,100,1
10706709,10704711,2715,1990.660405021887,1,0,-41.25,0.4699999988079071,100,1
10708703,10706702,2716,1990.660405021887,1,0,-40.79999923706055,0.4699999988079071,100,1
10710737,10708692,2717,1990.660405021887,1,0,-40.79999923706055,0.4799999892711639,100,1
10712707,10710683,2718,1990.660405021887,1,0,-40.34000015258789,0.449999988079071,100,1
10714700,10712674,2719,1990.660405021887,1,0,-39.90000152587891,0.449999988079071,100,1
10716689,10714664,2720,1990.660405021887,1,0,-39.45000076293945,0.4399999976158142,100,1
10718666,10716655,2721,1990.660405021887,1,0,-39.45000076293945,0.4399999976158142,100,1
10720657,10718646,2722,1990.660405021887,1,0,-39,0.449999988079071,100,1
10722642,10720636,2723,1990.660405021887,1,0,-38.54999923706055,0.4399999976158142,100,1
10724630,10722627,2724,1990.660405021887,1,0,-38.09000015258789,0.449999988079071,100,1
10726618,10724617,2725,1990.660405021887,1,0,-37.65000152587891,0.449999988079071,100,1
10728600,10726608,2726,1990.660405021887,1,0,-37.20000076293945,0.4600000083446503,100,1
10730608,10728599,2727,1990.660405021887,1,0,-36.75,0.4600000083446503,100,1
10732612,10730589,2728,1990.660405021887,1,0,-36.29999923706055,0.4600000083446503,100,1
10734608,10732580,2729,1990.660405021887,1,0,-35.84000015258789,0.449999988079071,100,1
10736590,10734571,2730,1990.660405021887,1,0,-34.95000076293945,0.4600000083446503,100,1
10738584,10736561,2731,1990.660405021887,1,0,-34.5,0.449999988079071,100,1
10740558,10738552,2732,1990.660405021887,1,0,-34.04999923706055,0.4399999976158142,100,1
10742540,10740543,2733,1990.660405021887,1,0,-33.13999938964844,0.449999988079071,100,1
10744530,10742533,2734,1990.660405021887,1,0,-32.25,0.449999988079071,100,1
10746529,10744524,2735,1990.660405021887,1,0,-30.89999961853027,0.4399999976158142,100,1
10748499,10746515,2736,1990.660405021887,1,0,-30,0.449999988079071,100,1
10750502,10748505,2737,1990.660405021887,1,0,-29.10000038146973,0.4600000083446503,100,1
10752492,10750496,2738,1990.660405021887,1,0,-28.20000076293945,0.4600000083446503,100,1
10754500,10752487,2739,1990.660405021887,1,0,-26.85000038146973,0.4600000083446503,100,1
10756477,10754477,2740,1990.660405021887,1,0,-25.95000076293945,0.4600000083446503,100,1
10758490,10756468,2741,1990.660405021887,1,0,-25.04999923706055,0.449999988079071,100,1
10760449,10758459,2742,1990.660405021887,1,0,-24.14999961853027,0.449999988079071,100,1
10762446,10760449,2743,1990.660405021887,1,0,-23.25,0.4600000083446503,100,1
10764421,10762440,2744,1990.660405021887,1,0,-21.89999961853027,0.4600000083446503,100,1
10766406,10764431,2745,1990.660405021887,1,0,-21,0.4600000083446503,100,1
10768423,10766421,2746,1990.660405021887,1,0,-20.10000038146973,0.4699999988079071,100,1
10770409,10768412,2747,1990.660405021887,1,0,-19.20000076293945,0.4699999988079071,100,1
10772397,10770403,2748,1990.660405021887,1,0,-17.85000038146973,0.4699999988079071,100,1
10774398,10772393,2749,1990.660405021887,1,0,-16.95000076293945,0.4799999892711639,100,1
10776374,10774383,2750,1990.720324017509,1,0,-16.04000091552734,0.7200000286102295,100,1
10778372,10776374,2751,1990.720324017509,1,0,-15.14999961853027,1.070000052452087,100,1
10780366,10778364,2752,1990.720324017509,1,0,-14.23999977111816,1.100000023841858,100,1
10782347,10780355,2753,1990.720324017509,1,0,-12.89999961853027,1.100000023841858,100,1
10784349,10782346,2754,1990.720324017509,1,0,-11.98999977111816,1.110000014305115,100,1
10786349,10784337,2755,1990.720324017509,1,0,-11.10000038146973,1.110000014305115,100,1
10788352,10786327,2756,1990.720324017509,1,0,-10.19999980926514,1.129999995231628,100,1
10790379,10788318,2757,1990.720324017509,1,0,-8.840000152587891,1.120000004768372,100,1
10792383,10790309,2758,1990.720324017509,1,0,-7.949999809265137,1.129999995231628,100,1
10794382,10792299,2759,1990.720324017509,1,0,-7.050000190734863,1.129999995231628,100,1
10796379,10794290,2760,1990.720324017509,1,0,-6.139999866485596,1.139999985694885,100,1
10798380,10796281,2761,1990.720324017509,1,0,-5.25,1.139999985694885,100,1
10800381,10798272,2762,1990.720324017509,1,0,-3.900000095367432,1.159999966621399,100,1
10802248,10800262,2763,1990.720324017509,1,0,-3,1.159999966621399,97,1
10804241,10802253,2764,1990.720324017509,1,0,-2.089999914169312,1.179999947547913,100,1
10806262,10804244,2765,1990.720324017509,1,0,-1.200000047683716,1.190000057220459,100,1
10808246,10806235,2766,1990.720324017509,1,0,-0.300000011920929,1.190000057220459,100,1
10810229,10808225,2767,1990.720324017509,1,0,1.039999961853027,1.200000047683716,100,1
10812259,10810216,2768,1990.720324017509,1,0,1.940000057220459,1.210000038146973,97,1
10814219,10812207,2769,1990.720324017509,1,0,2.839999914169312,1.220000028610229,100,1
10816202,10814197,2770,1990.720324017509,1,0,3.740000009536743,1.220000028610229,100,1
10818197,10816188,2771,1990.720324017509,1,0,4.639999866485596,1.240000009536743,100,1
10820224,10818179,2772,1990.720324017509,1,0,6,1.25,100,1
10822186,10820170,2773,1990.720324017509,1,0,6.889999866485596,1.269999980926514,100,1
10824169,10822160,2774,1990.720324017509,1,0,7.800000190734863,1.279999971389771,100,1
10826200,10824151,2775,1990.720324017509,1,0,8.699999809265137,1.309999942779541,100,1
10828190,10826142,2776,1990.720324017509,1,0,10.05000019073486,1.779999971389771,100,1
10830169,10828132,2777,1990.720324017509,1,0,10.94999980926514,2.069999933242798,100,1
10832126,10830123,2778,1990.720324017509,1,0,11.85000038146973,2.089999914169312,100,1
10834125,10832114,2779,1990.720324017509,1,0,12.75,2.109999895095825,100,1
10836095,10834105,2780,1990.720324017509,1,0,13.64999961853027,1.799999952316284,100,1
10838092,10836095,2781,1990.720324017509,1,0,14.98999977111816,1.740000009536743,100,1
10840075,10838086,2782,1990.720324017509,1,0,15.89999961853027,1.700000047683716,100,1
10842074,10840077,2783,1990.720324017509,1,0,16.79000091552734,1.659999966621399,100,1
10844046,10842067,2784,1990.720324017509,1,0,17.69000053405762,1.620000004768372,100,1
10846047,10844058,2785,1990.720324017509,1,0,19.04000091552734,1.610000014305115,100,1
10848024,10846049,2786,1990.720324017509,1,0,19.94000053405762,1.590000033378601,100,1
10850011,10848040,2787,1990.720324017509,1,0,20.84000015258789,1.539999961853027,100,1
10852012,10850030,2788,1990.720324017509,1,0,21.73999977111816,654.3599853515625,0,0
10854043,10852021,2789,1990.720324017509,1,0,22.63999938964844,0.7699999809265137,100,1
10856057,10854012,2790,1990.720324017509,1,0,23.98999977111816,0.7599999904632568,100,1
10858037,10856003,2791,1990.720324017509,1,0,24.88999938964844,0.7599999904632568,100,1
10860029,10857993,2792,1990.720324017509,1,0,25.79999923706055,0.75,100,1
10861981,10859984,2793,1990.720324017509,1,0,26.70000076293945,0.75,100,1
10863965,10861975,2794,1990.720324017509,1,0,28.04999923706055,0.7599999904632568,100,1
10865963,10863965,2795,1990.720324017509,1,0,28.95000076293945,0.7699999809265137,100,1
10868004,10865956,2796,1990.720324017509,1,0,29.84000015258789,0.7900000214576721,100,1
10869957,10867947,2797,1990.720324017509,1,0,30.73999977111816,0.9599999785423279,100,1
10871921,10869938,2798,1990.720324017509,1,0,31.63999938964844,1.090000033378601,100,1
10873956,10871928,2799,1990.720324017509,1,0,32.09000015258789,0.9900000095367432,100,1
10875938,10873921,2800,1990.832259214008,1,0,33,1.110000014305115,100,1
10877915,10875912,2801,1990.832259214008,1,0,33.43999862670898,1.120000004768372,100,1
10879911,10877903,2802,1990.832259214008,1,0,33.88999938964844,1.129999995231628,100,1
10881888,10879893,2803,1990.832259214008,1,0,34.34000015258789,1.110000014305115,100,1
10883876,10881884,2804,1990.832259214008,1,0,34.79999923706055,1.110000014305115,100,1
10885867,10883875,2805,1990.832259214008,1,0,35.25,1.120000004768372,100,1
10887884,10885866,2806,1990.832259214008,1,0,35.68999862670898,1.110000014305115,100,1
10889863,10887857,2807,1990.832259214008,1,0,36.13999938964844,1.110000014305115,100,1
10891855,10889848,2808,1990.832259214008,1,0,36.59000015258789,1.110000014305115,100,1
10893836,10891838,2809,1990.832259214008,1,0,37.04999923706055,1.120000004768372,100,1
10895834,10893829,2810,1990.832259214008,1,0,37.5,1.120000004768372,100,1
10897803,10895820,2811,1990.832259214008,1,0,37.5,1.120000004768372,100,1
10899808,10897811,2812,1990.832259214008,1,0,37.93999862670898,1.110000014305115,100,1
10901799,10899802,2813,1990.832259214008,1,0,38.38999938964844,1.110000014305115,100,1
10903766,10901793,2814,1990.832259214008,1,0,38.84000015258789,1.100000023841858,100,1
10905764,10903783,2815,1990.832259214008,1,0,38.84000015258789,1.100000023841858,100,1
10907783,10905774,2816,1990.832259214008,1,0,39.29999923706055,1.100000023841858,100,1
10909769,10907765,2817,1990.832259214008,1,0,39.75,1.100000023841858,100,1
10911799,10909756,2818,1990.832259214008,1,0,39.75,1.100000023841858,100,1
10913785,10911747,2819,1990.832259214008,1,0,40.18999862670898,1.100000023841858,100,1
10915867,10913738,2820,1990.832259214008,1,0,40.63999938964844,1.100000023841858,100,1
10917789,10915728,2821,1990.832259214008,1,0,40.63999938964844,1.090000033378601,100,1
10919831,10917719,2822,1990.832259214008,1,0,41.09999847412109,1.080000042915344,100,1
10921757,10919710,2823,1990.832259214008,1,0,41.54999923706055,1.080000042915344,100,1
10923705,10921701,2824,1990.832259214008,1,0,41.54999923706055,1.080000042915344,100,1
10925687,10923692,2825,1990.832259214008,1,0,41.9900016784668,1.070000052452087,100,1
10927682,10925683,2826,1990.832259214008,1,0,41.9900016784668,1.070000052452087,100,1
10929669,10927673,2827,1990.832259214008,1,0,42.43999862670898,1.070000052452087,100,1
10931652,10929664,2828,1990.832259214008,1,0,42.43999862670898,1.070000052452087,100,1
10933672,10931655,2829,1990.832259214008,1,0,42.90000152587891,1.070000052452087,100,1
10935673,10933646,2830,1990.832259214008,1,0,42.90000152587891,1.070000052452087,100,1
10937636,10935637,2831,1990.832259214008,1,0,45.75,1.070000052452087,100,1
10939651,10937628,2832,1990.832259214008,1,0,45.75,1.059999942779541,100,1
10941654,10939618,2833,1990.832259214008,1,0,45.75,1.070000052452087,100,1
10943618,10941609,2834,1990.832259214008,1,0,45.29999923706055,1.059999942779541,100,1
10945631,10943600,2835,1990.832259214008,1,0,45.29999923706055,1.059999942779541,100,1
10947598,10945591,2836,1990.832259214008,1,0,44.84999847412109,1.070000052452087,100,1
10949595,10947582,2837,1990.832259214008,1,0,44.40000152587891,1.070000052452087,100,1
10951578,10949573,2838,1990.832259214008,1,0,44.40000152587891,1.070000052452087,100,1
10953578,10951563,2839,1990.832259214008,1,0,43.95000076293945,1.070000052452087,100,1
10955588,10953554,2840,1990.832259214008,1,0,43.95000076293945,1.080000042915344,100,1
10957587,10955545,2841,1990.832259214008,1,0,43.5,1.080000042915344,100,1
10959553,10957536,2842,1990.832259214008,1,0,43.5,1.080000042915344,100,1
10961591,10959527,2843,1990.832259214008,1,0,43.04999923706055,1.080000042915344,100,1
10963636,10961518,2844,1990.832259214008,1,0,42.59999847412109,1.090000033378601,100,1
10965548,10963508,2845,1990.832259214008,1,0,42.59999847412109,1.080000042915344,100,1
10967480,10965499,2846,1990.832259214008,1,0,42.15000152587891,1.090000033378601,100,1
10969466,10967490,2847,1990.832259214008,1,0,41.70000076293945,1.090000033378601,100,1
10971487,10969481,2848,1990.832259214008,1,0,41.70000076293945,1.090000033378601,100,1
10973429,10971472,2849,1990.832259214008,1,0,41.25,1.080000042915344,100,1
10975428,10973459,2850,1990.625807371206,1,0,40.79999923706055,1.090000033378601,100,1
10977444,10975450,2851,1990.625807371206,1,0,40.34000015258789,1.100000023841858,100,1
10979398,10977440,2852,1990.625807371206,1,0,40.34000015258789,1.110000014305115,100,1
10981403,10979431,2853,1990.625807371206,1,0,39.90000152587891,1.120000004768372,100,1
10983405,10981422,2854,1990.625807371206,1,0,39.45000076293945,1.120000004768372,100,1
10985410,10983412,2855,1990.625807371206,1,0,39,1.120000004768372,100,1
10987386,10985403,2856,1990.625807371206,1,0,38.54999923706055,1.120000004768372,100,1
10989383,10987393,2857,1990.625807371206,1,0,38.09000015258789,1.110000014305115,100,1
10991383,10989384,2858,1990.625807371206,1,0,37.65000152587891,1.110000014305115,100,1
10993378,10991375,2859,1990.625807371206,1,0,37.20000076293945,1.120000004768372,100,1
10995378,10993365,2860,1990.625807371206,1,0,36.75,1.110000014305115,100,1
10997368,10995356,2861,1990.625807371206,1,0,36.29999923706055,1.110000014305115,100,1
10999368,10997347,2862,1990.625807371206,1,0,35.84000015258789,1.129999995231628,100,1
11001368,10999337,2863,1990.625807371206,1,0,35.40000152587891,1.120000004768372,100,1
11003400,11001328,2864,1990.625807371206,1,0,34.95000076293945,1.120000004768372,100,1
11005411,11003318,2865,1990.625807371206,1,0,34.04999923706055,1.039999961853027,100,1
11007323,11005309,2866,1990.625807371206,1,0,33.59000015258789,1.039999961853027,100,1
11009409,11007300,2867,1990.625807371206,1,0,32.70000076293945,1.090000033378601,100,1
11011301,11009290,2868,1990.625807371206,1,0,31.79999923706055,1.039999961853027,100,1
11013301,11011281,2869,1990.625807371206,1,0,30.45000076293945,0.8299999833106995,100,1
11015267,11013272,2870,1990.625807371206,1,0,29.54999923706055,0.7699999809265137,100,1
11017251,11015262,2871,1990.625807371206,1,0,28.64999961853027,0.7599999904632568,100,1
11019260,11017253,2872,1990.625807371206,1,0,27.75,0.75,100,1
11021231,11019243,2873,1990.625807371206,1,0,26.39999961853027,0.75,100,1
11023251,11021234,2874,1990.625807371206,1,0,25.5,0.7599999904632568,100,1
11025200,11023225,2875,1990.625807371206,1,0,24.60000038146973,0.7599999904632568,100,1
11027201,11025215,2876,1990.625807371206,1,0,23.70000076293945,0.8799999952316284,100,1
11029234,11027206,2877,1990.625807371206,1,0,22.79999923706055,1.340000033378601,100,1
11031173,11029197,2878,1990.625807371206,1,0,21.45000076293945,1.570000052452087,100,1
11033183,11031187,2879,1990.625807371206,1,0,20.54999923706055,1.590000033378601,100,1
11035261,11033178,2880,1990.625807371206,1,0,19.64999961853027,1.590000033378601,100,1
11037246,11035168,2881,1990.625807371206,1,0,18.75,1.610000014305115,100,1
11039206,11037159,2882,1990.625807371206,1,0,17.39999961853027,1.639999985694885,100,1
11041208,11039150,2883,1990.625807371206,1,0,16.5,1.679999947547913,100,1
11043205,11041140,2884,1990.625807371206,1,0,15.60000038146973,1.740000009536743,100,1
11045106,11043131,2885,1990.625807371206,1,0,14.69999980926514,1.860000014305115,100,1
11047115,11045122,2886,1990.625807371206,1,0,13.78999996185303,2.119999885559082,100,1
11049079,11047112,2887,1990.625807371206,1,0,12.44999980926514,2.069999933242798,100,1
11051089,11049103,2888,1990.625807371206,1,0,11.53999996185303,2.039999961853027,100,1
11053057,11051093,2889,1990.625807371206,1,0,10.64999961853027,1.5,100,1
11055149,11053084,2890,1990.625807371206,1,0,9.75,1.299999952316284,100,1
11057092,11055075,2891,1990.625807371206,1,0,8.390000343322754,1.279999971389771,100,1
11059101,11057065,2892,1990.625807371206,1,0,7.5,1.269999980926514,100,1
11061093,11059056,2893,1990.625807371206,1,0,6.590000152587891,1.259999990463257,100,1
11063079,11061047,2894,1990.625807371206,1,0,5.699999809265137,1.240000009536743,100,1
11065052,11063037,2895,1990.625807371206,1,0,4.800000190734863,1.230000019073486,100,1
11067026,11065028,2896,1990.625807371206,1,0,3.450000047683716,1.230000019073486,100,1
11069029,11067018,2897,1990.625807371206,1,0,2.549999952316284,1.200000047683716,100,1
11071022,11069009,2898,1990.625807371206,1,0,1.649999976158142,1.200000047683716,100,1
11073002,11071000,2899,1990.625807371206,1,0,0.75,1.190000057220459,100,1
11075008,11072992,2900,1990.820645896965,1,0,-0.1400000005960464,1.179999947547913,100,1
11076975,11074983,2901,1990.820645896965,1,0,-1.490000009536743,1.169999957084656,100,1
11079008,11076974,2902,1990.820645896965,1,0,-2.390000104904175,1.169999957084656,100,1
11080962,11078965,2903,1990.820645896965,1,0,-3.299999952316284,1.149999976158142,100,1
11082962,11080955,2904,1990.820645896965,1,0,-4.190000057220459,1.139999985694885,100,1
11084969,11082946,2905,1990.820645896965,1,0,-5.090000152587891,1.139999985694885,100,1
11086958,11084937,2906,1990.820645896965,1,0,-6.449999809265137,1.129999995231628,100,1
11088979,11086928,2907,1990.820645896965,1,0,-7.349999904632568,1.129999995231628,100,1
11090939,11088919,2908,1990.820645896965,1,0,-8.25,1.120000004768372,100,1
11092950,11090910,2909,1990.820645896965,1,0,-9.140000343322754,1.120000004768372,100,1
11094922,11092900,2910,1990.820645896965,1,0,-10.5,1.110000014305115,100,1
11096894,11094891,2911,1990.820645896965,1,0,-11.39999961853027,1.110000014305115,100,1
11098903,11096882,2912,1990.820645896965,1,0,-12.30000019073486,1.100000023841858,100,1
11100873,11098873,2913,1990.820645896965,1,0,-13.19999980926514,1.090000033378601,100,1
11102870,11100864,2914,1990.820645896965,1,0,-14.10000038146973,1.059999942779541,100,1
11104834,11102854,2915,1990.820645896965,1,0,-15.44999980926514,0.8199999928474426,100,1
11106840,11104845,2916,1990.820645896965,1,0,-16.34000015258789,0.5,100,1
11108813,11106836,2917,1990.820645896965,1,0,-17.23999977111816,0.4799999892711639,100,1
11110820,11108827,2918,1990.820645896965,1,0,-18.14999961853027,0.4699999988079071,100,1
11112825,11110818,2919,1990.820645896965,1,0,-19.48999977111816,0.4699999988079071,100,1
11114788,11112809,2920,1990.820645896965,1,0,-20.38999938964844,0.4600000083446503,100,1
11116847,11114799,2921,1990.820645896965,1,0,-21.29999923706055,0.449999988079071,100,1
11118832,11116790,2922,1990.820645896965,1,0,-22.20000076293945,0.449999988079071,100,1
11120838,11118781,2923,1990.820645896965,1,0,-23.09000015258789,0.449999988079071,100,1
11122809,11120772,2924,1990.820645896965,1,0,-24.45000076293945,0.4600000083446503,100,1
11124834,11122763,2925,1990.820645896965,1,0,-25.34000015258789,0.4600000083446503,97,1
11126790,11124753,2926,1990.820645896965,1,0,-26.23999977111816,0.4699999988079071,100,1
11128790,11126744,2927,1990.820645896965,1,0,-27.13999938964844,0.4699999988079071,100,1
11130768,11128735,2928,1990.820645896965,1,0,-28.48999977111816,0.4600000083446503,100,1
11132780,11130726,2929,1990.820645896965,1,0,-29.38999938964844,0.4600000083446503,100,1
11134778,11132717,2930,1990.820645896965,1,0,-30.29999923706055,0.449999988079071,100,1
11136724,11134708,2931,1990.820645896965,1,0,-31.19000053405762,0.449999988079071,97,1
11138697,11136698,2932,1990.820645896965,1,0,-31.63999938964844,0.4399999976158142,100,1
11140703,11138689,2933,1990.820645896965,1,0,-32.54999923706055,0.4399999976158142,100,1
11142710,11140680,2934,1990.820645896965,1,0,-33,0.4600000083446503,100,1
11144708,11142671,2935,1990.820645896965,1,0,-33.43999862670898,0.4600000083446503,100,1
11146693,11144662,2936,1990.820645896965,1,0,-34.34000015258789,0.449999988079071,100,1
11148688,11146652,2937,1990.820645896965,1,0,-34.79999923706055,0.4600000083446503,100,1
11150652,11148643,2938,1990.820645896965,1,0,-35.25,0.449999988079071,100,1
11152680,11150634,2939,1990.820645896965,1,0,-35.68999862670898,0.4600000083446503,100,1
11154632,11152625,2940,1990.820645896965,1,0,-36.13999938964844,0.449999988079071,100,1
11156628,11154616,2941,1990.820645896965,1,0,-36.13999938964844,0.4699999988079071,100,1
11158643,11156607,2942,1990.820645896965,1,0,-36.59000015258789,0.4699999988079071,100,1
11160638,11158597,2943,1990.820645896965,1,0,-37.04999923706055,0.449999988079071,100,1
11162667,11160588,2944,1990.820645896965,1,0,-37.5,0.449999988079071,100,1
11164594,11162579,2945,1990.820645896965,1,0,-37.93999862670898,0.4399999976158142,100,1
11166548,11164570,2946,1990.820645896965,1,0,-37.93999862670898,0.449999988079071,100,1
11168553,11166561,2947,1990.820645896965,1,0,-38.38999938964844,0.449999988079071,100,1
11170556,11168552,2948,1990.820645896965,1,0,-38.84000015258789,0.4600000083446503,100,1
11172497,11170542,2949,1990.820645896965,1,0,-39.29999923706055,0.4699999988079071,100,1
11174533,11172533,2950,1990.756516717572,1,0,-39.29999923706055,0.4699999988079071,100,1
11176539,11174524,2951,1990.756516717572,1,0,-39.75,0.4600000083446503,100,1
11178668,11176515,2952,1990.756516717572,1,0,-40.18999862670898,0.4699999988079071,100,1
11180537,11178505,2953,1990.756516717572,1,0,-40.18999862670898,0.4600000083446503,100,1
11182484,11180496,2954,1990.756516717572,1,0,-40.63999938964844,0.4699999988079071,100,1
11184549,11182487,2955,1990.756516717572,1,0,-41.09999847412109,0.4799999892711639,100,1
11186468,11184478,2956,1990.756516717572,1,0,-41.09999847412109,0.4799999892711639,100,1
11188457,11186468,2957,1990.756516717572,1,0,-41.54999923706055,0.4799999892711639,100,1
11190463,11188459,2958,1990.756516717572,1,0,-41.54999923706055,0.4799999892711639,100,1
11192399,11190450,2959,1990.756516717572,1,0,-41.9900016784668,0.4900000095367432,100,1
11194446,11192441,2960,1990.756516717572,1,0,-42.43999862670898,0.4900000095367432,100,1
11196562,11194431,2961,1990.756516717572,1,0,-42.43999862670898,0.5,100,1
11198457,11196422,2962,1990.756516717572,1,0,-42.90000152587891,0.5,100,1
11200410,11198413,2963,1990.756516717572,1,0,-42.90000152587891,0.5,100,1
11202433,11200404,2964,1990.756516717572,1,0,-43.34999847412109,0.4900000095367432,100,1
11204406,11202394,2965,1990.756516717572,1,0,-45.75,0.5,100,1
11206386,11204385,2966,1990.756516717572,1,0,-46.20000076293945,0.5,100,1
11208333,11206376,2967,1990.756516717572,1,0,-45.75,0.5099999904632568,100,1
11210331,11208367,2968,1990.756516717572,1,0,-45.75,0.5099999904632568,100,1
11212339,11210358,2969,1990.756516717572,1,0,-45.29999923706055,0.5099999904632568,100,1
11214352,11212348,2970,1990.756516717572,1,0,-45.29999923706055,0.5099999904632568,100,1
11216358,11214339,2971,1990.756516717572,1,0,-44.84999847412109,0.5099999904632568,100,1
11218331,11216330,2972,1990.756516717572,1,0,-44.84999847412109,0.5,100,1
11220436,11218321,2973,1990.756516717572,1,0,-44.40000152587891,0.5099999904632568,100,1
11222346,11220311,2974,1990.756516717572,1,0,-43.95000076293945,0.5,100,1
11224343,11222302,2975,1990.756516717572,1,0,-43.95000076293945,0.5,100,1
11226318,11224293,2976,1990.756516717572,1,0,-43.5,0.4799999892711639,100,1
11228289,11226284,2977,1990.756516717572,1,0,-43.5,0.4699999988079071,100,1
11230252,11228274,2978,1990.756516717572,1,0,-43.04999923706055,0.4699999988079071,100,1
11232240,11230265,2979,1990.756516717572,1,0,-42.59999847412109,0.4799999892711639,100,1
11234236,11232256,2980,1990.756516717572,1,0,-42.59999847412109,0.4799999892711639,100,1
11236226,11234247,2981,1990.756516717572,1,0,-42.15000152587891,0.4699999988079071,100,1
11238209,11236237,2982,1990.756516717572,1,0,-41.70000076293945,0.4799999892711639,100,1
11240231,11238228,2983,1990.756516717572,1,0,-41.70000076293945,0.4699999988079071,100,1
11242214,11240219,2984,1990.756516717572,1,0,-41.25,0.4699999988079071,100,1
11244208,11242210,2985,1990.756516717572,1,0,-40.79999923706055,0.4699999988079071,100,1
11246180,11244200,2986,1990.756516717572,1,0,-40.34000015258789,0.4600000083446503,100,1
11248205,11246191,2987,1990.756516717572,1,0,-40.34000015258789,0.4399999976158142,100,1
11250196,11248182,2988,1990.756516717572,1,0,-39.90000152587891,0.4399999976158142,100,1
11252186,11250173,2989,1990.756516717572,1,0,-39.45000076293945,0.449999988079071,100,1
11254172,11252163,2990,1990.756516717572,1,0,-39,0.449999988079071,100,1
11256166,11254154,2991,1990.756516717572,1,0,-38.54999923706055,0.449999988079071,100,1
11258117,11256145,2992,1990.756516717572,1,0,-38.09000015258789,0.4199999868869781,100,1
11260101,11258136,2993,1990.756516717572,1,0,-38.09000015258789,0.449999988079071,100,1
11262126,11260126,2994,1990.756516717572,1,0,-37.65000152587891,0.4600000083446503,100,1
11264115,11262117,2995,1990.756516717572,1,0,-37.20000076293945,0.4699999988079071,100,1
11266081,11264108,2996,1990.756516717572,1,0,-36.29999923706055,0.449999988079071,100,1
11268083,11266099,2997,1990.756516717572,1,0,-35.84000015258789,0.449999988079071,100,1
11270074,11268089,2998,1990.756516717572,1,0,-35.40000152587891,0.4600000083446503,100,1
11272101,11270080,2999,1990.756516717572,1,0,-34.95000076293945,0.4600000083446503,100,1
11274049,11272069,3000,1990.669213374058,1,0,-34.04999923706055,0.449999988079071,100,1
11276064,11274059,3001,1990.669213374058,1,0,-33.59000015258789,0.449999988079071,100,1
11278009,11276050,3002,1990.669213374058,1,0,-32.70000076293945,0.4399999976158142,100,1
11280042,11278041,3003,1990.669213374058,1,0,-31.79999923706055,0.449999988079071,100,1
11282046,11280031,3004,1990.669213374058,1,0,-30.45000076293945,0.449999988079071,100,1
11284037,11282022,3005,1990.669213374058,1,0,-29.54999923706055,0.449999988079071,100,1
11286027,11284013,3006,1990.669213374058,1,0,-28.64999961853027,0.4699999988079071,100,1
11287956,11286003,3007,1990.669213374058,1,0,-27.75,0.4600000083446503,100,1
11289944,11287994,3008,1990.669213374058,1,0,-26.85000038146973,0.4600000083446503,100,1
11291928,11289985,3009,1990.669213374058,1,0,-25.5,0.449999988079071,100,1
11293917,11291975,3010,1990.669213374058,1,0,-24.60000038146973,0.449999988079071,100,1
11295904,11293966,3011,1990.669213374058,1,0,-23.70000076293945,0.4600000083446503,100,1
11297828,11295957,3012,1990.669213374058,1,0,-22.79999923706055,0.449999988079071,100,1
11299784,11297947,3013,1990.669213374058,1,0,-21.45000076293945,0.4600000083446503,100,1
11301814,11299938,3014,1990.669213374058,1,0,-20.54999923706055,0.4600000083446503,100,1
11303808,11301929,3015,1990.669213374058,1,0,-19.64999961853027,0.4600000083446503,100,1
11305784,11303919,3016,1990.669213374058,1,0,-18.75,0.4699999988079071,100,1
11307878,11305910,3017,1990.669213374058,1,0,-17.85000038146973,0.4699999988079071,100,1
11309880,11307901,3018,1990.669213374058,1,0,-16.5,0.5,100,1
11311891,11309891,3019,1990.669213374058,1,0,-15.60000038146973,0.9200000166893005,100,1
11313851,11311882,3020,1990.669213374058,1,0,-14.69999980926514,1.080000042915344,100,1
11315842,11313873,3021,1990.669213374058,1,0,-13.78999996185303,1.100000023841858,100,1
11317876,11315864,3022,1990.669213374058,1,0,-12.44999980926514,1.100000023841858,100,1
11319833,11317854,3023,1990.669213374058,1,0,-11.53999996185303,1.110000014305115,100,1
11321823,11319845,3024,1990.669213374058,1,0,-10.64999961853027,1.120000004768372,100,1
11323811,11321836,3025,1990.669213374058,1,0,-9.75,1.120000004768372,100,1
11325798,11323826,3026,1990.669213374058,1,0,-8.840000152587891,1.129999995231628,100,1
11327782,11325817,3027,1990.669213374058,1,0,-7.5,1.129999995231628,100,1
11329810,11327808,3028,1990.669213374058,1,0,-6.590000152587891,1.139999985694885,100,1
11331802,11329798,3029,1990.669213374058,1,0,-5.699999809265137,1.139999985694885,100,1
11333792,11331789,3030,1990.669213374058,1,0,-4.800000190734863,1.149999976158142,100,1
11335770,11333780,3031,1990.669213374058,1,0,-3.450000047683716,1.159999966621399,100,1
11337751,11335770,3032,1990.669213374058,1,0,-2.549999952316284,1.159999966621399,100,1
11339786,11337761,3033,1990.669213374058,1,0,-1.649999976158142,1.169999957084656,100,1
11341736,11339752,3034,1990.669213374058,1,0,-0.75,1.190000057220459,100,1
11343727,11341742,3035,1990.669213374058,1,0,0.1400000005960464,1.200000047683716,100,1
11345736,11343733,3036,1990.669213374058,1,0,1.039999961853027,1.200000047683716,100,1
11347747,11345724,3037,1990.669213374058,1,0,2.390000104904175,1.210000038146973,100,1
11349704,11347714,3038,1990.669213374058,1,0,3.299999952316284,1.220000028610229,100,1
11351692,11349705,3039,1990.669213374058,1,0,4.190000057220459,1.230000019073486,100,1
11353711,11351696,3040,1990.669213374058,1,0,5.090000152587891,1.240000009536743,100,1
11355707,11353686,3041,1990.669213374058,1,0,6,1.25,100,1
11357703,11355677,3042,1990.669213374058,1,0,7.349999904632568,1.269999980926514,100,1
11359649,11357668,3043,1990.669213374058,1,0,8.25,1.279999971389771,100,1
11361638,11359658,3044,1990.669213374058,1,0,9.140000343322754,1.330000042915344,100,1
11363646,11361649,3045,1990.669213374058,1,0,10.05000019073486,2.019999980926514,100,1
11365621,11363640,3046,1990.669213374058,1,0,11.39999961853027,2.069999933242798,100,1
11367605,11365630,3047,1990.669213374058,1,0,12.30000019073486,2.109999895095825,100,1
11369651,11367621,3048,1990.669213374058,1,0,13.19999980926514,2,100,1
11371671,11369612,3049,1990.669213374058,1,0,14.10000038146973,1.769999980926514,100,1
11373658,11371608,3050,1990.971370699247,1,0,15.44999980926514,1.730000019073486,100,1
11375614,11373599,3051,1990.971370699247,1,0,16.34000015258789,1.679999947547913,100,1
11377612,11375590,3052,1990.971370699247,1,0,17.23999977111816,1.649999976158142,100,1
11379611,11377581,3053,1990.971370699247,1,0,18.14999961853027,1.610000014305115,100,1
11381614,11379572,3054,1990.971370699247,1,0,19.04000091552734,1.600000023841858,100,1
11383571,11381563,3055,1990.971370699247,1,0,20.38999938964844,1.590000033378601,100,1
11385556,11383554,3056,1990.971370699247,1,0,21.29999923706055,1.399999976158142,100,1
11387550,11385545,3057,1990.971370699247,1,0,22.20000076293945,0.9100000262260437,100,1
11389559,11387536,3058,1990.971370699247,1,0,23.09000015258789,0.7699999809265137,100,1
11391486,11389527,3059,1990.971370699247,1,0,23.98999977111816,0.7599999904632568,100,1
11393475,11391518,3060,1990.971370699247,1,0,25.34000015258789,0.7599999904632568,100,1
11395472,11393508,3061,1990.971370699247,1,0,26.23999977111816,0.75,100,1
11397453,11395499,3062,1990.971370699247,1,0,27.13999938964844,0.7599999904632568,100,1
11399457,11397490,3063,1990.971370699247,1,0,28.04999923706055,0.7599999904632568,100,1
11401433,11399481,3064,1990.971370699247,1,0,29.38999938964844,0.7699999809265137,100,1
11403430,11401472,3065,1990.971370699247,1,0,30.29999923706055,0.8100000023841858,100,1
11405438,11403463,3066,1990.971370699247,1,0,31.19000053405762,1.049999952316284,100,1
11407439,11405454,3067,1990.971370699247,1,0,31.63999938964844,1.059999942779541,100,1
11409435,11407445,3068,1990.971370699247,1,0,32.54999923706055,1.039999961853027,100,1
11411409,11409436,3069,1990.971370699247,1,0,33,1.120000004768372,100,1
11413407,11411427,3070,1990.971370699247,1,0,33.43999862670898,1.120000004768372,100,1
11415403,11413418,3071,1990.971370699247,1,0,33.88999938964844,1.120000004768372,100,1
11417407,11415409,3072,1990.971370699247,1,0,34.34000015258789,1.080000042915344,100,1
11419320,11417400,3073,1990.971370699247,1,0,34.79999923706055,1.120000004768372,100,1
11421369,11419391,3074,1990.971370699247,1,0,35.25,1.120000004768372,100,1
11423384,11421382,3075,1990.971370699247,1,0,35.68999862670898,1.120000004768372,100,1
11425393,11423373,3076,1990.971370699247,1,0,36.13999938964844,1.110000014305115,100,1
11427371,11425364,3077,1990.971370699247,1,0,36.59000015258789,1.110000014305115,100,1
11429358,11427355,3078,1990.971370699247,1,0,37.04999923706055,1.100000023841858,100,1
11431356,11429346,3079,1990.971370699247,1,0,37.5,1.120000004768372,100,1
11433291,11431337,3080,1990.971370699247,1,0,37.93999862670898,1.110000014305115,100,1
11435294,11433328,3081,1990.971370699247,1,0,37.93999862670898,1.100000023841858,100,1
11437271,11435319,3082,1990.971370699247,1,0,38.38999938964844,1.100000023841858,100,1
11439259,11437310,3083,1990.971370699247,1,0,38.84000015258789,1.100000023841858,100,1
11441249,11439301,3084,1990.971370699247,1,0,39.29999923706055,1.100000023841858,100,1
11443235,11441292,3085,1990.971370699247,1,0,39.29999923706055,1.100000023841858,100,1
11445251,11443283,3086,1990.971370699247,1,0,39.75,1.100000023841858,100,1
11447235,11445274,3087,1990.971370699247,1,0,40.18999862670898,1.100000023841858,100,1
11449221,11447265,3088,1990.971370699247,1,0,40.18999862670898,1.100000023841858,100,1
11451213,11449256,3089,1990.971370699247,1,0,40.63999938964844,1.090000033378601,100,1
11453236,11451247,3090,1990.971370699247,1,0,41.09999847412109,1.090000033378601,100,1
11455222,11453238,3091,1990.971370699247,1,0,41.09999847412109,1.090000033378601,100,1
11457176,11455229,3092,1990.971370699247,1,0,41.54999923706055,1.080000042915344,100,1
11459163,11457220,3093,1990.971370699247,1,0,41.54999923706055,1.070000052452087,97,1
11461147,11459211,3094,1990.971370699247,1,0,41.9900016784668,1.080000042915344,100,1
11463101,11461202,3095,1990.971370699247,1,0,41.9900016784668,1.080000042915344,100,1
11465141,11463192,3096,1990.971370699247,1,0,42.43999862670898,1.070000052452087,100,1
11467105,11465183,3097,1990.971370699247,1,0,42.90000152587891,1.070000052452087,100,1
11469095,11467174,3098,1990.971370699247,1,0,42.90000152587891,1.070000052452087,100,1
11471114,11469165,3099,1990.971370699247,1,0,43.34999847412109,1.070000052452087,100,1
11473111,11471152,3100,1990.589096559397,1,0,45.75,1.070000052452087,100,1
11475083,11473142,3101,1990.589096559397,1,0,45.75,1.039999961853027,100,1
11477082,11475133,3102,1990.589096559397,1,0,45.29999923706055,1.059999942779541,100,1
11479088,11477124,3103,1990.589096559397,1,0,45.29999923706055,1.059999942779541,100,1
11481072,11479114,3104,1990.589096559397,1,0,44.84999847412109,1.059999942779541,100,1
11483062,11481105,3105,1990.589096559397,1,0,44.84999847412109,1.059999942779541,100,1
11485071,11483095,3106,1990.589096559397,1,0,44.40000152587891,1.059999942779541,100,1
11487043,11485086,3107,1990.589096559397,1,0,44.40000152587891,1.049999952316284,100,1
11489052,11487077,3108,1990.589096559397,1,0,43.95000076293945,1.070000052452087,100,1
11491048,11489067,3109,1990.589096559397,1,0,43.95000076293945,1.080000042915344,100,1
11493015,11491058,3110,1990.589096559397,1,0,43.5,1.080000042915344,100,1
11495026,11493048,3111,1990.589096559397,1,0,43.04999923706055,1.080000042915344,100,1
11496993,11495039,3112,1990.589096559397,1,0,43.04999923706055,1.090000033378601,100,1
11498998,11497030,3113,1990.589096559397,1,0,42.59999847412109,1.090000033378601,100,1
11500973,11499020,3114,1990.589096559397,1,0,42.15000152587891,1.090000033378601,100,1
11502968,11501011,3115,1990.589096559397,1,0,42.15000152587891,1.090000033378601,100,1
11504962,11503001,3116,1990.589096559397,1,0,41.70000076293945,1.090000033378601,100,1
11506947,11504992,3117,1990.589096559397,1,0,41.25,1.090000033378601,100,1
11508995,11506982,3118,1990.589096559397,1,0,41.25,1.100000023841858,100,1
11510921,11508973,3119,1990.589096559397,1,0,40.79999923706055,1.100000023841858,100,1
11512930,11510964,3120,1990.589096559397,1,0,40.34000015258789,1.100000023841858,100,1
11514950,11512954,3121,1990.589096559397,1,0,39.90000152587891,1.110000014305115,100,1
11516903,11514945,3122,1990.589096559397,1,0,39.90000152587891,1.120000004768372,100,1
11518908,11516935,3123,1990.589096559397,1,0,39.45000076293945,1.100000023841858,100,1
11520934,11518926,3124,1990.589096559397,1,0,39,1.120000004768372,100,1
11522997,11520917,3125,1990.589096559397,1,0,38.54999923706055,1.120000004768372,100,1
11524851,11522907,3126,1990.589096559397,1,0,38.09000015258789,1.110000014305115,100,1
11526827,11524898,3127,1990.589096559397,1,0,37.65000152587891,1.110000014305115,100,1
11528836,11526888,3128,1990.589096559397,1,0,37.20000076293945,1.120000004768372,100,1
11530824,11528879,3129,1990.589096559397,1,0,36.75,1.120000004768372,100,1
11532824,11530870,3130,1990.589096559397,1,0,36.29999923706055,1.120000004768372,100,1
11534814,11532860,3131,1990.589096559397,1,0,35.84000015258789,1.120000004768372,100,1
11536783,11534851,3132,1990.589096559397,1,0,35.40000152587891,1.110000014305115,100,1
11538840,11536841,3133,1990.589096559397,1,0,34.5,1.100000023841858,100,1
11540756,11538832,3134,1990.589096559397,1,0,34.04999923706055,1.039999961853027,100,1
11542803,11540822,3135,1990.589096559397,1,0,33.13999938964844,1.059999942779541,100,1
11544789,11542813,3136,1990.589096559397,1,0,32.25,1.100000023841858,100,1
11546777,11544804,3137,1990.589096559397,1,0,31.35000038146973,0.9599999785423279,100,1
11548768,11546794,3138,1990.589096559397,1,0,30.45000076293945,0.800000011920929,100,1
11550742,11548785,3139,1990.589096559397,1,0,29.10000038146973,0.7699999809265137,100,1
11552814,11550775,3140,1990.589096559397,1,0,28.20000076293945,0.7599999904632568,100,1
11554772,11552766,3141,1990.589096559397,1,0,27.29999923706055,0.7599999904632568,100,1
11556754,11554757,3142,1990.589096559397,1,0,26.39999961853027,0.7599999904632568,100,1
11558740,11556747,3143,1990.589096559397,1,0,25.04999923706055,0.75,100,1
11560727,11558738,3144,1990.589096559397,1,0,24.14999961853027,0.7699999809265137,100,1
11562731,11560728,3145,1990.589096559397,1,0,23.25,654.3599853515625,0,0
11564696,11562719,3146,1990.589096559397,1,0,22.35000038146973,1.480000019073486,100,1
11566696,11564710,3147,1990.589096559397,1,0,21.45000076293945,1.580000042915344,100,1
11568710,11566700,3148,1990.589096559397,1,0,20.10000038146973,1.590000033378601,100,1
11570667,11568691,3149,1990.589096559397,1,0,19.20000076293945,1.610000014305115,100,1
11572673,11570680,3150,1990.719277247518,1,0,18.29999923706055,1.629999995231628,100,1
11574682,11572671,3151,1990.719277247518,1,0,17.39999961853027,1.649999976158142,100,1
11576683,11574662,3152,1990.719277247518,1,0,16.04000091552734,1.710000038146973,100,1
11578642,11576653,3153,1990.719277247518,1,0,15.14999961853027,1.75,100,1
11580640,11578643,3154,1990.719277247518,1,0,14.23999977111816,1.980000019073486,100,1
11582641,11580634,3155,1990.719277247518,1,0,13.35000038146973,2.099999904632568,100,1
11584610,11582625,3156,1990.719277247518,1,0,12.44999980926514,2.059999942779541,100,1
11586636,11584616,3157,1990.719277247518,1,0,11.10000038146973,1.960000038146973,100,1
11588671,11586606,3158,1990.719277247518,1,0,10.19999980926514,1.320000052452087,100,1
11590637,11588597,3159,1990.719277247518,1,0,9.289999961853027,1.289999961853027,100,1
11592587,11590588,3160,1990.719277247518,1,0,8.390000343322754,1.269999980926514,100,1
11594491,11592578,3161,1990.719277247518,1,0,7.050000190734863,1.259999990463257,100,1
11596488,11594569,3162,1990.719277247518,1,0,6.139999866485596,1.25,100,1
11598527,11596560,3163,1990.719277247518,1,0,5.25,1.240000009536743,100,1
11600480,11598551,3164,1990.719277247518,1,0,4.349999904632568,1.230000019073486,100,1
11602480,11600541,3165,1990.719277247518,1,0,3.450000047683716,1.210000038146973,100,1
11604479,11602532,3166,1990.719277247518,1,0,2.089999914169312,1.200000047683716,100,1
11606487,11604523,3167,1990.719277247518,1,0,1.200000047683716,1.200000047683716,100,1
11608498,11606513,3168,1990.719277247518,1,0,0.300000011920929,1.179999947547913,100,1
11610474,11608504,3169,1990.719277247518,1,0,-0.5899999737739563,1.169999957084656,100,1
11612472,11610495,3170,1990.719277247518,1,0,-1.490000009536743,1.159999966621399,100,1
11614471,11612486,3171,1990.719277247518,1,0,-2.839999914169312,1.149999976158142,100,1
11616462,11614476,3172,1990.719277247518,1,0,-3.740000009536743,1.149999976158142,100,1
11618486,11616467,3173,1990.719277247518,1,0,-4.639999866485596,1.139999985694885,100,1
11620478,11618458,3174,1990.719277247518,1,0,-5.550000190734863,1.139999985694885,100,1
11622463,11620448,3175,1990.719277247518,1,0,-6.449999809265137,1.129999995231628,100,1
11624415,11622439,3176,1990.719277247518,1,0,-7.800000190734863,1.120000004768372,100,1
11626524,11624430,3177,1990.719277247518,1,0,-8.699999809265137,1.120000004768372,100,1
11628525,11626421,3178,1990.719277247518,1,0,-9.590000152587891,1.120000004768372,100,1
11630391,11628411,3179,1990.719277247518,1,0,-10.5,1.110000014305115,100,1
11632391,11630402,3180,1990.719277247518,1,0,-11.85000038146973,1.100000023841858,100,1
11634335,11632393,3181,1990.719277247518,1,0,-12.75,1.100000023841858,100,1
11636336,11634383,3182,1990.719277247518,1,0,-13.64999961853027,1.080000042915344,100,1
11638318,11636374,3183,1990.719277247518,1,0,-14.55000019073486,1.049999952316284,100,1
11640316,11638365,3184,1990.719277247518,1,0,-15.44999980926514,0.6399999856948853,100,1
11642333,11640356,3185,1990.719277247518,1,0,-16.79000091552734,0.4799999892711639,100,1
11644288,11642346,3186,1990.719277247518,1,0,-17.69000053405762,0.4699999988079071,100,1
11646292,11644337,3187,1990.719277247518,1,0,-18.59000015258789,0.4699999988079071,100,1
11648262,11646328,3188,1990.719277247518,1,0,-19.48999977111816,0.4600000083446503,100,1
11650260,11648319,3189,1990.719277247518,1,0,-20.84000015258789,0.449999988079071,100,1
11652271,11650309,3190,1990.719277247518,1,0,-21.73999977111816,0.4600000083446503,100,1
11654255,11652300,3191,1990.719277247518,1,0,-22.63999938964844,0.449999988079071,100,1
11656256,11654291,3192,1990.719277247518,1,0,-23.54999923706055,0.449999988079071,100,1
11658260,11656281,3193,1990.719277247518,1,0,-24.45000076293945,0.4600000083446503,100,1
11660222,11658272,3194,1990.719277247518,1,0,-25.79999923706055,0.4600000083446503,100,1
11662227,11660263,3195,1990.719277247518,1,0,-26.70000076293945,0.4699999988079071,100,1
11664197,11662254,3196,1990.719277247518,1,0,-27.59000015258789,0.4699999988079071,100,1
11666208,11664244,3197,1990.719277247518,1,0,-28.48999977111816,0.4600000083446503,100,1
11668187,11666235,3198,1990.719277247518,1,0,-29.84000015258789,0.4600000083446503,100,1
11670186,11668226,3199,1990.719277247518,1,0,-30.73999977111816,0.449999988079071,100,1
11672186,11670213,3200,1990.627421798014,1,0,-31.19000053405762,0.4399999976158142,100,1
11674197,11672204,3201,1990.627421798014,1,0,-32.09000015258789,0.4399999976158142,100,1
11676206,11674195,3202,1990.627421798014,1,0,-32.54999923706055,0.449999988079071,100,1
11678199,11676185,3203,1990.627421798014,1,0,-33.43999862670898,0.4600000083446503,100,1
11680167,11678176,3204,1990.627421798014,1,0,-33.88999938964844,0.4600000083446503,100,1
11682174,11680167,3205,1990.627421798014,1,0,-34.34000015258789,0.449999988079071,100,1
11684141,11682157,3206,1990.627421798014,1,0,-34.79999923706055,0.4600000083446503,100,1
11686107,11684148,3207,1990.627421798014,1,0,-35.25,0.4600000083446503,100,1
11688107,11686138,3208,1990.627421798014,1,0,-35.68999862670898,0.4600000083446503,100,1
11690094,11688129,3209,1990.627421798014,1,0,-36.13999938964844,0.4600000083446503,100,1
11692104,11690120,3210,1990.627421798014,1,0,-36.59000015258789,0.4699999988079071,100,1
11694096,11692110,3211,1990.627421798014,1,0,-37.04999923706055,0.4699999988079071,100,1
11696105,11694101,3212,1990.627421798014,1,0,-37.04999923706055,0.449999988079071,100,1
11698114,11696092,3213,1990.627421798014,1,0,-37.5,0.449999988079071,100,1
11700036,11698082,3214,1990.627421798014,1,0,-37.93999862670898,654.3599853515625,0,0
11702077,11700073,3215,1990.627421798014,1,0,-38.38999938964844,0.449999988079071,100,1
11704081,11702063,3216,1990.627421798014,1,0,-38.84000015258789,0.4600000083446503,100,1
11706004,11704054,3217,1990.627421798014,1,0,-38.84000015258789,0.4399999976158142,100,1
11708018,11706045,3218,1990.627421798014,1,0,-39.29999923706055,0.4699999988079071,100,1
11710015,11708035,3219,1990.627421798014,1,0,-39.75,0.4799999892711639,100,1
11711980,11710026,3220,1990.627421798014,1,0,-39.75,0.4799999892711639,100,1
11713994,11712017,3221,1990.627421798014,1,0,-40.18999862670898,0.4699999988079071,100,1
11715948,11714007,3222,1990.627421798014,1,0,-40.63999938964844,0.4600000083446503,100,1
11717955,11715998,3223,1990.627421798014,1,0,-40.63999938964844,0.4699999988079071,100,1
11719981,11717988,3224,1990.627421798014,1,0,-41.09999847412109,0.4600000083446503,100,1
11721930,11719979,3225,1990.627421798014,1,0,-41.09999847412109,0.4699999988079071,100,1
11723950,11721970,3226,1990.627421798014,1,0,-41.54999923706055,0.4799999892711639,100,1
11725936,11723960,3227,1990.627421798014,1,0,-41.9900016784668,0.4799999892711639,100,1
11727911,11725951,3228,1990.627421798014,1,0,-41.9900016784668,0.4900000095367432,100,1
11729913,11727942,3229,1990.627421798014,1,0,-42.43999862670898,0.4900000095367432,100,1
11731917,11729932,3230,1990.627421798014,1,0,-42.43999862670898,0.4900000095367432,100,1
11733891,11731923,3231,1990.627421798014,1,0,-42.90000152587891,0.5,100,1
11735920,11733913,3232,1990.627421798014,1,0,-42.90000152587891,0.5,100,1
11737922,11735904,3233,1990.627421798014,1,0,-43.34999847412109,0.5,100,1
11739909,11737895,3234,1990.627421798014,1,0,-45.75,0.5,100,1
11741896,11739885,3235,1990.627421798014,1,0,-46.20000076293945,0.4799999892711639,100,1
11743882,11741876,3236,1990.627421798014,1,0,-45.75,0.5,100,1
11745841,11743867,3237,1990.627421798014,1,0,-45.75,0.5099999904632568,100,1
11747822,11745857,3238,1990.627421798014,1,0,-45.29999923706055,0.5099999904632568,100,1
11749809,11747848,3239,1990.627421798014,1,0,-44.84999847412109,0.5099999904632568,100,1
11751823,11749838,3240,1990.627421798014,1,0,-44.84999847412109,0.5,100,1
11753791,11751829,3241,1990.627421798014,1,0,-44.40000152587891,0.5,100,1
11755784,11753820,3242,1990.627421798014,1,0,-44.40000152587891,0.5,100,1
11757788,11755810,3243,1990.627421798014,1,0,-43.95000076293945,0.5,100,1
11759775,11757801,3244,1990.627421798014,1,0,-43.95000076293945,0.5,100,1
11761767,11759792,3245,1990.627421798014,1,0,-43.5,0.4699999988079071,100,1
11763757,11761782,3246,1990.627421798014,1,0,-43.04999923706055,0.4799999892711639,100,1
11765785,11763773,3247,1990.627421798014,1,0,-43.04999923706055,0.4799999892711639,100,1
11767774,11765764,3248,1990.627421798014,1,0,-42.59999847412109,0.4900000095367432,100,1
11769765,11767754,3249,1990.627421798014,1,0,-42.15000152587891,0.4699999988079071,100,1
11771782,11769748,3250,1990.885937438412,1,0,-42.15000152587891,0.4699999988079071,100,1
11773765,11771739,3251,1990.885937438412,1,0,-41.70000076293945,0.4799999892711639,100,1
11775690,11773730,3252,1990.885937438412,1,0,-41.25,0.4600000083446503,100,1
11777726,11775721,3253,1990.885937438412,1,0,-41.25,0.4799999892711639,100,1
11779706,11777712,3254,1990.885937438412,1,0,-40.79999923706055,0.4399999976158142,100,1
11781696,11779703,3255,1990.885937438412,1,0,-40.34000015258789,0.4699999988079071,100,1
11783673,11781694,3256,1990.885937438412,1,0,-39.90000152587891,0.449999988079071,100,1
11785662,11783685,3257,1990.885937438412,1,0,-39.90000152587891,0.4399999976158142,100,1
11787669,11785676,3258,1990.885937438412,1,0,-39.45000076293945,0.4300000071525574,100,1
11789681,11787666,3259,1990.885937438412,1,0,-39,0.449999988079071,100,1
11791644,11789657,3260,1990.885937438412,1,0,-38.54999923706055,0.449999988079071,100,1
11793636,11791648,3261,1990.885937438412,1,0,-38.09000015258789,0.449999988079071,100,1
11795633,11793639,3262,1990.885937438412,1,0,-37.65000152587891,0.449999988079071,100,1
11797668,11795630,3263,1990.885937438412,1,0,-37.20000076293945,0.4699999988079071,100,1
11799614,11797621,3264,1990.885937438412,1,0,-36.75,0.4600000083446503,100,1
11801610,11799612,3265,1990.885937438412,1,0,-36.29999923706055,0.449999988079071,100,1
11803585,11801603,3266,1990.885937438412,1,0,-35.84000015258789,0.449999988079071,100,1
11805563,11803594,3267,1990.885937438412,1,0,-35.40000152587891,0.4600000083446503,100,1
11807557,11805584,3268,1990.885937438412,1,0,-34.5,0.449999988079071,100,1
11809551,11807575,3269,1990.885937438412,1,0,-34.04999923706055,0.449999988079071,100,1
11811561,11809566,3270,1990.885937438412,1,0,-33.13999938964844,0.4399999976158142,100,1
11813556,11811557,3271,1990.885937438412,1,0,-32.25,0.4399999976158142,100,1
11815542,11813548,3272,1990.885937438412,1,0,-31.35000038146973,0.4399999976158142,100,1
11817578,11815539,3273,1990.885937438412,1,0,-30.45000076293945,0.449999988079071,100,1
11819500,11817530,3274,1990.885937438412,1,0,-29.10000038146973,0.4600000083446503,100,1
11821495,11819521,3275,1990.885937438412,1,0,-28.20000076293945,0.4699999988079071,100,1
11823493,11821512,3276,1990.885937438412,1,0,-27.29999923706055,0.4699999988079071,97,1
11825496,11823502,3277,1990.885937438412,1,0,-26.39999961853027,0.4600000083446503,100,1
11827501,11825493,3278,1990.885937438412,1,0,-25.5,0.4600000083446503,100,1
11829490,11827484,3279,1990.885937438412,1,0,-24.14999961853027,0.449999988079071,100,1
11831491,11829475,3280,1990.885937438412,1,0,-23.25,0.4600000083446503,100,1
11833498,11831466,3281,1990.885937438412,1,0,-22.35000038146973,0.4600000083446503,100,1
11835498,11833457,3282,1990.885937438412,1,0,-21.45000076293945,0.4600000083446503,100,1
11837408,11835448,3283,1990.885937438412,1,0,-20.10000038146973,0.4699999988079071,100,1
11839387,11837439,3284,1990.885937438412,1,0,-19.20000076293945,0.4699999988079071,100,1
11841390,11839429,3285,1990.885937438412,1,0,-18.29999923706055,0.4699999988079071,100,1
11843368,11841420,3286,1990.885937438412,1,0,-17.39999961853027,0.4699999988079071,100,1
11845368,11843411,3287,1990.885937438412,1,0,-16.5,0.6000000238418579,100,1
11847431,11845402,3288,1990.885937438412,1,0,-15.14999961853027,1.049999952316284,100,1
11849378,11847393,3289,1990.885937438412,1,0,-14.23999977111816,1.090000033378601,100,1
11851355,11849384,3290,1990.885937438412,1,0,-13.35000038146973,1.100000023841858,100,1
11853354,11851375,3291,1990.885937438412,1,0,-12.44999980926514,1.110000014305115,100,1
11855348,11853366,3292,1990.885937438412,1,0,-11.10000038146973,1.120000004768372,100,1
11857333,11855357,3293,1990.885937438412,1,0,-10.19999980926514,1.120000004768372,100,1
11859314,11857347,3294,1990.885937438412,1,0,-9.289999961853027,1.120000004768372,100,1
11861303,11859338,3295,1990.885937438412,1,0,-8.390000343322754,1.120000004768372,100,1
11863284,11861329,3296,1990.885937438412,1,0,-7.5,1.129999995231628,100,1
11865300,11863320,3297,1990.885937438412,1,0,-6.139999866485596,1.139999985694885,100,1
11867246,11865311,3298,1990.885937438412,1,0,-5.25,1.149999976158142,100,1
11869243,11867302,3299,1990.885937438412,1,0,-4.349999904632568,1.149999976158142,100,1
11871259,11869289,3300,1990.61674995073,1,0,-3.450000047683716,1.159999966621399,100,1
11873251,11871280,3301,1990.61674995073,1,0,-2.089999914169312,1.169999957084656,100,1
11875247,11873271,3302,1990.61674995073,1,0,-1.200000047683716,1.179999947547913,100,1
11877257,11875261,3303,1990.61674995073,1,0,-0.300000011920929,1.179999947547913,100,1
11879217,11877252,3304,1990.61674995073,1,0,0.5899999737739563,1.200000047683716,100,1
11881217,11879242,3305,1990.61674995073,1,0,1.490000009536743,1.210000038146973,100,1
11883180,11881233,3306,1990.61674995073,1,0,2.390000104904175,1.220000028610229,100,1
11885182,11883224,3307,1990.61674995073,1,0,3.740000009536743,1.220000028610229,100,1
11887164,11885214,3308,1990.61674995073,1,0,4.639999866485596,1.240000009536743,100,1
11889191,11887205,3309,1990.61674995073,1,0,5.550000190734863,1.25,100,1
11891137,11889196,3310,1990.61674995073,1,0,6.449999809265137,1.259999990463257,100,1
11893154,11891186,3311,1990.61674995073,1,0,7.349999904632568,1.269999980926514,100,1
11895148,11893177,3312,1990.61674995073,1,0,8.699999809265137,1.289999961853027,100,1
11897133,11895167,3313,1990.61674995073,1,0,9.590000152587891,1.580000042915344,100,1
11899140,11897158,3314,1990.61674995073,1,0,10.5,2.039999961853027,100,1
11901105,11899149,3315,1990.61674995073,1,0,11.39999961853027,2.079999923706055,100,1
11903093,11901139,3316,1990.61674995073,1,0,12.75,2.119999885559082,100,1
11905092,11903130,3317,1990.61674995073,1,0,13.64999961853027,1.889999985694885,100,1
11907072,11905121,3318,1990.61674995073,1,0,14.55000019073486,1.75,100,1
11909057,11907111,3319,1990.61674995073,1,0,15.44999980926514,1.710000038146973,100,1
11911036,11909102,3320,1990.61674995073,1,0,16.34000015258789,1.669999957084656,100,1
11913062,11911092,3321,1990.61674995073,1,0,17.69000053405762,1.629999995231628,100,1
11915018,11913083,3322,1990.61674995073,1,0,18.59000015258789,1.610000014305115,100,1
11917037,11915074,3323,1990.61674995073,1,0,19.48999977111816,1.590000033378601,97,1
11919031,11917064,3324,1990.61674995073,1,0,20.38999938964844,1.539999961853027,100,1
11921013,11919055,3325,1990.61674995073,1,0,21.73999977111816,1.25,100,1
11923021,11921045,3326,1990.61674995073,1,0,22.63999938964844,0.7900000214576721,100,1
11925002,11923036,3327,1990.61674995073,1,0,23.54999923706055,0.7599999904632568,100,1
11927003,11925027,3328,1990.61674995073,1,0,24.45000076293945,0.7599999904632568,100,1
11928983,11927017,3329,1990.61674995073,1,0,25.34000015258789,0.75,100,1
11930958,11929008,3330,1990.61674995073,1,0,26.70000076293945,0.7599999904632568,100,1
11932961,11930999,3331,1990.61674995073,1,0,27.59000015258789,0.7599999904632568,100,1
11934938,11932989,3332,1990.61674995073,1,0,28.48999977111816,0.7599999904632568,100,1
11936928,11934980,3333,1990.61674995073,1,0,29.38999938964844,0.7799999713897705,100,1
11938948,11936970,3334,1990.61674995073,1,0,30.73999977111816,0.8899999856948853,100,1
11940937,11938961,3335,1990.61674995073,1,0,31.19000053405762,1.100000023841858,100,1
11942913,11940952,3336,1990.61674995073,1,0,32.09000015258789,1.029999971389771,100,1
11944911,11942942,3337,1990.61674995073,1,0,32.54999923706055,1.080000042915344,100,1
11946890,11944933,3338,1990.61674995073,1,0,33.43999862670898,1.120000004768372,100,1
11948889,11946923,3339,1990.61674995073,1,0,33.88999938964844,1.120000004768372,100,1
11950861,11948914,3340,1990.61674995073,1,0,34.34000015258789,1.120000004768372,100,1
11952851,11950905,3341,1990.61674995073,1,0,34.79999923706055,1.110000014305115,100,1
11954842,11952895,3342,1990.61674995073,1,0,35.25,1.120000004768372,100,1
11956885,11954886,3343,1990.61674995073,1,0,35.68999862670898,1.110000014305115,100,1
11958849,11956877,3344,1990.61674995073,1,0,36.13999938964844,1.110000014305115,100,1
11960852,11958867,3345,1990.61674995073,1,0,36.59000015258789,1.110000014305115,100,1
11962820,11960858,3346,1990.61674995073,1,0,37.04999923706055,1.110000014305115,100,1
11964841,11962848,3347,1990.61674995073,1,0,37.04999923706055,1.120000004768372,100,1
11966844,11964839,3348,1990.61674995073,1,0,37.5,1.120000004768372,100,1
11968773,11966830,3349,1990.61674995073,1,0,37.93999862670898,1.110000014305115,100,1
11970744,11968813,3350,1990.433399960584,1,0,38.38999938964844,1.110000014305115,100,1
11972731,11970803,3351,1990.433399960584,1,0,38.38999938964844,1.100000023841858,100,1
11974745,11972793,3352,1990.433399960584,1,0,38.84000015258789,1.100000023841858,100,1
11976733,11974784,3353,1990.433399960584,1,0,39.29999923706055,1.100000023841858,100,1
11978794,11976774,3354,1990.433399960584,1,0,39.75,1.100000023841858,100,1
11980785,11978765,3355,1990.433399960584,1,0,39.75,1.100000023841858,100,1
11982767,11980755,3356,1990.433399960584,1,0,40.18999862670898,1.100000023841858,100,1
11984734,11982746,3357,1990.433399960584,1,0,40.63999938964844,1.090000033378601,100,1
11986773,11984736,3358,1990.433399960584,1,0,40.63999938964844,1.090000033378601,100,1
11988730,11986727,3359,1990.433399960584,1,0,41.09999847412109,1.090000033378601,100,1
11990696,11988717,3360,1990.433399960584,1,0,41.09999847412109,1.080000042915344,100,1
11992695,11990707,3361,1990.433399960584,1,0,41.54999923706055,1.080000042915344,100,1
11994713,11992698,3362,1990.433399960584,1,0,41.9900016784668,1.070000052452087,100,1
11996678,11994688,3363,1990.433399960584,1,0,41.9900016784668,1.080000042915344,100,1
11998664,11996679,3364,1990.433399960584,1,0,42.43999862670898,1.080000042915344,100,1
12000659,11998669,3365,1990.433399960584,1,0,42.43999862670898,1.070000052452087,100,1
12002696,12000660,3366,1990.433399960584,1,0,42.90000152587891,1.070000052452087,100,1
12004655,12002650,3367,1990.433399960584,1,0,42.90000152587891,1.070000052452087,100,1
12006642,12004640,3368,1990.433399960584,1,0,43.34999847412109,1.059999942779541,100,1
12008643,12006631,3369,1990.433399960584,1,0,45.75,1.070000052452087,100,1
12010623,12008621,3370,1990.433399960584,1,0,45.75,1.070000052452087,100,1
12012602,12010612,3371,1990.433399960584,1,0,45.29999923706055,1.059999942779541,100,1
12014610,12012602,3372,1990.433399960584,1,0,45.29999923706055,1.059999942779541,100,1
12016609,12014593,3373,1990.433399960584,1,0,44.84999847412109,1.059999942779541,100,1
12018588,12016583,3374,1990.433399960584,1,0,44.84999847412109,1.059999942779541,100,1
12020591,12018573,3375,1990.433399960584,1,0,44.40000152587891,1.070000052452087,100,1
12022555,12020564,3376,1990.433399960584,1,0,43.95000076293945,1.070000052452087,100,1
12024563,12022554,3377,1990.433399960584,1,0,43.95000076293945,1.070000052452087,100,1
12026585,12024545,3378,1990.433399960584,1,0,43.5,1.080000042915344,100,1
12028540,12026535,3379,1990.433399960584,1,0,43.5,1.080000042915344,100,1
12030563,12028526,3380,1990.433399960584,1,0,43.04999923706055,1.090000033378601,100,1
12032554,12030516,3381,1990.433399960584,1,0,42.59999847412109,1.090000033378601,100,1
12034561,12032506,3382,1990.433399960584,1,0,42.59999847412109,1.080000042915344,100,1
12036587,12034497,3383,1990.433399960584,1,0,42.15000152587891,1.080000042915344,100,1
12038586,12036487,3384,1990.433399960584,1,0,41.70000076293945,1.090000033378601,100,1
12040556,12038478,3385,1990.433399960584,1,0,41.70000076293945,1.090000033378601,100,1
12042553,12040468,3386,1990.433399960584,1,0,41.25,1.090000033378601,100,1
12044430,12042459,3387,1990.433399960584,1,0,40.79999923706055,1.090000033378601,100,1
12046542,12044449,3388,1990.433399960584,1,0,40.79999923706055,1.100000023841858,100,1
12048409,12046440,3389,1990.433399960584,1,0,40.34000015258789,1.100000023841858,100,1
12050374,12048430,3390,1990.433399960584,1,0,39.90000152587891,1.110000014305115,100,1
12052386,12050420,3391,1990.433399960584,1,0,39.45000076293945,1.110000014305115,100,1
12054374,12052411,3392,1990.433399960584,1,0,39,1.120000004768372,100,1
12056407,12054401,3393,1990.433399960584,1,0,39,1.120000004768372,100,1
12058453,12056392,3394,1990.433399960584,1,0,38.54999923706055,1.120000004768372,100,1
12060415,12058382,3395,1990.433399960584,1,0,38.09000015258789,1.110000014305115,100,1
12062409,12060373,3396,1990.433399960584,1,0,37.65000152587891,1.120000004768372,100,1
12064372,12062363,3397,1990.433399960584,1,0,37.20000076293945,1.100000023841858,100,1
12066389,12064353,3398,1990.433399960584,1,0,36.75,1.120000004768372,100,1
12068354,12066344,3399,1990.433399960584,1,0,36.29999923706055,1.120000004768372,100,1
12070320,12068333,3400,1990.650719968467,1,0,35.40000152587891,1.120000004768372,100,1
12072318,12070324,3401,1990.650719968467,1,0,34.95000076293945,1.120000004768372,100,1
12074298,12072314,3402,1990.650719968467,1,0,34.5,1.059999942779541,100,1
12076302,12074305,3403,1990.650719968467,1,0,33.59000015258789,1.039999961853027,100,1
12078265,12076295,3404,1990.650719968467,1,0,32.70000076293945,1.070000052452087,100,1
12080281,12078286,3405,1990.650719968467,1,0,31.79999923706055,1.090000033378601,100,1
12082245,12080277,3406,1990.650719968467,1,0,30.89999961853027,0.8799999952316284,100,1
12084259,12082267,3407,1990.650719968467,1,0,30,0.7799999713897705,100,1
12086238,12084258,3408,1990.650719968467,1,0,28.64999961853027,0.7599999904632568,100,1
12088256,12086249,3409,1990.650719968467,1,0,27.75,0.7599999904632568,100,1
12090286,12088239,3410,1990.650719968467,1,0,26.85000038146973,0.7599999904632568,100,1
12092240,12090230,3411,1990.650719968467,1,0,25.95000076293945,0.75,100,1
12094245,12092221,3412,1990.650719968467,1,0,25.04999923706055,0.7699999809265137,100,1
12096205,12094211,3413,1990.650719968467,1,0,23.70000076293945,0.7900000214576721,100,1
12098230,12096202,3414,1990.650719968467,1,0,22.79999923706055,1.210000038146973,100,1
12100216,12098193,3415,1990.650719968467,1,0,21.89999961853027,1.549999952316284,100,1
12102158,12100183,3416,1990.650719968467,1,0,21,1.590000033378601,100,1
12104180,12102174,3417,1990.650719968467,1,0,20.10000038146973,1.600000023841858,100,1
12106176,12104165,3418,1990.650719968467,1,0,18.75,1.610000014305115,100,1
12108179,12106155,3419,1990.650719968467,1,0,17.85000038146973,1.639999985694885,100,1
12110182,12108146,3420,1990.650719968467,1,0,16.95000076293945,1.669999957084656,100,1
12112156,12110137,3421,1990.650719968467,1,0,16.04000091552734,1.720000028610229,100,1
12114166,12112127,3422,1990.650719968467,1,0,14.69999980926514,1.769999980926514,100,1
12116117,12114118,3423,1990.650719968467,1,0,13.78999996185303,2.069999933242798,100,1
12118163,12116108,3424,1990.650719968467,1,0,12.89999961853027,2.089999914169312,100,1
12119998,12118099,3425,1990.650719968467,1,0,11.98999977111816,2.049999952316284,100,1
12121977,12120090,3426,1990.650719968467,1,0,11.10000038146973,654.3599853515625,0,0
12123961,12122080,3427,1990.650719968467,1,0,9.75,1.299999952316284,100,1
12125964,12124071,3428,1990.650719968467,1,0,8.840000152587891,1.289999961853027,100,1
12127973,12126062,3429,1990.650719968467,1,0,7.949999809265137,1.269999980926514,100,1
12129970,12128052,3430,1990.650719968467,1,0,7.050000190734863,1.259999990463257,100,1
12131960,12130043,3431,1990.650719968467,1,0,5.699999809265137,1.25,100,1
12133952,12132034,3432,1990.650719968467,1,0,4.800000190734863,1.230000019073486,100,1
12135957,12134024,3433,1990.650719968467,1,0,3.900000095367432,1.220000028610229,100,1
12137960,12136015,3434,1990.650719968467,1,0,3,1.210000038146973,100,1
12139938,12138006,3435,1990.650719968467,1,0,2.089999914169312,1.200000047683716,100,1
12141930,12139996,3436,1990.650719968467,1,0,1.200000047683716,1.190000057220459,100,1
12143906,12141987,3437,1990.650719968467,1,0,-0.1400000005960464,1.190000057220459,100,1
12145876,12143978,3438,1990.650719968467,1,0,-1.039999961853027,1.169999957084656,100,1
12147939,12145968,3439,1990.650719968467,1,0,-1.940000057220459,1.169999957084656,100,1
12149825,12147959,3440,1990.650719968467,1,0,-2.839999914169312,1.159999966621399,100,1
12151800,12149950,3441,1990.650719968467,1,0,-4.190000057220459,1.149999976158142,100,1
12153801,12151940,3442,1990.650719968467,1,0,-5.090000152587891,1.149999976158142,100,1
12155784,12153931,3443,1990.650719968467,1,0,-6,1.129999995231628,100,1
12157791,12155921,3444,1990.650719968467,1,0,-6.889999866485596,1.129999995231628,100,1
12159765,12157912,3445,1990.650719968467,1,0,-7.800000190734863,1.120000004768372,100,1
12161789,12159903,3446,1990.650719968467,1,0,-9.140000343322754,1.120000004768372,100,1
12163731,12161893,3447,1990.650719968467,1,0,-10.05000019073486,1.110000014305115,100,1
12165740,12163884,3448,1990.650719968467,1,0,-10.94999980926514,1.110000014305115,100,1
12167743,12165875,3449,1990.650719968467,1,0,-11.85000038146973,1.100000023841858,100,1
12169722,12167851,3450,1990.128575974774,1,0,-13.19999980926514,1.090000033378601,100,1
12172140,12169841,3451,1990.128575974774,1,0,-14.10000038146973,1.080000042915344,100,1
12173755,12171831,3452,1990.128575974774,1,0,-14.98999977111816,0.9800000190734863,100,1
12175697,12173821,3453,1990.128575974774,1,0,-15.89999961853027,0.5299999713897705,100,1
12177728,12175812,3454,1990.128575974774,1,0,-16.79000091552734,0.4699999988079071,100,1
12179676,12177802,3455,1990.128575974774,1,0,-18.14999961853027,0.4699999988079071,100,1
12181693,12179792,3456,1990.128575974774,1,0,-19.04000091552734,0.4699999988079071,100,1
12183661,12181782,3457,1990.128575974774,1,0,-19.94000053405762,0.4600000083446503,100,1
12185678,12183772,3458,1990.128575974774,1,0,-20.84000015258789,0.4600000083446503,100,1
12187646,12185762,3459,1990.128575974774,1,0,-22.20000076293945,0.4600000083446503,100,1
12189644,12187752,3460,1990.128575974774,1,0,-23.09000015258789,0.4600000083446503,100,1
12191643,12189742,3461,1990.128575974774,1,0,-23.98999977111816,0.449999988079071,100,1
12193640,12191733,3462,1990.128575974774,1,0,-24.88999938964844,0.4600000083446503,100,1
12195660,12193723,3463,1990.128575974774,1,0,-25.79999923706055,0.4600000083446503,100,1
12197647,12195713,3464,1990.128575974774,1,0,-27.13999938964844,0.4699999988079071,100,1
12199602,12197703,3465,1990.128575974774,1,0,-28.04999923706055,0.4600000083446503,100,1
12201597,12199693,3466,1990.128575974774,1,0,-28.95000076293945,0.4600000083446503,100,1
12203572,12201683,3467,1990.128575974774,1,0,-29.84000015258789,0.449999988079071,100,1
12205781,12203673,3468,1990.128575974774,1,0,-30.73999977111816,0.449999988079071,100,1
12207603,12205663,3469,1990.128575974774,1,0,-31.63999938964844,0.449999988079071,100,1
12209617,12207654,3470,1990.128575974774,1,0,-32.54999923706055,0.4000000059604645,100,1
12211607,12209644,3471,1990.128575974774,1,0,-33,0.449999988079071,100,1
12213564,12211634,3472,1990.128575974774,1,0,-33.43999862670898,0.449999988079071,100,1
12215608,12213624,3473,1990.128575974774,1,0,-33.88999938964844,0.449999988079071,100,1
12217595,12215614,3474,1990.128575974774,1,0,-34.34000015258789,0.4600000083446503,100,1
12219499,12217604,3475,1990.128575974774,1,0,-34.79999923706055,0.4600000083446503,100,1
12221549,12219594,3476,1990.128575974774,1,0,-35.25,0.449999988079071,100,1
12223571,12221585,3477,1990.128575974774,1,0,-35.68999862670898,0.4600000083446503,100,1
12225532,12223575,3478,1990.128575974774,1,0,-36.13999938964844,0.4699999988079071,100,1
12227521,12225565,3479,1990.128575974774,1,0,-36.59000015258789,0.4699999988079071,100,1
12229487,12227555,3480,1990.128575974774,1,0,-37.04999923706055,0.4600000083446503,100,1
12231472,12229545,3481,1990.128575974774,1,0,-37.5,0.449999988079071,100,1
12233461,12231535,3482,1990.128575974774,1,0,-37.93999862670898,0.4399999976158142,100,1
12235473,12233525,3483,1990.128575974774,1,0,-37.93999862670898,0.449999988079071,100,1
12237474,12235515,3484,1990.128575974774,1,0,-38.38999938964844,0.449999988079071,100,1
12239464,12237506,3485,1990.128575974774,1,0,-38.84000015258789,0.4600000083446503,100,1
12241476,12239496,3486,1990.128575974774,1,0,-38.84000015258789,0.4699999988079071,100,1
12243457,12241486,3487,1990.128575974774,1,0,-39.29999923706055,0.4600000083446503,100,1
12245451,12243476,3488,1990.128575974774,1,0,-39.75,0.4600000083446503,100,1
12247460,12245466,3489,1990.128575974774,1,0,-40.18999862670898,0.4699999988079071,100,1
12249463,12247456,3490,1990.128575974774,1,0,-40.18999862670898,0.4699999988079071,100,1
12251478,12249446,3491,1990.128575974774,1,0,-40.63999938964844,0.4699999988079071,100,1
12253381,12251436,3492,1990.128575974774,1,0,-40.63999938964844,0.4699999988079071,100,1
12255397,12253427,3493,1990.128575974774,1,0,-41.09999847412109,0.4799999892711639,100,1
12257423,12255417,3494,1990.128575974774,1,0,-41.54999923706055,0.4699999988079071,100,1
12259387,12257407,3495,1990.128575974774,1,0,-41.54999923706055,0.4699999988079071,100,1
12261379,12259397,3496,1990.128575974774,1,0,-41.9900016784668,0.4900000095367432,100,1
12263340,12261387,3497,1990.128575974774,1,0,-41.9900016784668,0.4900000095367432,100,1
12265303,12263377,3498,1990.128575974774,1,0,-42.43999862670898,0.5,100,1
12267336,12265367,3499,1990.128575974774,1,0,-42.43999862670898,0.5,100,1
12269262,12267348,3500,1990.262860779819,1,0,-42.90000152587891,0.5,100,1
12271317,12269338,3501,1990.262860779819,1,0,-43.34999847412109,0.4699999988079071,100,1
12273300,12271328,3502,1990.262860779819,1,0,-45.75,0.5,100,1
12275288,12273319,3503,1990.262860779819,1,0,-46.20000076293945,0.5,100,1
12277300,12275309,3504,1990.262860779819,1,0,-45.75,0.4900000095367432,100,1
12279242,12277299,3505,1990.262860779819,1,0,-45.75,0.5099999904632568,100,1
12281235,12279290,3506,1990.262860779819,1,0,-45.29999923706055,0.5099999904632568,100,1
12283290,12281280,3507,1990.262860779819,1,0,-45.29999923706055,0.5099999904632568,100,1
12285271,12283270,3508,1990.262860779819,1,0,-44.84999847412109,0.5099999904632568,100,1
12287254,12285260,3509,1990.262860779819,1,0,-44.84999847412109,0.5099999904632568,100,1
12289275,12287251,3510,1990.262860779819,1,0,-44.40000152587891,0.5,100,1
12291338,12289241,3511,1990.262860779819,1,0,-44.40000152587891,0.5,100,1
12293282,12291231,3512,1990.262860779819,1,0,-43.95000076293945,0.5,100,1
12295276,12293221,3513,1990.262860779819,1,0,-43.5,0.4399999976158142,100,1
12297242,12295212,3514,1990.262860779819,1,0,-43.5,0.4799999892711639,100,1
12299237,12297202,3515,1990.262860779819,1,0,-43.04999923706055,0.4799999892711639,100,1
12301214,12299192,3516,1990.262860779819,1,0,-42.59999847412109,0.4799999892711639,100,1
12303206,12301182,3517,1990.262860779819,1,0,-42.59999847412109,0.4699999988079071,100,1
12305200,12303173,3518,1990.262860779819,1,0,-42.15000152587891,0.4699999988079071,100,1
12307217,12305163,3519,1990.262860779819,1,0,-42.15000152587891,0.4600000083446503,100,1
12309199,12307153,3520,1990.262860779819,1,0,-41.70000076293945,0.4600000083446503,100,1
12311185,12309143,3521,1990.262860779819,1,0,-41.25,0.4600000083446503,100,1
12313177,12311134,3522,1990.262860779819,1,0,-40.79999923706055,0.449999988079071,100,1
12315169,12313124,3523,1990.262860779819,1,0,-40.79999923706055,0.4399999976158142,100,1
12317154,12315114,3524,1990.262860779819,1,0,-40.34000015258789,0.449999988079071,100,1
12319132,12317105,3525,1990.262860779819,1,0,-39.90000152587891,0.4399999976158142,100,1
12321136,12319095,3526,1990.262860779819,1,0,-39.45000076293945,0.4399999976158142,100,1
12323120,12321085,3527,1990.262860779819,1,0,-39.45000076293945,0.4399999976158142,100,1
12325164,12323075,3528,1990.262860779819,1,0,-39,0.449999988079071,100,1
12327142,12325066,3529,1990.262860779819,1,0,-38.54999923706055,0.449999988079071,100,1
12329140,12327056,3530,1990.262860779819,1,0,-38.09000015258789,0.449999988079071,100,1
12331136,12329046,3531,1990.262860779819,1,0,-37.65000152587891,0.449999988079071,100,1
12333114,12331036,3532,1990.262860779819,1,0,-37.20000076293945,0.4699999988079071,100,1
12335103,12333027,3533,1990.262860779819,1,0,-36.75,0.4600000083446503,100,1
12337100,12335017,3534,1990.262860779819,1,0,-36.29999923706055,0.4600000083446503,100,1
12339084,12337007,3535,1990.262860779819,1,0,-35.84000015258789,0.4600000083446503,100,1
12341130,12338997,3536,1990.262860779819,1,0,-34.95000076293945,0.449999988079071,100,1
12343129,12340988,3537,1990.262860779819,1,0,-34.5,0.4600000083446503,100,1
12345043,12342978,3538,1990.262860779819,1,0,-33.59000015258789,0.449999988079071,100,1
12347033,12344968,3539,1990.262860779819,1,0,-33.13999938964844,0.449999988079071,100,1
12349014,12346958,3540,1990.262860779819,1,0,-31.79999923706055,0.449999988079071,100,1
12350999,12348949,3541,1990.262860779819,1,0,-30.89999961853027,0.449999988079071,100,1
12352997,12350939,3542,1990.262860779819,1,0,-30,0.4600000083446503,100,1
12354984,12352929,3543,1990.262860779819,1,0,-29.10000038146973,0.4600000083446503,100,1
12356975,12354920,3544,1990.262860779819,1,0,-27.75,0.4699999988079071,100,1
12358963,12356910,3545,1990.262860779819,1,0,-26.85000038146973,0.4600000083446503,100,1
12360942,12358900,3546,1990.262860779819,1,0,-25.95000076293945,0.449999988079071,100,1
12362957,12360890,3547,1990.262860779819,1,0,-25.04999923706055,0.449999988079071,100,1
12364928,12362881,3548,1990.262860779819,1,0,-24.14999961853027,0.449999988079071,100,1
12366952,12364871,3549,1990.262860779819,1,0,-22.79999923706055,0.449999988079071,100,1
12368943,12366869,3550,1990.934288623855,1,0,-21.89999961853027,0.4099999964237213,100,1
12370919,12368860,3551,1990.934288623855,1,0,-21,0.4600000083446503,100,1
12372909,12370851,3552,1990.934288623855,1,0,-20.10000038146973,0.4600000083446503,100,1
12374887,12372842,3553,1990.934288623855,1,0,-18.75,0.4699999988079071,100,1
12376887,12374833,3554,1990.934288623855,1,0,-17.85000038146973,0.4699999988079071,100,1
12378863,12376824,3555,1990.934288623855,1,0,-16.95000076293945,0.4799999892711639,100,1
12380815,12378815,3556,1990.934288623855,1,0,-16.04000091552734,654.3599853515625,0,0
12382845,12380806,3557,1990.934288623855,1,0,-15.14999961853027,1.070000052452087,100,1
12384861,12382797,3558,1990.934288623855,1,0,-13.78999996185303,1.090000033378601,100,1
12386853,12384788,3559,1990.934288623855,1,0,-12.89999961853027,1.110000014305115,100,1
12388842,12386779,3560,1990.934288623855,1,0,-11.98999977111816,1.110000014305115,100,1
12390831,12388770,3561,1990.934288623855,1,0,-11.10000038146973,1.120000004768372,100,1
12392811,12390760,3562,1990.934288623855,1,0,-9.75,1.120000004768372,100,1
12394798,12392751,3563,1990.934288623855,1,0,-8.840000152587891,1.110000014305115,100,1
12396824,12394742,3564,1990.934288623855,1,0,-7.949999809265137,1.129999995231628,100,1
12398842,12396733,3565,1990.934288623855,1,0,-7.050000190734863,1.139999985694885,100,1
12400810,12398724,3566,1990.934288623855,1,0,-6.139999866485596,1.139999985694885,100,1
12402788,12400715,3567,1990.934288623855,1,0,-4.800000190734863,1.149999976158142,100,1
12404843,12402706,3568,1990.934288623855,1,0,-3.900000095367432,1.149999976158142,100,1
12406773,12404697,3569,1990.934288623855,1,0,-3,1.169999957084656,100,1
12408755,12406688,3570,1990.934288623855,1,0,-2.089999914169312,1.169999957084656,100,1
12410738,12408679,3571,1990.934288623855,1,0,-1.200000047683716,1.179999947547913,100,1
12412720,12410670,3572,1990.934288623855,1,0,0.1400000005960464,1.190000057220459,100,1
12414749,12412661,3573,1990.934288623855,1,0,1.039999961853027,1.200000047683716,100,1
12416698,12414652,3574,1990.934288623855,1,0,1.940000057220459,1.210000038146973,100,1
12418734,12416643,3575,1990.934288623855,1,0,2.839999914169312,1.220000028610229,100,1
12420722,12418634,3576,1990.934288623855,1,0,3.740000009536743,1.230000019073486,100,1
12422696,12420624,3577,1990.934288623855,1,0,5.090000152587891,1.240000009536743,100,1
12424692,12422615,3578,1990.934288623855,1,0,6,1.259999990463257,100,1
12426729,12424606,3579,1990.934288623855,1,0,6.889999866485596,1.269999980926514,100,1
12428657,12426597,3580,1990.934288623855,1,0,7.800000190734863,1.289999961853027,100,1
12430660,12428588,3581,1990.934288623855,1,0,9.140000343322754,1.309999942779541,100,1
12432657,12430579,3582,1990.934288623855,1,0,10.05000019073486,1.850000023841858,100,1
12434645,12432570,3583,1990.934288623855,1,0,10.94999980926514,2.059999942779541,100,1
12436669,12434561,3584,1990.934288623855,1,0,11.85000038146973,2.089999914169312,100,1
12438620,12436552,3585,1990.934288623855,1,0,12.75,2.079999923706055,100,1
12440615,12438543,3586,1990.934288623855,1,0,14.10000038146973,1.779999971389771,100,1
12442608,12440534,3587,1990.934288623855,1,0,14.98999977111816,1.730000019073486,100,1
12444601,12442525,3588,1990.934288623855,1,0,15.89999961853027,1.690000057220459,100,1
12446611,12444516,3589,1990.934288623855,1,0,16.79000091552734,1.659999966621399,100,1
12448595,12446507,3590,1990.934288623855,1,0,18.14999961853027,1.629999995231628,100,1
12450596,12448498,3591,1990.934288623855,1,0,19.04000091552734,1.610000014305115,100,1
12452611,12450489,3592,1990.934288623855,1,0,19.94000053405762,1.600000023841858,100,1
12454614,12452479,3593,1990.934288623855,1,0,20.84000015258789,1.509999990463257,100,1
12456461,12454470,3594,1990.934288623855,1,0,21.73999977111816,654.3599853515625,0,0
12458598,12456461,3595,1990.934288623855,1,0,23.09000015258789,0.7699999809265137,100,1
12460488,12458452,3596,1990.934288623855,1,0,23.98999977111816,0.7599999904632568,100,1
12462577,12460443,3597,1990.934288623855,1,0,24.88999938964844,0.75,100,1
12464468,12462434,3598,1990.934288623855,1,0,25.79999923706055,0.75,100,1
12466493,12464425,3599,1990.934288623855,1,0,27.13999938964844,0.7599999904632568,100,1
12468494,12466424,3600,1990.951430899084,1,0,28.04999923706055,0.7599999904632568,100,1
12470467,12468415,3601,1990.951430899084,1,0,28.95000076293945,0.7699999809265137,100,1
12472488,12470406,3602,1990.951430899084,1,0,29.84000015258789,0.7900000214576721,100,1
12474492,12472397,3603,1990.951430899084,1,0,30.73999977111816,0.9800000190734863,100,1
12476448,12474388,3604,1990.951430899084,1,0,31.63999938964844,1.080000042915344,100,1
12478430,12476379,3605,1990.951430899084,1,0,32.09000015258789,1.019999980926514,100,1
12480401,12478369,3606,1990.951430899084,1,0,33,1.120000004768372,100,1
12482428,12480360,3607,1990.951430899084,1,0,33.43999862670898,1.110000014305115,100,1
12484367,12482351,3608,1990.951430899084,1,0,33.88999938964844,1.120000004768372,100,1
12486375,12484342,3609,1990.951430899084,1,0,34.34000015258789,1.120000004768372,100,1
12488396,12486333,3610,1990.951430899084,1,0,34.79999923706055,1.120000004768372,100,1
12490373,12488324,3611,1990.951430899084,1,0,35.25,1.120000004768372,100,1
12492353,12490315,3612,1990.951430899084,1,0,35.68999862670898,1.110000014305115,100,1
12494347,12492306,3613,1990.951430899084,1,0,36.13999938964844,1.110000014305115,100,1
12496340,12494297,3614,1990.951430899084,1,0,36.59000015258789,1.120000004768372,100,1
12498326,12496288,3615,1990.951430899084,1,0,37.04999923706055,1.110000014305115,100,1
12500303,12498279,3616,1990.951430899084,1,0,37.5,1.120000004768372,100,1
12502296,12500270,3617,1990.951430899084,1,0,37.5,1.120000004768372,100,1
12504309,12502261,3618,1990.951430899084,1,0,37.93999862670898,1.110000014305115,100,1
12506291,12504252,3619,1990.951430899084,1,0,38.38999938964844,1.110000014305115,100,1
12508282,12506243,3620,1990.951430899084,1,0,38.84000015258789,1.100000023841858,100,1
12510302,12508234,3621,1990.951430899084,1,0,38.84000015258789,1.100000023841858,97,1
12512281,12510225,3622,1990.951430899084,1,0,39.29999923706055,1.100000023841858,100,1
12514273,12512216,3623,1990.951430899084,1,0,39.75,1.100000023841858,100,1
12516224,12514207,3624,1990.951430899084,1,0,39.75,1.100000023841858,100,1
12518265,12516198,3625,1990.951430899084,1,0,40.18999862670898,1.100000023841858,100,1
12520368,12518189,3626,1990.951430899084,1,0,40.63999938964844,1.090000033378601,100,1
12522251,12520179,3627,1990.951430899084,1,0,40.63999938964844,1.090000033378601,100,1
12524212,12522170,3628,1990.951430899084,1,0,41.09999847412109,1.090000033378601,100,1
12526214,12524161,3629,1990.951430899084,1,0,41.54999923706055,1.080000042915344,100,1
12528142,12526152,3630,1990.951430899084,1,0,41.54999923706055,1.080000042915344,100,1
12530143,12528143,3631,1990.951430899084,1,0,41.9900016784668,1.080000042915344,100,1
12532107,12530134,3632,1990.951430899084,1,0,41.9900016784668,1.070000052452087,100,1
12534093,12532125,3633,1990.951430899084,1,0,42.43999862670898,1.080000042915344,100,1
12536099,12534116,3634,1990.951430899084,1,0,42.43999862670898,1.070000052452087,100,1
12538119,12536107,3635,1990.951430899084,1,0,42.90000152587891,1.070000052452087,100,1
12540133,12538098,3636,1990.951430899084,1,0,43.34999847412109,1.070000052452087,100,1
12542131,12540089,3637,1990.951430899084,1,0,45.75,1.070000052452087,100,1
12544102,12542080,3638,1990.951430899084,1,0,45.75,1.070000052452087,100,1
12546101,12544071,3639,1990.951430899084,1,0,45.75,1.059999942779541,100,1
12548135,12546062,3640,1990.951430899084,1,0,45.29999923706055,1.059999942779541,100,1
12550121,12548053,3641,1990.951430899084,1,0,45.29999923706055,1.059999942779541,100,1
12552130,12550044,3642,1990.951430899084,1,0,44.84999847412109,1.070000052452087,100,1
12554121,12552035,3643,1990.951430899084,1,0,44.40000152587891,1.070000052452087,100,1
12556094,12554026,3644,1990.951430899084,1,0,44.40000152587891,1.070000052452087,100,1
12558042,12556017,3645,1990.951430899084,1,0,43.95000076293945,1.080000042915344,100,1
12560039,12558008,3646,1990.951430899084,1,0,43.95000076293945,1.080000042915344,100,1
12562042,12559999,3647,1990.951430899084,1,0,43.5,1.080000042915344,100,1
12564057,12561989,3648,1990.951430899084,1,0,43.04999923706055,1.080000042915344,100,1
12566007,12563980,3649,1990.951430899084,1,0,43.04999923706055,1.080000042915344,100,1
12567991,12565973,3650,1990.749144719268,1,0,42.59999847412109,1.080000042915344,100,1
12569962,12567964,3651,1990.749144719268,1,0,42.59999847412109,1.080000042915344,100,1
12571961,12569955,3652,1990.749144719268,1,0,42.15000152587891,1.090000033378601,100,1
12573954,12571946,3653,1990.749144719268,1,0,41.70000076293945,1.090000033378601,100,1
12575945,12573936,3654,1990.749144719268,1,0,41.70000076293945,1.090000033378601,100,1
12577974,12575927,3655,1990.749144719268,1,0,41.25,1.100000023841858,100,1
12579953,12577918,3656,1990.749144719268,1,0,40.79999923706055,1.100000023841858,100,1
12581949,12579909,3657,1990.749144719268,1,0,40.34000015258789,1.100000023841858,100,1
12583926,12581899,3658,1990.749144719268,1,0,40.34000015258789,1.100000023841858,100,1
12585922,12583890,3659,1990.749144719268,1,0,39.90000152587891,1.110000014305115,100,1
12587905,12585881,3660,1990.749144719268,1,0,39.45000076293945,1.110000014305115,100,1
12589907,12587872,3661,1990.749144719268,1,0,39,1.129999995231628,100,1
12591905,12589862,3662,1990.749144719268,1,0,38.54999923706055,1.120000004768372,100,1
12593895,12591853,3663,1990.749144719268,1,0,38.09000015258789,1.110000014305115,100,1
12595927,12593844,3664,1990.749144719268,1,0,37.65000152587891,1.120000004768372,100,1
12597916,12595835,3665,1990.749144719268,1,0,37.20000076293945,1.120000004768372,100,1
12599871,12597825,3666,1990.749144719268,1,0,36.75,1.120000004768372,100,1
12601856,12599816,3667,1990.749144719268,1,0,36.29999923706055,1.110000014305115,100,1
12603820,12601807,3668,1990.749144719268,1,0,35.84000015258789,1.120000004768372,100,1
12605852,12603798,3669,1990.749144719268,1,0,35.40000152587891,1.120000004768372,100,1
12607792,12605788,3670,1990.749144719268,1,0,34.95000076293945,1.120000004768372,100,1
12609802,12607779,3671,1990.749144719268,1,0,34.04999923706055,1.029999971389771,100,1
12611752,12609770,3672,1990.749144719268,1,0,33.59000015258789,1.039999961853027,100,1
12613756,12611761,3673,1990.749144719268,1,0,32.70000076293945,1.090000033378601,100,1
12615728,12613751,3674,1990.749144719268,1,0,31.35000038146973,1.019999980926514,100,1
12617736,12615742,3675,1990.749144719268,1,0,30.45000076293945,0.8100000023841858,100,1
12619726,12617733,3676,1990.749144719268,1,0,29.54999923706055,0.7799999713897705,100,1
12621754,12619724,3677,1990.749144719268,1,0,28.64999961853027,0.7699999809265137,100,1
12623733,12621714,3678,1990.749144719268,1,0,27.29999923706055,0.7599999904632568,100,1
12625727,12623705,3679,1990.749144719268,1,0,26.39999961853027,0.75,100,1
12627726,12625696,3680,1990.749144719268,1,0,25.5,0.75,100,1
12629794,12627687,3681,1990.749144719268,1,0,24.60000038146973,0.7599999904632568,100,1
12631736,12629677,3682,1990.749144719268,1,0,23.70000076293945,0.9200000166893005,100,1
12633724,12631668,3683,1990.749144719268,1,0,22.35000038146973,1.379999995231628,100,1
12635734,12633659,3684,1990.749144719268,1,0,21.45000076293945,1.580000042915344,100,1
12637732,12635650,3685,1990.749144719268,1,0,20.54999923706055,1.590000033378601,100,1
12639666,12637640,3686,1990.749144719268,1,0,19.64999961853027,1.600000023841858,100,1
12641676,12639631,3687,1990.749144719268,1,0,18.29999923706055,1.620000004768372,100,1
12643658,12641622,3688,1990.749144719268,1,0,17.39999961853027,1.649999976158142,100,1
12645647,12643613,3689,1990.749144719268,1,0,16.5,1.690000057220459,100,1
12647624,12645603,3690,1990.749144719268,1,0,15.60000038146973,1.740000009536743,100,1
12649623,12647594,3691,1990.749144719268,1,0,14.69999980926514,1.889999985694885,100,1
12651617,12649585,3692,1990.749144719268,1,0,13.35000038146973,2.109999895095825,100,1
12653711,12651576,3693,1990.749144719268,1,0,12.44999980926514,2.079999923706055,100,1
12655641,12653566,3694,1990.749144719268,1,0,11.53999996185303,2.039999961853027,100,1
12657649,12655557,3695,1990.749144719268,1,0,10.64999961853027,1.440000057220459,100,1
12659625,12657548,3696,1990.749144719268,1,0,9.289999961853027,1.289999961853027,100,1
12661635,12659539,3697,1990.749144719268,1,0,8.390000343322754,1.279999971389771,100,1
12663630,12661529,3698,1990.749144719268,1,0,7.5,1.269999980926514,100,1
12665627,12663520,3699,1990.749144719268,1,0,6.590000152587891,1.25,100,1
12667629,12665523,3700,1991.151315775414,1,0,5.699999809265137,1.240000009536743,100,1
12669631,12667514,3701,1991.151315775414,1,0,4.349999904632568,1.230000019073486,100,1
12671497,12669505,3702,1991.151315775414,1,0,3.450000047683716,1.220000028610229,100,1
12673500,12671496,3703,1991.151315775414,1,0,2.549999952316284,1.210000038146973,100,1
12675495,12673487,3704,1991.151315775414,1,0,1.649999976158142,1.200000047683716,100,1
12677490,12675478,3705,1991.151315775414,1,0,0.75,1.190000057220459,100,1
12679472,12677470,3706,1991.151315775414,1,0,-0.5899999737739563,1.169999957084656,100,1
12681463,12679461,3707,1991.151315775414,1,0,-1.490000009536743,1.169999957084656,100,1
12683457,12681452,3708,1991.151315775414,1,0,-2.390000104904175,1.159999966621399,100,1
12685432,12683443,3709,1991.151315775414,1,0,-3.299999952316284,1.159999966621399,100,1
12687489,12685434,3710,1991.151315775414,1,0,-4.190000057220459,1.149999976158142,97,1
12689419,12687425,3711,1991.151315775414,1,0,-5.550000190734863,1.139999985694885,100,1
12691407,12689416,3712,1991.151315775414,1,0,-6.449999809265137,1.129999995231628,100,1
12693385,12691408,3713,1991.151315775414,1,0,-7.349999904632568,1.120000004768372,100,1
12695385,12693399,3714,1991.151315775414,1,0,-8.25,1.090000033378601,100,1
12697396,12695390,3715,1991.151315775414,1,0,-9.590000152587891,1.120000004768372,100,1
12699395,12697381,3716,1991.151315775414,1,0,-10.5,1.110000014305115,100,1
12701398,12699372,3717,1991.151315775414,1,0,-11.39999961853027,1.100000023841858,100,1
12703401,12701363,3718,1991.151315775414,1,0,-12.30000019073486,1.100000023841858,100,1
12705364,12703354,3719,1991.151315775414,1,0,-13.19999980926514,1.090000033378601,100,1
12707392,12705346,3720,1991.151315775414,1,0,-14.55000019073486,1.059999942779541,100,1
12709345,12707337,3721,1991.151315775414,1,0,-15.44999980926514,0.8100000023841858,100,1
12711333,12709328,3722,1991.151315775414,1,0,-16.34000015258789,0.5,100,1
12713298,12711319,3723,1991.151315775414,1,0,-17.23999977111816,0.4799999892711639,100,1
12715306,12713310,3724,1991.151315775414,1,0,-18.14999961853027,0.4699999988079071,100,1
12717262,12715301,3725,1991.151315775414,1,0,-19.48999977111816,0.4600000083446503,100,1
12719280,12717293,3726,1991.151315775414,1,0,-20.38999938964844,0.4600000083446503,100,1
12721278,12719284,3727,1991.151315775414,1,0,-21.29999923706055,0.4600000083446503,100,1
12723251,12721275,3728,1991.151315775414,1,0,-22.20000076293945,0.449999988079071,100,1
12725252,12723266,3729,1991.151315775414,1,0,-23.54999923706055,0.449999988079071,100,1
12727234,12725257,3730,1991.151315775414,1,0,-24.45000076293945,0.449999988079071,100,1
12729217,12727248,3731,1991.151315775414,1,0,-25.34000015258789,0.4600000083446503,100,1
12731245,12729239,3732,1991.151315775414,1,0,-26.23999977111816,0.4699999988079071,100,1
12733210,12731231,3733,1991.151315775414,1,0,-27.59000015258789,0.4699999988079071,100,1
12735207,12733222,3734,1991.151315775414,1,0,-28.48999977111816,0.4600000083446503,100,1
12737208,12735213,3735,1991.151315775414,1,0,-29.38999938964844,0.4600000083446503,100,1
12739189,12737204,3736,1991.151315775414,1,0,-30.29999923706055,0.449999988079071,100,1
12741182,12739195,3737,1991.151315775414,1,0,-31.19000053405762,0.449999988079071,100,1
12743165,12741186,3738,1991.151315775414,1,0,-32.09000015258789,0.4399999976158142,100,1
12745162,12743178,3739,1991.151315775414,1,0,-32.54999923706055,0.449999988079071,100,1
12747163,12745169,3740,1991.151315775414,1,0,-33,0.4600000083446503,100,1
12749130,12747160,3741,1991.151315775414,1,0,-33.43999862670898,0.4600000083446503,100,1
12751135,12749151,3742,1991.151315775414,1,0,-34.34000015258789,0.4600000083446503,100,1
12753117,12751142,3743,1991.151315775414,1,0,-34.79999923706055,0.449999988079071,100,1
12755124,12753133,3744,1991.151315775414,1,0,-35.25,0.4600000083446503,100,1
12757113,12755124,3745,1991.151315775414,1,0,-35.68999862670898,0.4600000083446503,100,1
12759092,12757116,3746,1991.151315775414,1,0,-36.13999938964844,0.4600000083446503,100,1
12761124,12759107,3747,1991.151315775414,1,0,-36.13999938964844,0.4699999988079071,100,1
12763124,12761098,3748,1991.151315775414,1,0,-36.59000015258789,0.4699999988079071,100,1
12765103,12763089,3749,1991.151315775414,1,0,-37.04999923706055,0.449999988079071,100,1
12767097,12765082,3750,1990.793052620332,1,0,-37.5,0.449999988079071,100,1
12769070,12767073,3751,1990.793052620332,1,0,-37.93999862670898,0.449999988079071,100,1
12771065,12769063,3752,1990.793052620332,1,0,-38.38999938964844,0.4399999976158142,97,1
12773043,12771054,3753,1990.793052620332,1,0,-38.38999938964844,0.449999988079071,100,1
12775020,12773045,3754,1990.793052620332,1,0,-38.84000015258789,0.4600000083446503,100,1
12777030,12775036,3755,1990.793052620332,1,0,-39.29999923706055,0.4600000083446503,100,1
12779029,12777027,3756,1990.793052620332,1,0,-39.29999923706055,0.4600000083446503,100,1
12780990,12779017,3757,1990.793052620332,1,0,-39.75,0.4600000083446503,100,1
12783000,12781008,3758,1990.793052620332,1,0,-40.18999862670898,0.4699999988079071,100,1
12784966,12782999,3759,1990.793052620332,1,0,-40.18999862670898,0.4600000083446503,100,1
12786971,12784990,3760,1990.793052620332,1,0,-40.63999938964844,0.4699999988079071,100,1
12788967,12786981,3761,1990.793052620332,1,0,-41.09999847412109,0.4799999892711639,100,1
12790966,12788971,3762,1990.793052620332,1,0,-41.09999847412109,0.4699999988079071,100,1
12792936,12790962,3763,1990.793052620332,1,0,-41.54999923706055,0.4699999988079071,100,1
12794952,12792953,3764,1990.793052620332,1,0,-41.54999923706055,0.4799999892711639,100,1
12796917,12794944,3765,1990.793052620332,1,0,-41.9900016784668,0.5,100,1
12798904,12796935,3766,1990.793052620332,1,0,-42.43999862670898,0.4900000095367432,100,1
12800884,12798925,3767,1990.793052620332,1,0,-42.43999862670898,0.4900000095367432,100,1
12802887,12800916,3768,1990.793052620332,1,0,-42.90000152587891,0.4900000095367432,100,1
12804888,12802907,3769,1990.793052620332,1,0,-42.90000152587891,0.4900000095367432,100,1
12806874,12804898,3770,1990.793052620332,1,0,-43.34999847412109,0.4900000095367432,100,1
12808849,12806889,3771,1990.793052620332,1,0,-45.75,0.5,100,1
12810984,12808879,3772,1990.793052620332,1,0,-46.20000076293945,0.5,100,1
12812908,12810870,3773,1990.793052620332,1,0,-45.75,0.5099999904632568,100,1
12814888,12812861,3774,1990.793052620332,1,0,-45.75,0.5099999904632568,100,1
12816862,12814852,3775,1990.793052620332,1,0,-45.29999923706055,0.5099999904632568,100,1
12818853,12816842,3776,1990.793052620332,1,0,-45.29999923706055,0.5099999904632568,100,1
12820828,12818833,3777,1990.793052620332,1,0,-44.84999847412109,0.5,100,1
12822790,12820824,3778,1990.793052620332,1,0,-44.40000152587891,0.4900000095367432,100,1
12824778,12822815,3779,1990.793052620332,1,0,-44.40000152587891,0.5,100,1
12826792,12824806,3780,1990.793052620332,1,0,-43.95000076293945,0.5,100,1
12828767,12826796,3781,1990.793052620332,1,0,-43.95000076293945,0.4900000095367432,100,1
12830787,12828787,3782,1990.793052620332,1,0,-43.5,0.4699999988079071,100,1
12832727,12830778,3783,1990.793052620332,1,0,-43.5,0.4699999988079071,100,1
12834788,12832769,3784,1990.793052620332,1,0,-43.04999923706055,0.4799999892711639,100,1
12836752,12834760,3785,1990.793052620332,1,0,-42.59999847412109,0.4799999892711639,100,1
12838732,12836750,3786,1990.793052620332,1,0,-42.59999847412109,0.4699999988079071,100,1
12840705,12838741,3787,1990.793052620332,1,0,-42.15000152587891,0.4699999988079071,100,1
12842708,12840732,3788,1990.793052620332,1,0,-41.70000076293945,0.4600000083446503,100,1
12844706,12842723,3789,1990.793052620332,1,0,-41.70000076293945,0.4699999988079071,100,1
12846679,12844714,3790,1990.793052620332,1,0,-41.25,0.4699999988079071,100,1
12848677,12846704,3791,1990.793052620332,1,0,-40.79999923706055,0.4600000083446503,100,1
12850665,12848695,3792,1990.793052620332,1,0,-40.34000015258789,0.4600000083446503,100,1
12852656,12850686,3793,1990.793052620332,1,0,-40.34000015258789,0.449999988079071,100,1
12854679,12852677,3794,1990.793052620332,1,0,-39.90000152587891,0.449999988079071,100,1
12856688,12854668,3795,1990.793052620332,1,0,-39.45000076293945,0.4399999976158142,100,1
12858669,12856658,3796,1990.793052620332,1,0,-39,0.449999988079071,100,1
12860659,12858649,3797,1990.793052620332,1,0,-38.54999923706055,0.449999988079071,100,1
12862665,12860640,3798,1990.793052620332,1,0,-38.09000015258789,0.449999988079071,100,1
12864661,12862631,3799,1990.793052620332,1,0,-37.65000152587891,0.449999988079071,100,1
12866696,12864629,3800,1991.030442096265,1,0,-37.20000076293945,0.4699999988079071,100,1
12868665,12866620,3801,1991.030442096265,1,0,-36.75,0.4699999988079071,100,1
12870666,12868611,3802,1991.030442096265,1,0,-36.29999923706055,0.449999988079071,100,1
12872682,12870602,3803,1991.030442096265,1,0,-35.84000015258789,0.4600000083446503,100,1
12874573,12872593,3804,1991.030442096265,1,0,-35.40000152587891,0.4699999988079071,100,1
12876571,12874584,3805,1991.030442096265,1,0,-34.95000076293945,0.4600000083446503,100,1
12878544,12876575,3806,1991.030442096265,1,0,-34.04999923706055,0.449999988079071,100,1
12880549,12878566,3807,1991.030442096265,1,0,-33.59000015258789,0.449999988079071,100,1
12882538,12880557,3808,1991.030442096265,1,0,-32.70000076293945,0.4399999976158142,100,1
12884490,12882548,3809,1991.030442096265,1,0,-31.79999923706055,0.4399999976158142,100,1
12886487,12884539,3810,1991.030442096265,1,0,-30.45000076293945,0.449999988079071,100,1
12888500,12886530,3811,1991.030442096265,1,0,-29.54999923706055,0.4600000083446503,100,1
12890494,12888521,3812,1991.030442096265,1,0,-28.64999961853027,0.4600000083446503,100,1
12892468,12890512,3813,1991.030442096265,1,0,-27.75,0.4699999988079071,100,1
12894459,12892503,3814,1991.030442096265,1,0,-26.39999961853027,0.4600000083446503,100,1
12896446,12894494,3815,1991.030442096265,1,0,-25.5,0.449999988079071,100,1
12898438,12896485,3816,1991.030442096265,1,0,-24.60000038146973,0.449999988079071,100,1
12900421,12898476,3817,1991.030442096265,1,0,-23.70000076293945,0.4600000083446503,100,1
12902419,12900468,3818,1991.030442096265,1,0,-22.79999923706055,0.4600000083446503,100,1
12904393,12902459,3819,1991.030442096265,1,0,-21.45000076293945,0.4600000083446503,100,1
12906396,12904450,3820,1991.030442096265,1,0,-20.54999923706055,0.4600000083446503,97,1
12908385,12906441,3821,1991.030442096265,1,0,-19.64999961853027,0.4699999988079071,100,1
12910371,12908432,3822,1991.030442096265,1,0,-18.75,0.4600000083446503,100,1
12912394,12910423,3823,1991.030442096265,1,0,-17.39999961853027,0.4699999988079071,100,1
12914379,12912414,3824,1991.030442096265,1,0,-16.5,0.5099999904632568,100,1
12916366,12914405,3825,1991.030442096265,1,0,-15.60000038146973,1,100,1
12918362,12916396,3826,1991.030442096265,1,0,-14.69999980926514,1.090000033378601,100,1
12920336,12918387,3827,1991.030442096265,1,0,-13.78999996185303,1.100000023841858,100,1
12922348,12920378,3828,1991.030442096265,1,0,-12.44999980926514,1.110000014305115,100,1
12924321,12922369,3829,1991.030442096265,1,0,-11.53999996185303,1.110000014305115,100,1
12926299,12924360,3830,1991.030442096265,1,0,-10.64999961853027,1.110000014305115,100,1
12928285,12926351,3831,1991.030442096265,1,0,-9.75,1.120000004768372,100,1
12930275,12928342,3832,1991.030442096265,1,0,-8.390000343322754,1.129999995231628,100,1
12932266,12930333,3833,1991.030442096265,1,0,-7.5,1.129999995231628,100,1
12934242,12932324,3834,1991.030442096265,1,0,-6.590000152587891,1.139999985694885,100,1
12936247,12934315,3835,1991.030442096265,1,0,-5.699999809265137,1.139999985694885,100,1
12938232,12936306,3836,1991.030442096265,1,0,-4.800000190734863,1.149999976158142,100,1
12940259,12938297,3837,1991.030442096265,1,0,-3.450000047683716,1.159999966621399,100,1
12942241,12940288,3838,1991.030442096265,1,0,-2.549999952316284,1.159999966621399,100,1
12944228,12942279,3839,1991.030442096265,1,0,-1.649999976158142,1.169999957084656,100,1
12946221,12944270,3840,1991.030442096265,1,0,-0.75,1.190000057220459,100,1
12948200,12946261,3841,1991.030442096265,1,0,0.1400000005960464,1.190000057220459,100,1
12950188,12948252,3842,1991.030442096265,1,0,1.490000009536743,1.200000047683716,100,1
12952172,12950243,3843,1991.030442096265,1,0,2.390000104904175,1.210000038146973,100,1
12954163,12952234,3844,1991.030442096265,1,0,3.299999952316284,1.230000019073486,100,1
12956172,12954225,3845,1991.030442096265,1,0,4.190000057220459,1.230000019073486,100,1
12958160,12956216,3846,1991.030442096265,1,0,5.090000152587891,1.25,100,1
12960142,12958207,3847,1991.030442096265,1,0,6.449999809265137,1.259999990463257,100,1
12962207,12960198,3848,1991.030442096265,1,0,7.349999904632568,1.269999980926514,100,1
12964151,12962189,3849,1991.030442096265,1,0,8.25,1.289999961853027,100,1
12966086,12964171,3850,1990.384353677012,1,0,9.140000343322754,654.3599853515625,0,0
12968097,12966161,3851,1990.384353677012,1,0,10.05000019073486,2.039999961853027,100,1
12970082,12968152,3852,1990.384353677012,1,0,11.39999961853027,2.069999933242798,100,1
12972070,12970142,3853,1990.384353677012,1,0,12.30000019073486,2.109999895095825,100,1
12974057,12972133,3854,1990.384353677012,1,0,13.19999980926514,1.990000009536743,100,1
12976056,12974123,3855,1990.384353677012,1,0,14.10000038146973,1.759999990463257,100,1
12978033,12976113,3856,1990.384353677012,1,0,15.44999980926514,1.720000028610229,100,1
12980040,12978104,3857,1990.384353677012,1,0,16.34000015258789,1.679999947547913,100,1
12982061,12980094,3858,1990.384353677012,1,0,17.23999977111816,1.639999985694885,100,1
12984026,12982084,3859,1990.384353677012,1,0,18.14999961853027,1.620000004768372,100,1
12986059,12984075,3860,1990.384353677012,1,0,19.48999977111816,1.600000023841858,100,1
12988021,12986065,3861,1990.384353677012,1,0,20.38999938964844,1.590000033378601,100,1
12990011,12988056,3862,1990.384353677012,1,0,21.29999923706055,1.379999995231628,100,1
12992010,12990046,3863,1990.384353677012,1,0,22.20000076293945,0.8799999952316284,100,1
12993972,12992036,3864,1990.384353677012,1,0,23.09000015258789,0.7699999809265137,100,1
12995980,12994027,3865,1990.384353677012,1,0,24.45000076293945,0.7599999904632568,100,1
12997950,12996017,3866,1990.384353677012,1,0,25.34000015258789,0.75,100,1
12999943,12998008,3867,1990.384353677012,1,0,26.23999977111816,0.75,100,1
13001925,12999998,3868,1990.384353677012,1,0,27.13999938964844,0.75,100,1
13003920,13001988,3869,1990.384353677012,1,0,28.04999923706055,0.7599999904632568,100,1
13005910,13003979,3870,1990.384353677012,1,0,29.38999938964844,0.7699999809265137,100,1
13007924,13005969,3871,1990.384353677012,1,0,30.29999923706055,0.7599999904632568,100,1
13009912,13007959,3872,1990.384353677012,1,0,31.19000053405762,1.059999942779541,100,1
13011901,13009950,3873,1990.384353677012,1,0,32.09000015258789,1.049999952316284,100,1
13013914,13011940,3874,1990.384353677012,1,0,32.54999923706055,1.049999952316284,100,1
13015934,13013931,3875,1990.384353677012,1,0,33,1.120000004768372,100,1
13017896,13015921,3876,1990.384353677012,1,0,33.43999862670898,1.120000004768372,100,1
13019898,13017911,3877,1990.384353677012,1,0,33.88999938964844,1.120000004768372,100,1
13021881,13019902,3878,1990.384353677012,1,0,34.79999923706055,1.120000004768372,100,1
13023870,13021892,3879,1990.384353677012,1,0,35.25,1.090000033378601,100,1
13025859,13023883,3880,1990.384353677012,1,0,35.68999862670898,1.110000014305115,100,1
13027830,13025873,3881,1990.384353677012,1,0,35.68999862670898,1.110000014305115,100,1
13029847,13027863,3882,1990.384353677012,1,0,36.13999938964844,1.110000014305115,100,1
13031838,13029854,3883,1990.384353677012,1,0,36.59000015258789,1.120000004768372,100,1
13033794,13031844,3884,1990.384353677012,1,0,37.04999923706055,1.120000004768372,100,1
13035789,13033834,3885,1990.384353677012,1,0,37.5,1.120000004768372,100,1
13037837,13035825,3886,1990.384353677012,1,0,37.93999862670898,1.110000014305115,100,1
13039806,13037815,3887,1990.384353677012,1,0,37.93999862670898,1.110000014305115,100,1
13041807,13039806,3888,1990.384353677012,1,0,38.38999938964844,1.100000023841858,100,1
13043737,13041796,3889,1990.384353677012,1,0,38.84000015258789,1.100000023841858,100,1
13045726,13043786,3890,1990.384353677012,1,0,39.29999923706055,1.100000023841858,100,1
13047711,13045777,3891,1990.384353677012,1,0,39.29999923706055,1.100000023841858,100,1
13049779,13047767,3892,1990.384353677012,1,0,39.75,1.100000023841858,100,1
13051770,13049758,3893,1990.384353677012,1,0,40.18999862670898,1.090000033378601,100,1
13053711,13051748,3894,1990.384353677012,1,0,40.18999862670898,1.100000023841858,100,1
13055724,13053738,3895,1990.384353677012,1,0,40.63999938964844,1.080000042915344,100,1
13057717,13055729,3896,1990.384353677012,1,0,41.09999847412109,1.090000033378601,100,1
13059695,13057719,3897,1990.384353677012,1,0,41.09999847412109,1.090000033378601,100,1
13061684,13059709,3898,1990.384353677012,1,0,41.54999923706055,1.080000042915344,100,1
13063682,13061700,3899,1990.384353677012,1,0,41.54999923706055,1.070000052452087,100,1
13065709,13063692,3900,1990.79948294161,1,0,41.9900016784668,1.080000042915344,100,1
13067677,13065683,3901,1990.79948294161,1,0,42.43999862670898,1.070000052452087,100,1
13069714,13067674,3902,1990.79948294161,1,0,42.43999862670898,1.070000052452087,100,1
13071726,13069665,3903,1990.79948294161,1,0,42.90000152587891,1.080000042915344,100,1
13073686,13071655,3904,1990.79948294161,1,0,42.90000152587891,1.070000052452087,100,1
13075688,13073646,3905,1990.79948294161,1,0,43.34999847412109,1.059999942779541,100,1
13077603,13075637,3906,1990.79948294161,1,0,45.75,1.070000052452087,100,1
13079575,13077628,3907,1990.79948294161,1,0,45.75,1.070000052452087,100,1
13081598,13079619,3908,1990.79948294161,1,0,45.29999923706055,1.059999942779541,100,1
13083585,13081609,3909,1990.79948294161,1,0,45.29999923706055,1.059999942779541,100,1
13085560,13083600,3910,1990.79948294161,1,0,44.84999847412109,1.059999942779541,100,1
13087665,13085591,3911,1990.79948294161,1,0,44.84999847412109,1.059999942779541,100,1
13089550,13087582,3912,1990.79948294161,1,0,44.40000152587891,1.059999942779541,100,1
13091556,13089573,3913,1990.79948294161,1,0,44.40000152587891,1.070000052452087,100,1
13093544,13091563,3914,1990.79948294161,1,0,43.95000076293945,1.070000052452087,100,1
13095490,13093554,3915,1990.79948294161,1,0,43.5,1.080000042915344,100,1
13097496,13095545,3916,1990.79948294161,1,0,43.5,1.080000042915344,100,1
13099474,13097536,3917,1990.79948294161,1,0,43.04999923706055,1.080000042915344,100,1
13101462,13099527,3918,1990.79948294161,1,0,43.04999923706055,1.090000033378601,100,1
13103487,13101517,3919,1990.79948294161,1,0,42.59999847412109,1.090000033378601,100,1
13105425,13103508,3920,1990.79948294161,1,0,42.15000152587891,1.080000042915344,100,1
13107421,13105499,3921,1990.79948294161,1,0,42.15000152587891,1.090000033378601,100,1
13109427,13107490,3922,1990.79948294161,1,0,41.70000076293945,1.090000033378601,100,1
13111405,13109481,3923,1990.79948294161,1,0,41.25,1.090000033378601,100,1
13113409,13111471,3924,1990.79948294161,1,0,41.25,1.100000023841858,100,1
13115414,13113462,3925,1990.79948294161,1,0,40.79999923706055,1.090000033378601,100,1
13117426,13115453,3926,1990.79948294161,1,0,40.34000015258789,1.100000023841858,100,1
13119394,13117444,3927,1990.79948294161,1,0,39.90000152587891,1.110000014305115,100,1
13121379,13119435,3928,1990.79948294161,1,0,39.90000152587891,1.110000014305115,100,1
13123395,13121425,3929,1990.79948294161,1,0,39.45000076293945,1.120000004768372,100,1
13125394,13123416,3930,1990.79948294161,1,0,39,1.120000004768372,100,1
13127354,13125407,3931,1990.79948294161,1,0,38.54999923706055,1.120000004768372,100,1
13129370,13127398,3932,1990.79948294161,1,0,38.09000015258789,1.110000014305115,100,1
13131320,13129389,3933,1990.79948294161,1,0,37.65000152587891,1.110000014305115,100,1
13133339,13131379,3934,1990.79948294161,1,0,37.20000076293945,1.120000004768372,100,1
13135312,13133370,3935,1990.79948294161,1,0,36.75,1.120000004768372,100,1
13137320,13135361,3936,1990.79948294161,1,0,36.29999923706055,1.110000014305115,100,1
13139296,13137352,3937,1990.79948294161,1,0,35.84000015258789,1.120000004768372,100,1
13141298,13139343,3938,1990.79948294161,1,0,35.40000152587891,1.120000004768372,100,1
13143275,13141333,3939,1990.79948294161,1,0,34.5,1.080000042915344,100,1
13145275,13143324,3940,1990.79948294161,1,0,34.04999923706055,1.019999980926514,100,1
13147247,13145315,3941,1990.79948294161,1,0,33.13999938964844,1.059999942779541,100,1
13149256,13147306,3942,1990.79948294161,1,0,32.25,1.090000033378601,100,1
13151220,13149296,3943,1990.79948294161,1,0,31.35000038146973,0.949999988079071,100,1
13153212,13151287,3944,1990.79948294161,1,0,30,0.800000011920929,100,1
13155232,13153278,3945,1990.79948294161,1,0,29.10000038146973,0.7699999809265137,100,1
13157205,13155269,3946,1990.79948294161,1,0,28.20000076293945,0.7599999904632568,100,1
13159221,13157260,3947,1990.79948294161,1,0,27.29999923706055,0.75,100,1
13161181,13159250,3948,1990.79948294161,1,0,26.39999961853027,0.7599999904632568,100,1
13163240,13161241,3949,1990.79948294161,1,0,25.04999923706055,0.7699999809265137,100,1
13165158,13163225,3950,1990.435586353288,1,0,24.14999961853027,0.7799999713897705,100,1
13167124,13165215,3951,1990.435586353288,1,0,23.25,654.3599853515625,0,0
13169131,13167206,3952,1990.435586353288,1,0,22.35000038146973,1.490000009536743,100,1
13171145,13169196,3953,1990.435586353288,1,0,21,1.590000033378601,100,1
13173150,13171186,3954,1990.435586353288,1,0,20.10000038146973,1.600000023841858,100,1
13175114,13173177,3955,1990.435586353288,1,0,19.20000076293945,1.610000014305115,100,1
13177119,13175167,3956,1990.435586353288,1,0,18.29999923706055,1.620000004768372,100,1
13179099,13177158,3957,1990.435586353288,1,0,17.39999961853027,1.659999966621399,100,1
13181153,13179148,3958,1990.435586353288,1,0,16.04000091552734,1.700000047683716,100,1
13183104,13181139,3959,1990.435586353288,1,0,15.14999961853027,1.75,100,1
13185073,13183129,3960,1990.435586353288,1,0,14.23999977111816,2.009999990463257,100,1
13187079,13185119,3961,1990.435586353288,1,0,13.35000038146973,2.099999904632568,100,1
13189227,13187110,3962,1990.435586353288,1,0,11.98999977111816,2.059999942779541,100,1
13191070,13189100,3963,1990.435586353288,1,0,11.10000038146973,1.909999966621399,100,1
13193042,13191091,3964,1990.435586353288,1,0,10.19999980926514,1.320000052452087,100,1
13195092,13193081,3965,1990.435586353288,1,0,9.289999961853027,1.289999961853027,100,1
13197070,13195072,3966,1990.435586353288,1,0,8.390000343322754,1.279999971389771,100,1
13199011,13197062,3967,1990.435586353288,1,0,7.050000190734863,1.259999990463257,100,1
13200954,13199053,3968,1990.435586353288,1,0,6.139999866485596,1.25,100,1
13202961,13201043,3969,1990.435586353288,1,0,5.25,1.240000009536743,100,1
13204935,13203033,3970,1990.435586353288,1,0,4.349999904632568,1.230000019073486,100,1
13206962,13205024,3971,1990.435586353288,1,0,3,1.210000038146973,100,1
13208920,13207014,3972,1990.435586353288,1,0,2.089999914169312,1.200000047683716,100,1
13210916,13209005,3973,1990.435586353288,1,0,1.200000047683716,1.190000057220459,100,1
13212903,13210995,3974,1990.435586353288,1,0,0.300000011920929,1.179999947547913,100,1
13214910,13212986,3975,1990.435586353288,1,0,-0.5899999737739563,1.169999957084656,100,1
13216930,13214976,3976,1990.435586353288,1,0,-1.490000009536743,1.169999957084656,100,1
13218905,13216966,3977,1990.435586353288,1,0,-2.839999914169312,1.159999966621399,100,1
13220911,13218957,3978,1990.435586353288,1,0,-3.740000009536743,1.159999966621399,100,1
13222872,13220947,3979,1990.435586353288,1,0,-4.639999866485596,1.139999985694885,100,1
13224879,13222938,3980,1990.435586353288,1,0,-5.550000190734863,1.139999985694885,100,1
13226919,13224928,3981,1990.435586353288,1,0,-6.889999866485596,1.129999995231628,100,1
13228894,13226919,3982,1990.435586353288,1,0,-7.800000190734863,1.120000004768372,100,1
13230895,13228909,3983,1990.435586353288,1,0,-8.699999809265137,1.120000004768372,100,1
13232875,13230899,3984,1990.435586353288,1,0,-9.590000152587891,1.120000004768372,100,1
13234880,13232890,3985,1990.435586353288,1,0,-10.5,1.110000014305115,100,1
13236807,13234880,3986,1990.435586353288,1,0,-11.85000038146973,1.110000014305115,100,1
13238810,13236871,3987,1990.435586353288,1,0,-12.75,1.100000023841858,100,1
13240795,13238861,3988,1990.435586353288,1,0,-13.64999961853027,1.080000042915344,100,1
13242794,13240852,3989,1990.435586353288,1,0,-14.55000019073486,1.039999961853027,100,1
13244798,13242842,3990,1990.435586353288,1,0,-15.89999961853027,0.6600000262260437,100,1
13246770,13244833,3991,1990.435586353288,1,0,-16.79000091552734,0.4799999892711639,100,1
13248769,13246823,3992,1990.435586353288,1,0,-17.69000053405762,0.4699999988079071,100,1
13250754,13248813,3993,1990.435586353288,1,0,-18.59000015258789,0.4699999988079071,100,1
13252754,13250804,3994,1990.435586353288,1,0,-19.48999977111816,0.4699999988079071,100,1
13254751,13252794,3995,1990.435586353288,1,0,-20.84000015258789,0.4600000083446503,100,1
13256736,13254785,3996,1990.435586353288,1,0,-21.73999977111816,0.4600000083446503,100,1
13258775,13256775,3997,1990.435586353288,1,0,-22.63999938964844,0.449999988079071,100,1
13260768,13258766,3998,1990.435586353288,1,0,-23.54999923706055,0.449999988079071,100,1
13262735,13260756,3999,1990.435586353288,1,0,-24.88999938964844,0.4600000083446503,100,1
13264727,13262745,4000,1990.624469082631,1,0,-25.79999923706055,0.4600000083446503,100,1
13266758,13264735,4001,1990.624469082631,1,0,-26.70000076293945,0.4600000083446503,100,1
13268798,13266726,4002,1990.624469082631,1,0,-27.59000015258789,0.4699999988079071,100,1
13270796,13268716,4003,1990.624469082631,1,0,-28.48999977111816,0.4600000083446503,100,1
13272927,13270707,4004,1990.624469082631,1,0,-29.84000015258789,0.4600000083446503,100,1
13274755,13272698,4005,1990.624469082631,1,0,-30.73999977111816,0.449999988079071,100,1
13276761,13274688,4006,1990.624469082631,1,0,-31.63999938964844,0.449999988079071,100,1
13278576,13276679,4007,1990.624469082631,1,0,-32.09000015258789,0.449999988079071,100,1
13280561,13278670,4008,1990.624469082631,1,0,-32.54999923706055,0.449999988079071,100,1
13282663,13280660,4009,1990.624469082631,1,0,-33.43999862670898,0.4600000083446503,100,1
13284548,13282651,4010,1990.624469082631,1,0,-33.88999938964844,0.4600000083446503,100,1
13286539,13284641,4011,1990.624469082631,1,0,-34.34000015258789,0.4600000083446503,100,1
13288492,13286632,4012,1990.624469082631,1,0,-34.79999923706055,0.449999988079071,100,1
13290493,13288623,4013,1990.624469082631,1,0,-35.25,0.449999988079071,100,1
13292481,13290613,4014,1990.624469082631,1,0,-35.68999862670898,0.4300000071525574,100,1
13294525,13292604,4015,1990.624469082631,1,0,-36.13999938964844,0.4600000083446503,100,1
13296471,13294595,4016,1990.624469082631,1,0,-36.59000015258789,0.4699999988079071,100,1
13298466,13296585,4017,1990.624469082631,1,0,-37.04999923706055,0.4699999988079071,100,1
13300421,13298576,4018,1990.624469082631,1,0,-37.04999923706055,0.449999988079071,100,1
13302439,13300566,4019,1990.624469082631,1,0,-37.5,0.449999988079071,100,1
13304425,13302557,4020,1990.624469082631,1,0,-37.93999862670898,0.4399999976158142,100,1
13306413,13304548,4021,1990.624469082631,1,0,-38.38999938964844,0.449999988079071,100,1
13308414,13306538,4022,1990.624469082631,1,0,-38.84000015258789,0.4600000083446503,100,1
13310414,13308529,4023,1990.624469082631,1,0,-38.84000015258789,0.4699999988079071,100,1
13312409,13310520,4024,1990.624469082631,1,0,-39.29999923706055,0.4600000083446503,100,1
13314400,13312510,4025,1990.624469082631,1,0,-39.75,0.4600000083446503,100,1
13316389,13314501,4026,1990.624469082631,1,0,-39.75,0.4699999988079071,100,1
13318380,13316491,4027,1990.624469082631,1,0,-40.18999862670898,0.4799999892711639,100,1
13320383,13318482,4028,1990.624469082631,1,0,-40.63999938964844,0.4600000083446503,100,1
13322371,13320473,4029,1990.624469082631,1,0,-40.63999938964844,0.4699999988079071,100,1
13324338,13322463,4030,1990.624469082631,1,0,-41.09999847412109,0.4699999988079071,100,1
13326300,13324454,4031,1990.624469082631,1,0,-41.09999847412109,0.4699999988079071,100,1
13328379,13326445,4032,1990.624469082631,1,0,-41.54999923706055,0.4699999988079071,100,1
13330314,13328435,4033,1990.624469082631,1,0,-41.9900016784668,0.4900000095367432,100,1
13332291,13330426,4034,1990.624469082631,1,0,-41.9900016784668,0.4900000095367432,100,1
13334306,13332416,4035,1990.624469082631,1,0,-42.43999862670898,0.4799999892711639,100,1
13336298,13334407,4036,1990.624469082631,1,0,-42.43999862670898,0.5,100,1
13338376,13336398,4037,1990.624469082631,1,0,-42.90000152587891,0.5,100,1
13340424,13338388,4038,1990.624469082631,1,0,-42.90000152587891,0.5,100,1
13342438,13340379,4039,1990.624469082631,1,0,-43.34999847412109,0.5,100,1
13344443,13342369,4040,1990.624469082631,1,0,-45.75,0.5,100,1
13346372,13344360,4041,1990.624469082631,1,0,-46.20000076293945,0.5,100,1
13348348,13346351,4042,1990.624469082631,1,0,-45.75,0.5099999904632568,100,1
13350259,13348341,4043,1990.624469082631,1,0,-45.29999923706055,0.5099999904632568,100,1
13352309,13350332,4044,1990.624469082631,1,0,-45.29999923706055,0.5099999904632568,100,1
13354244,13352323,4045,1990.624469082631,1,0,-44.84999847412109,0.5099999904632568,100,1
13356225,13354313,4046,1990.624469082631,1,0,-44.84999847412109,0.5099999904632568,100,1
13358244,13356304,4047,1990.624469082631,1,0,-44.40000152587891,0.5,100,1
13360268,13358294,4048,1990.624469082631,1,0,-44.40000152587891,0.5,100,1
13362216,13360285,4049,1990.624469082631,1,0,-43.95000076293945,0.4900000095367432,100,1
13364240,13362272,4050,1990.551575266104,1,0,-43.95000076293945,0.4799999892711639,100,1
13366223,13364263,4051,1990.551575266104,1,0,-43.5,0.4699999988079071,100,1
13368210,13366253,4052,1990.551575266104,1,0,-43.04999923706055,0.4699999988079071,100,1
13370209,13368244,4053,1990.551575266104,1,0,-43.04999923706055,0.4699999988079071,100,1
13372185,13370234,4054,1990.551575266104,1,0,-42.59999847412109,0.4799999892711639,100,1
13374175,13372225,4055,1990.551575266104,1,0,-42.15000152587891,0.4799999892711639,100,1
13376152,13374215,4056,1990.551575266104,1,0,-42.15000152587891,0.4699999988079071,100,1
13378142,13376206,4057,1990.551575266104,1,0,-41.70000076293945,0.4799999892711639,100,1
13380141,13378197,4058,1990.551575266104,1,0,-41.25,0.4699999988079071,100,1
13382149,13380187,4059,1990.551575266104,1,0,-41.25,0.4600000083446503,100,1
13384140,13382178,4060,1990.551575266104,1,0,-40.79999923706055,0.5,100,1
13386140,13384168,4061,1990.551575266104,1,0,-40.34000015258789,0.4600000083446503,100,1
13388109,13386159,4062,1990.551575266104,1,0,-39.90000152587891,0.449999988079071,100,1
13390097,13388149,4063,1990.551575266104,1,0,-39.90000152587891,0.4399999976158142,100,1
13392101,13390140,4064,1990.551575266104,1,0,-39.45000076293945,0.4399999976158142,100,1
13394079,13392130,4065,1990.551575266104,1,0,-39,0.4399999976158142,100,1
13396077,13394121,4066,1990.551575266104,1,0,-38.54999923706055,0.449999988079071,100,1
13398074,13396112,4067,1990.551575266104,1,0,-38.09000015258789,0.449999988079071,100,1
13400072,13398102,4068,1990.551575266104,1,0,-37.65000152587891,0.449999988079071,100,1
13402061,13400093,4069,1990.551575266104,1,0,-37.20000076293945,0.4699999988079071,100,1
13404074,13402083,4070,1990.551575266104,1,0,-36.75,0.4600000083446503,100,1
13406038,13404074,4071,1990.551575266104,1,0,-36.29999923706055,0.449999988079071,100,1
13408036,13406064,4072,1990.551575266104,1,0,-35.84000015258789,0.4600000083446503,100,1
13410026,13408055,4073,1990.551575266104,1,0,-35.40000152587891,0.4600000083446503,100,1
13412010,13410045,4074,1990.551575266104,1,0,-34.5,0.449999988079071,100,1
13413995,13412036,4075,1990.551575266104,1,0,-34.04999923706055,0.449999988079071,100,1
13416028,13414027,4076,1990.551575266104,1,0,-33.13999938964844,0.4399999976158142,100,1
13417975,13416017,4077,1990.551575266104,1,0,-32.25,0.449999988079071,100,1
13419956,13418008,4078,1990.551575266104,1,0,-31.35000038146973,0.449999988079071,100,1
13421952,13419998,4079,1990.551575266104,1,0,-30.45000076293945,0.449999988079071,100,1
13423934,13421989,4080,1990.551575266104,1,0,-29.10000038146973,0.4600000083446503,100,1
13425944,13423979,4081,1990.551575266104,1,0,-28.20000076293945,0.4699999988079071,100,1
13427909,13425970,4082,1990.551575266104,1,0,-27.29999923706055,0.4699999988079071,100,1
13429944,13427960,4083,1990.551575266104,1,0,-26.39999961853027,0.4699999988079071,100,1
13431892,13429951,4084,1990.551575266104,1,0,-25.5,0.449999988079071,100,1
13433873,13431941,4085,1990.551575266104,1,0,-24.14999961853027,0.4600000083446503,100,1
13435902,13433932,4086,1990.551575266104,1,0,-23.25,0.449999988079071,97,1
13437896,13435923,4087,1990.551575266104,1,0,-22.35000038146973,0.4600000083446503,100,1
13439879,13437913,4088,1990.551575266104,1,0,-21.45000076293945,0.4600000083446503,100,1
13441867,13439904,4089,1990.551575266104,1,0,-20.10000038146973,0.4699999988079071,100,1
13443852,13441894,4090,1990.551575266104,1,0,-19.20000076293945,0.4699999988079071,100,1
13445874,13443885,4091,1990.551575266104,1,0,-18.29999923706055,0.4699999988079071,100,1
13447837,13445875,4092,1990.551575266104,1,0,-17.39999961853027,0.4799999892711639,100,1
13449833,13447866,4093,1990.551575266104,1,0,-16.5,0.6499999761581421,100,1
13451830,13449856,4094,1990.551575266104,1,0,-15.14999961853027,1.049999952316284,100,1
13453800,13451847,4095,1990.551575266104,1,0,-14.23999977111816,1.090000033378601,100,1
13455820,13453838,4096,1990.551575266104,1,0,-13.35000038146973,1.100000023841858,100,1
13457809,13455828,4097,1990.551575266104,1,0,-12.44999980926514,1.110000014305115,100,1
13459792,13457819,4098,1990.551575266104,1,0,-11.10000038146973,1.120000004768372,100,1
13461774,13459809,4099,1990.551575266104,1,0,-10.19999980926514,1.120000004768372,97,1
13463772,13461797,4100,1990.569260212884,1,0,-9.289999961853027,1.129999995231628,100,1
13465799,13463788,4101,1990.569260212884,1,0,-8.390000343322754,1.120000004768372,100,1
13467742,13465778,4102,1990.569260212884,1,0,-7.5,1.129999995231628,100,1
13469734,13467769,4103,1990.569260212884,1,0,-6.139999866485596,1.139999985694885,100,1
13471776,13469759,4104,1990.569260212884,1,0,-5.25,1.139999985694885,100,1
13473729,13471750,4105,1990.569260212884,1,0,-4.349999904632568,1.149999976158142,100,1
13475728,13473740,4106,1990.569260212884,1,0,-3.450000047683716,1.159999966621399,100,1
13477729,13475731,4107,1990.569260212884,1,0,-2.089999914169312,1.169999957084656,100,1
13479728,13477722,4108,1990.569260212884,1,0,-1.200000047683716,1.179999947547913,100,1
13481729,13479712,4109,1990.569260212884,1,0,-0.300000011920929,1.190000057220459,100,1
13483723,13481703,4110,1990.569260212884,1,0,0.5899999737739563,1.200000047683716,100,1
13485730,13483693,4111,1990.569260212884,1,0,1.490000009536743,1.210000038146973,100,1
13487759,13485684,4112,1990.569260212884,1,0,2.390000104904175,1.220000028610229,100,1
13489777,13487674,4113,1990.569260212884,1,0,3.740000009536743,1.230000019073486,100,1
13491663,13489665,4114,1990.569260212884,1,0,4.639999866485596,1.230000019073486,100,1
13493632,13491656,4115,1990.569260212884,1,0,5.550000190734863,1.25,100,1
13495637,13493646,4116,1990.569260212884,1,0,6.449999809265137,1.269999980926514,100,1
13497637,13495637,4117,1990.569260212884,1,0,7.800000190734863,1.279999971389771,100,1
13499634,13497627,4118,1990.569260212884,1,0,8.699999809265137,1.299999952316284,100,1
13501633,13499618,4119,1990.569260212884,1,0,9.590000152587891,1.600000023841858,100,1
13503582,13501608,4120,1990.569260212884,1,0,10.5,2.049999952316284,100,1
13505564,13503599,4121,1990.569260212884,1,0,11.39999961853027,2.069999933242798,100,1
13507604,13505589,4122,1990.569260212884,1,0,12.75,2.109999895095825,100,1
13509578,13507580,4123,1990.569260212884,1,0,13.64999961853027,1.870000004768372,100,1
13511588,13509571,4124,1990.569260212884,1,0,14.55000019073486,1.740000009536743,100,1
13513563,13511561,4125,1990.569260212884,1,0,15.44999980926514,1.700000047683716,100,1
13515531,13513552,4126,1990.569260212884,1,0,16.79000091552734,1.659999966621399,100,1
13517540,13515542,4127,1990.569260212884,1,0,17.69000053405762,1.629999995231628,100,1
13519564,13517533,4128,1990.569260212884,1,0,18.59000015258789,1.620000004768372,100,1
13521544,13519523,4129,1990.569260212884,1,0,19.48999977111816,1.600000023841858,100,1
13523452,13521514,4130,1990.569260212884,1,0,20.38999938964844,1.570000052452087,100,1
13525448,13523505,4131,1990.569260212884,1,0,21.73999977111816,1.230000019073486,100,1
13527418,13525495,4132,1990.569260212884,1,0,22.63999938964844,0.7900000214576721,100,1
13529418,13527486,4133,1990.569260212884,1,0,23.54999923706055,0.7699999809265137,100,1
13531402,13529476,4134,1990.569260212884,1,0,24.45000076293945,0.7599999904632568,100,1
13533414,13531467,4135,1990.569260212884,1,0,25.79999923706055,0.7599999904632568,100,1
13535396,13533457,4136,1990.569260212884,1,0,26.70000076293945,0.75,100,1
13537406,13535448,4137,1990.569260212884,1,0,27.59000015258789,0.7599999904632568,100,1
13539404,13537439,4138,1990.569260212884,1,0,28.48999977111816,0.7599999904632568,100,1
13541396,13539429,4139,1990.569260212884,1,0,29.38999938964844,0.7799999713897705,100,1
13543385,13541420,4140,1990.569260212884,1,0,30.73999977111816,0.8999999761581421,100,1
13545404,13543410,4141,1990.569260212884,1,0,31.19000053405762,1.100000023841858,100,1
13547394,13545401,4142,1990.569260212884,1,0,32.09000015258789,1.039999961853027,100,1
13549379,13547391,4143,1990.569260212884,1,0,32.54999923706055,1.080000042915344,100,1
13551360,13549382,4144,1990.569260212884,1,0,33.43999862670898,1.110000014305115,100,1
13553386,13551373,4145,1990.569260212884,1,0,33.88999938964844,1.120000004768372,100,1
13555321,13553363,4146,1990.569260212884,1,0,34.34000015258789,1.120000004768372,100,1
13557330,13555354,4147,1990.569260212884,1,0,34.79999923706055,1.120000004768372,100,1
13559344,13557344,4148,1990.569260212884,1,0,35.25,1.100000023841858,100,1
13561304,13559335,4149,1990.569260212884,1,0,35.68999862670898,1.120000004768372,100,1
13563287,13561322,4150,1990.515408170307,1,0,36.13999938964844,1.120000004768372,100,1
13565270,13563312,4151,1990.515408170307,1,0,36.59000015258789,1.120000004768372,100,1
13567266,13565303,4152,1990.515408170307,1,0,37.04999923706055,1.120000004768372,100,1
13569245,13567293,4153,1990.515408170307,1,0,37.04999923706055,1.120000004768372,100,1
13571238,13569284,4154,1990.515408170307,1,0,37.5,1.120000004768372,100,1
13573231,13571274,4155,1990.515408170307,1,0,37.93999862670898,1.100000023841858,100,1
13575253,13573265,4156,1990.515408170307,1,0,38.38999938964844,1.100000023841858,100,1
13577205,13575255,4157,1990.515408170307,1,0,38.38999938964844,1.100000023841858,100,1
13579231,13577246,4158,1990.515408170307,1,0,38.84000015258789,1.100000023841858,100,1
13581211,13579236,4159,1990.515408170307,1,0,39.29999923706055,1.090000033378601,100,1
13583199,13581227,4160,1990.515408170307,1,0,39.75,1.100000023841858,100,1
13585175,13583217,4161,1990.515408170307,1,0,39.75,1.100000023841858,100,1
13587165,13585208,4162,1990.515408170307,1,0,40.18999862670898,1.100000023841858,100,1
13589145,13587198,4163,1990.515408170307,1,0,40.63999938964844,1.090000033378601,100,1
13591148,13589189,4164,1990.515408170307,1,0,40.63999938964844,1.090000033378601,100,1
13593155,13591179,4165,1990.515408170307,1,0,41.09999847412109,1.080000042915344,100,1
13595159,13593170,4166,1990.515408170307,1,0,41.09999847412109,1.080000042915344,100,1
13597141,13595160,4167,1990.515408170307,1,0,41.54999923706055,1.080000042915344,100,1
13599152,13597151,4168,1990.515408170307,1,0,41.9900016784668,1.080000042915344,97,1
13601115,13599141,4169,1990.515408170307,1,0,41.9900016784668,1.070000052452087,100,1
13603099,13601132,4170,1990.515408170307,1,0,42.43999862670898,1.080000042915344,100,1
13605093,13603122,4171,1990.515408170307,1,0,42.43999862670898,1.070000052452087,100,1
13607077,13605113,4172,1990.515408170307,1,0,42.90000152587891,1.070000052452087,100,1
13609062,13607103,4173,1990.515408170307,1,0,42.90000152587891,1.070000052452087,100,1
13611057,13609094,4174,1990.515408170307,1,0,43.34999847412109,1.070000052452087,100,1
13613092,13611084,4175,1990.515408170307,1,0,45.75,1.070000052452087,100,1
13615061,13613075,4176,1990.515408170307,1,0,45.75,1.070000052452087,100,1
13617031,13615066,4177,1990.515408170307,1,0,45.29999923706055,1.070000052452087,100,1
13619024,13617056,4178,1990.515408170307,1,0,45.29999923706055,1.059999942779541,100,1
13620994,13619047,4179,1990.515408170307,1,0,44.84999847412109,1.049999952316284,100,1
13622998,13621037,4180,1990.515408170307,1,0,44.84999847412109,1.059999942779541,100,1
13625009,13623028,4181,1990.515408170307,1,0,44.40000152587891,1.070000052452087,100,1
13626975,13625018,4182,1990.515408170307,1,0,43.95000076293945,1.070000052452087,100,1
13628982,13627009,4183,1990.515408170307,1,0,43.95000076293945,1.070000052452087,100,1
13630986,13628999,4184,1990.515408170307,1,0,43.5,1.080000042915344,100,1
13632970,13630990,4185,1990.515408170307,1,0,43.5,1.080000042915344,100,1
13635030,13632980,4186,1990.515408170307,1,0,43.04999923706055,1.080000042915344,100,1
13636967,13634971,4187,1990.515408170307,1,0,42.59999847412109,1.090000033378601,100,1
13638980,13636961,4188,1990.515408170307,1,0,42.59999847412109,1.080000042915344,100,1
13640985,13638952,4189,1990.515408170307,1,0,42.15000152587891,1.080000042915344,100,1
13642947,13640942,4190,1990.515408170307,1,0,41.70000076293945,1.100000023841858,100,1
13644925,13642933,4191,1990.515408170307,1,0,41.70000076293945,1.090000033378601,100,1
13646890,13644923,4192,1990.515408170307,1,0,41.25,1.090000033378601,100,1
13648888,13646914,4193,1990.515408170307,1,0,40.79999923706055,1.100000023841858,100,1
13650902,13648904,4194,1990.515408170307,1,0,40.79999923706055,1.100000023841858,100,1
13652937,13650895,4195,1990.515408170307,1,0,40.34000015258789,1.100000023841858,100,1
13654875,13652885,4196,1990.515408170307,1,0,39.90000152587891,1.110000014305115,100,1
13656834,13654876,4197,1990.515408170307,1,0,39.45000076293945,1.120000004768372,100,1
13658861,13656866,4198,1990.515408170307,1,0,39,1.129999995231628,100,1
13660821,13658857,4199,1990.515408170307,1,0,39,1.120000004768372,100,1
13662822,13660845,4200,1990.552326536246,1,0,38.54999923706055,1.120000004768372,100,1
13664830,13662835,4201,1990.552326536246,1,0,38.09000015258789,1.110000014305115,100,1
13666788,13664826,4202,1990.552326536246,1,0,37.65000152587891,1.120000004768372,100,1
13668796,13666816,4203,1990.552326536246,1,0,37.20000076293945,1.110000014305115,100,1
13670812,13668807,4204,1990.552326536246,1,0,36.75,1.120000004768372,100,1
13672800,13670798,4205,1990.552326536246,1,0,36.29999923706055,1.120000004768372,100,1
13674786,13672788,4206,1990.552326536246,1,0,35.40000152587891,1.120000004768372,100,1
13676755,13674779,4207,1990.552326536246,1,0,34.95000076293945,1.120000004768372,100,1
13678759,13676769,4208,1990.552326536246,1,0,34.5,1.059999942779541,100,1
13680753,13678760,4209,1990.552326536246,1,0,33.59000015258789,1.029999971389771,100,1
13682757,13680750,4210,1990.552326536246,1,0,32.70000076293945,1.070000052452087,100,1
13684760,13682741,4211,1990.552326536246,1,0,31.79999923706055,1.080000042915344,100,1
13686753,13684731,4212,1990.552326536246,1,0,30.89999961853027,0.8799999952316284,100,1
13688771,13686722,4213,1990.552326536246,1,0,30,0.7799999713897705,100,1
13690812,13688713,4214,1990.552326536246,1,0,28.64999961853027,0.7599999904632568,100,1
13692754,13690703,4215,1990.552326536246,1,0,27.75,0.7599999904632568,100,1
13694722,13692694,4216,1990.552326536246,1,0,26.85000038146973,0.7599999904632568,100,1
13696691,13694684,4217,1990.552326536246,1,0,25.95000076293945,0.7599999904632568,100,1
13698664,13696675,4218,1990.552326536246,1,0,25.04999923706055,0.7599999904632568,100,1
13700662,13698665,4219,1990.552326536246,1,0,23.70000076293945,0.7900000214576721,100,1
13702670,13700656,4220,1990.552326536246,1,0,22.79999923706055,1.220000028610229,100,1
13704653,13702646,4221,1990.552326536246,1,0,21.89999961853027,1.559999942779541,100,1
13706665,13704637,4222,1990.552326536246,1,0,21,1.590000033378601,100,1
13708656,13706628,4223,1990.552326536246,1,0,19.64999961853027,1.600000023841858,100,1
13710665,13708618,4224,1990.552326536246,1,0,18.75,1.610000014305115,100,1
13712601,13710609,4225,1990.552326536246,1,0,17.85000038146973,1.629999995231628,100,1
13714600,13712599,4226,1990.552326536246,1,0,16.95000076293945,1.669999957084656,100,1
13716608,13714590,4227,1990.552326536246,1,0,16.04000091552734,1.720000028610229,100,1
13718543,13716580,4228,1990.552326536246,1,0,14.69999980926514,654.3599853515625,0,0
13720613,13718571,4229,1990.552326536246,1,0,13.78999996185303,2.099999904632568,100,1
13722580,13720561,4230,1990.552326536246,1,0,12.89999961853027,2.089999914169312,100,1
13724555,13722552,4231,1990.552326536246,1,0,11.98999977111816,2.049999952316284,100,1
13726475,13724542,4232,1990.552326536246,1,0,10.64999961853027,1.690000057220459,100,1
13728494,13726533,4233,1990.552326536246,1,0,9.75,1.299999952316284,100,1
13730466,13728524,4234,1990.552326536246,1,0,8.840000152587891,1.279999971389771,100,1
13732468,13730514,4235,1990.552326536246,1,0,7.949999809265137,1.269999980926514,100,1
13734475,13732505,4236,1990.552326536246,1,0,7.050000190734863,1.259999990463257,100,1
13736471,13734495,4237,1990.552326536246,1,0,5.699999809265137,1.25,100,1
13738471,13736486,4238,1990.552326536246,1,0,4.800000190734863,1.240000009536743,100,1
13740454,13738476,4239,1990.552326536246,1,0,3.900000095367432,1.220000028610229,100,1
13742446,13740467,4240,1990.552326536246,1,0,3,1.210000038146973,100,1
13744430,13742457,4241,1990.552326536246,1,0,1.649999976158142,1.200000047683716,100,1
13746419,13744448,4242,1990.552326536246,1,0,0.75,1.190000057220459,100,1
13748427,13746439,4243,1990.552326536246,1,0,-0.1400000005960464,1.179999947547913,100,1
13750395,13748429,4244,1990.552326536246,1,0,-1.039999961853027,1.169999957084656,100,1
13752410,13750420,4245,1990.552326536246,1,0,-1.940000057220459,1.159999966621399,100,1
13754382,13752410,4246,1990.552326536246,1,0,-2.839999914169312,1.159999966621399,100,1
13756379,13754401,4247,1990.552326536246,1,0,-4.190000057220459,1.149999976158142,100,1
13758380,13756391,4248,1990.552326536246,1,0,-5.090000152587891,1.139999985694885,100,1
13760348,13758382,4249,1990.552326536246,1,0,-6,1.120000004768372,100,1
13762362,13760371,4250,1990.601861228997,1,0,-6.889999866485596,1.129999995231628,100,1
13764337,13762362,4251,1990.601861228997,1,0,-7.800000190734863,1.120000004768372,100,1
13766335,13764353,4252,1990.601861228997,1,0,-9.140000343322754,1.120000004768372,100,1
13768309,13766343,4253,1990.601861228997,1,0,-10.05000019073486,1.120000004768372,100,1
13770309,13768334,4254,1990.601861228997,1,0,-10.94999980926514,1.110000014305115,100,1
13772351,13770324,4255,1990.601861228997,1,0,-11.85000038146973,1.100000023841858,100,1
13774338,13772315,4256,1990.601861228997,1,0,-13.19999980926514,1.100000023841858,100,1
13776296,13774306,4257,1990.601861228997,1,0,-14.10000038146973,1.080000042915344,100,1
13778272,13776296,4258,1990.601861228997,1,0,-14.98999977111816,0.8999999761581421,100,1
13780279,13778287,4259,1990.601861228997,1,0,-15.89999961853027,0.5099999904632568,100,1
13782260,13780277,4260,1990.601861228997,1,0,-17.23999977111816,0.4799999892711639,100,1
13784271,13782268,4261,1990.601861228997,1,0,-18.14999961853027,0.4699999988079071,100,1
13786251,13784259,4262,1990.601861228997,1,0,-19.04000091552734,0.4699999988079071,100,1
13788236,13786249,4263,1990.601861228997,1,0,-19.94000053405762,0.449999988079071,100,1
13790259,13788240,4264,1990.601861228997,1,0,-20.84000015258789,0.4600000083446503,100,1
13792212,13790230,4265,1990.601861228997,1,0,-22.20000076293945,0.4600000083446503,100,1
13794223,13792221,4266,1990.601861228997,1,0,-23.09000015258789,0.4600000083446503,100,1
13796212,13794212,4267,1990.601861228997,1,0,-23.98999977111816,0.4399999976158142,100,1
13798194,13796202,4268,1990.601861228997,1,0,-24.88999938964844,0.4600000083446503,100,1
13800196,13798193,4269,1990.601861228997,1,0,-25.79999923706055,0.4699999988079071,100,1
13802200,13800183,4270,1990.601861228997,1,0,-27.13999938964844,0.4799999892711639,100,1
13804168,13802174,4271,1990.601861228997,1,0,-28.04999923706055,0.4699999988079071,100,1
13806163,13804165,4272,1990.601861228997,1,0,-28.95000076293945,0.4600000083446503,100,1
13808143,13806155,4273,1990.601861228997,1,0,-29.84000015258789,0.449999988079071,100,1
13810145,13808146,4274,1990.601861228997,1,0,-30.73999977111816,0.449999988079071,100,1
13812139,13810136,4275,1990.601861228997,1,0,-31.63999938964844,0.449999988079071,100,1
13814113,13812127,4276,1990.601861228997,1,0,-32.54999923706055,0.449999988079071,100,1
13816118,13814118,4277,1990.601861228997,1,0,-33,0.4600000083446503,100,1
13818133,13816108,4278,1990.601861228997,1,0,-33.43999862670898,0.4600000083446503,100,1
13820096,13818099,4279,1990.601861228997,1,0,-33.88999938964844,0.4600000083446503,100,1
13822105,13820089,4280,1990.601861228997,1,0,-34.34000015258789,0.449999988079071,100,1
13824076,13822080,4281,1990.601861228997,1,0,-34.79999923706055,0.4600000083446503,100,1
13826071,13824071,4282,1990.601861228997,1,0,-35.25,0.4600000083446503,100,1
13828081,13826061,4283,1990.601861228997,1,0,-35.68999862670898,0.4399999976158142,100,1
13830044,13828052,4284,1990.601861228997,1,0,-36.13999938964844,0.4699999988079071,100,1
13832048,13830042,4285,1990.601861228997,1,0,-36.59000015258789,0.4699999988079071,100,1
13834024,13832033,4286,1990.601861228997,1,0,-37.04999923706055,0.449999988079071,100,1
13836028,13834024,4287,1990.601861228997,1,0,-37.5,0.449999988079071,100,1
13837990,13836014,4288,1990.601861228997,1,0,-37.93999862670898,0.4399999976158142,100,1
13839965,13838005,4289,1990.601861228997,1,0,-37.93999862670898,0.449999988079071,100,1
13841964,13839995,4290,1990.601861228997,1,0,-38.38999938964844,0.4600000083446503,100,1
13843967,13841986,4291,1990.601861228997,1,0,-38.84000015258789,0.4699999988079071,100,1
13845969,13843977,4292,1990.601861228997,1,0,-38.84000015258789,0.4699999988079071,100,1
13847958,13845967,4293,1990.601861228997,1,0,-39.29999923706055,0.4600000083446503,100,1
13849957,13847958,4294,1990.601861228997,1,0,-39.75,0.4699999988079071,100,1
13851947,13849948,4295,1990.601861228997,1,0,-40.18999862670898,0.4699999988079071,100,1
13853948,13851939,4296,1990.601861228997,1,0,-40.18999862670898,0.4600000083446503,100,1
13855959,13853930,4297,1990.601861228997,1,0,-40.63999938964844,0.4699999988079071,100,1
13857914,13855920,4298,1990.601861228997,1,0,-40.63999938964844,0.4699999988079071,100,1
13859922,13857911,4299,1990.601861228997,1,0,-41.09999847412109,0.4799999892711639,100,1
13861949,13859906,4300,1990.829488983198,1,0,-41.54999923706055,0.4799999892711639,100,1
13863899,13861897,4301,1990.829488983198,1,0,-41.54999923706055,0.4900000095367432,100,1
13865924,13863888,4302,1990.829488983198,1,0,-41.9900016784668,0.4900000095367432,100,1
13867907,13865879,4303,1990.829488983198,1,0,-41.9900016784668,0.5,100,1
13869853,13867870,4304,1990.829488983198,1,0,-42.43999862670898,0.5,100,1
13871917,13869860,4305,1990.829488983198,1,0,-42.43999862670898,0.5,100,1
13873842,13871851,4306,1990.829488983198,1,0,-42.90000152587891,0.5,100,1
13875837,13873842,4307,1990.829488983198,1,0,-43.34999847412109,0.5,100,1
13877844,13875833,4308,1990.829488983198,1,0,-45.75,0.5,100,1
13879818,13877824,4309,1990.829488983198,1,0,-46.20000076293945,0.5099999904632568,100,1
13881816,13879815,4310,1990.829488983198,1,0,-45.75,0.5099999904632568,100,1
13883839,13881805,4311,1990.829488983198,1,0,-45.75,0.5099999904632568,100,1
13885780,13883796,4312,1990.829488983198,1,0,-45.29999923706055,0.5099999904632568,100,1
13887827,13885787,4313,1990.829488983198,1,0,-45.29999923706055,0.5099999904632568,100,1
13889829,13887778,4314,1990.829488983198,1,0,-44.84999847412109,0.5099999904632568,100,1
13891862,13889769,4315,1990.829488983198,1,0,-44.84999847412109,0.5099999904632568,100,1
13893818,13891760,4316,1990.829488983198,1,0,-44.40000152587891,0.5099999904632568,100,1
13895817,13893750,4317,1990.829488983198,1,0,-44.40000152587891,0.5,100,1
13897814,13895741,4318,1990.829488983198,1,0,-43.95000076293945,0.5,100,1
13899818,13897732,4319,1990.829488983198,1,0,-43.5,0.4799999892711639,100,1
13901734,13899723,4320,1990.829488983198,1,0,-43.5,0.4699999988079071,100,1
13903727,13901714,4321,1990.829488983198,1,0,-43.04999923706055,0.4699999988079071,100,1
13905821,13903704,4322,1990.829488983198,1,0,-42.59999847412109,0.4799999892711639,100,1
13907714,13905695,4323,1990.829488983198,1,0,-42.59999847412109,0.4799999892711639,100,1
13909700,13907686,4324,1990.829488983198,1,0,-42.15000152587891,0.4799999892711639,100,1
13911684,13909677,4325,1990.829488983198,1,0,-42.15000152587891,0.4699999988079071,100,1
13913673,13911668,4326,1990.829488983198,1,0,-41.70000076293945,0.4399999976158142,100,1
13915685,13913659,4327,1990.829488983198,1,0,-41.25,0.4699999988079071,100,1
13917658,13915649,4328,1990.829488983198,1,0,-40.79999923706055,0.4699999988079071,100,1
13919658,13917640,4329,1990.829488983198,1,0,-40.79999923706055,0.4699999988079071,100,1
13921657,13919631,4330,1990.829488983198,1,0,-40.34000015258789,0.4699999988079071,100,1
13923657,13921622,4331,1990.829488983198,1,0,-39.90000152587891,0.449999988079071,100,1
13925630,13923613,4332,1990.829488983198,1,0,-39.45000076293945,0.449999988079071,100,1
13927612,13925604,4333,1990.829488983198,1,0,-39,0.449999988079071,100,1
13929609,13927594,4334,1990.829488983198,1,0,-39,0.4399999976158142,100,1
13931596,13929585,4335,1990.829488983198,1,0,-38.54999923706055,0.4600000083446503,100,1
13933575,13931576,4336,1990.829488983198,1,0,-38.09000015258789,0.4600000083446503,100,1
13935599,13933567,4337,1990.829488983198,1,0,-37.65000152587891,0.449999988079071,100,1
13937595,13935558,4338,1990.829488983198,1,0,-37.20000076293945,0.4799999892711639,100,1
13939572,13937549,4339,1990.829488983198,1,0,-36.75,0.4699999988079071,100,1
13941569,13939539,4340,1990.829488983198,1,0,-36.29999923706055,0.4600000083446503,100,1
13943550,13941530,4341,1990.829488983198,1,0,-35.40000152587891,0.4600000083446503,100,1
13945544,13943521,4342,1990.829488983198,1,0,-34.95000076293945,0.4699999988079071,100,1
13947525,13945512,4343,1990.829488983198,1,0,-34.5,0.4600000083446503,100,1
13949483,13947503,4344,1990.829488983198,1,0,-33.59000015258789,0.4600000083446503,100,1
13951471,13949494,4345,1990.829488983198,1,0,-32.70000076293945,0.449999988079071,100,1
13953488,13951484,4346,1990.829488983198,1,0,-31.79999923706055,0.449999988079071,100,1
13955482,13953475,4347,1990.829488983198,1,0,-30.89999961853027,0.4600000083446503,100,1
13957531,13955466,4348,1990.829488983198,1,0,-30,0.4600000083446503,100,1
13959470,13957457,4349,1990.829488983198,1,0,-29.10000038146973,0.4600000083446503,100,1
13961484,13959451,4350,1990.803591186558,1,0,-27.75,0.4799999892711639,100,1
13963484,13961442,4351,1990.803591186558,1,0,-26.85000038146973,0.4799999892711639,100,1
13965450,13963433,4352,1990.803591186558,1,0,-25.95000076293945,0.4600000083446503,100,1
13967424,13965424,4353,1990.803591186558,1,0,-25.04999923706055,0.4699999988079071,100,1
13969360,13967415,4354,1990.803591186558,1,0,-23.70000076293945,0.4600000083446503,100,1
13971334,13969405,4355,1990.803591186558,1,0,-22.79999923706055,0.4600000083446503,100,1
13973368,13971396,4356,1990.803591186558,1,0,-21.89999961853027,0.4699999988079071,100,1
13975345,13973387,4357,1990.803591186558,1,0,-21,0.4699999988079071,100,1
13977340,13975378,4358,1990.803591186558,1,0,-20.10000038146973,0.4699999988079071,100,1
13979368,13977369,4359,1990.803591186558,1,0,-18.75,0.4799999892711639,100,1
13981353,13979359,4360,1990.803591186558,1,0,-17.85000038146973,0.4799999892711639,100,1
13983373,13981350,4361,1990.803591186558,1,0,-16.95000076293945,0.5299999713897705,100,1
13985341,13983341,4362,1990.803591186558,1,0,-16.04000091552734,1.019999980926514,100,1
13987328,13985332,4363,1990.803591186558,1,0,-14.69999980926514,1.080000042915344,100,1
13989324,13987323,4364,1990.803591186558,1,0,-13.78999996185303,1.100000023841858,100,1
13991299,13989313,4365,1990.803591186558,1,0,-12.89999961853027,1.110000014305115,100,1
13993282,13991304,4366,1990.803591186558,1,0,-11.98999977111816,1.120000004768372,100,1
13995311,13993295,4367,1990.803591186558,1,0,-11.10000038146973,1.110000014305115,100,1
13997310,13995286,4368,1990.803591186558,1,0,-9.75,1.120000004768372,100,1
13999287,13997277,4369,1990.803591186558,1,0,-8.840000152587891,1.120000004768372,100,1
14001273,13999267,4370,1990.803591186558,1,0,-7.949999809265137,1.129999995231628,100,1
14003262,14001258,4371,1990.803591186558,1,0,-7.050000190734863,1.129999995231628,100,1
14005241,14003249,4372,1990.803591186558,1,0,-5.699999809265137,1.139999985694885,100,1
14007245,14005240,4373,1990.803591186558,1,0,-4.800000190734863,1.149999976158142,100,1
14009225,14007231,4374,1990.803591186558,1,0,-3.900000095367432,1.149999976158142,100,1
14011204,14009221,4375,1990.803591186558,1,0,-3,1.159999966621399,100,1
14013197,14011212,4376,1990.803591186558,1,0,-2.089999914169312,1.169999957084656,100,1
14015186,14013203,4377,1990.803591186558,1,0,-1.200000047683716,1.179999947547913,100,1
14017177,14015194,4378,1990.803591186558,1,0,0.1400000005960464,1.190000057220459,100,1
14019211,14017185,4379,1990.803591186558,1,0,1.039999961853027,1.200000047683716,100,1
14021193,14019175,4380,1990.803591186558,1,0,1.940000057220459,1.210000038146973,100,1
14023155,14021166,4381,1990.803591186558,1,0,2.839999914169312,1.210000038146973,100,1
14025164,14023157,4382,1990.803591186558,1,0,3.740000009536743,1.230000019073486,100,1
14027151,14025148,4383,1990.803591186558,1,0,5.090000152587891,1.240000009536743,100,1
14029147,14027139,4384,1990.803591186558,1,0,6,1.259999990463257,100,1
14031171,14029129,4385,1990.803591186558,1,0,6.889999866485596,1.269999980926514,100,1
14033112,14031120,4386,1990.803591186558,1,0,7.800000190734863,1.279999971389771,100,1
14035104,14033111,4387,1990.803591186558,1,0,9.140000343322754,1.309999942779541,100,1
14037130,14035102,4388,1990.803591186558,1,0,10.05000019073486,1.860000014305115,100,1
14039095,14037093,4389,1990.803591186558,1,0,10.94999980926514,2.059999942779541,100,1
14041098,14039083,4390,1990.803591186558,1,0,11.85000038146973,2.099999904632568,100,1
14043128,14041074,4391,1990.803591186558,1,0,12.75,2.089999914169312,100,1
14045071,14043065,4392,1990.803591186558,1,0,14.10000038146973,1.779999971389771,100,1
14047063,14045056,4393,1990.803591186558,1,0,14.98999977111816,1.730000019073486,100,1
14049057,14047047,4394,1990.803591186558,1,0,15.89999961853027,1.690000057220459,100,1
14051024,14049038,4395,1990.803591186558,1,0,16.79000091552734,1.649999976158142,100,1
14053003,14051028,4396,1990.803591186558,1,0,18.14999961853027,1.620000004768372,100,1
14055027,14053019,4397,1990.803591186558,1,0,19.04000091552734,1.600000023841858,100,1
14056959,14055010,4398,1990.803591186558,1,0,19.94000053405762,1.590000033378601,100,1
14058980,14057001,4399,1990.803591186558,1,0,20.84000015258789,1.5,100,1
14060979,14058990,4400,1990.622872949247,1,0,21.73999977111816,654.3599853515625,0,0
14062998,14060981,4401,1990.622872949247,1,0,23.09000015258789,0.7699999809265137,100,1
14064981,14062972,4402,1990.622872949247,1,0,23.98999977111816,0.7599999904632568,100,1
14066999,14064962,4403,1990.622872949247,1,0,24.88999938964844,0.75,100,1
14068992,14066953,4404,1990.622872949247,1,0,25.79999923706055,0.75,100,1
14070965,14068943,4405,1990.622872949247,1,0,27.13999938964844,0.7599999904632568,100,1
14072933,14070934,4406,1990.622872949247,1,0,28.04999923706055,0.7599999904632568,100,1
14074964,14072925,4407,1990.622872949247,1,0,28.95000076293945,0.7599999904632568,100,1
14076907,14074915,4408,1990.622872949247,1,0,29.84000015258789,0.7900000214576721,100,1
14078896,14076906,4409,1990.622872949247,1,0,30.73999977111816,0.9800000190734863,100,1
14080927,14078897,4410,1990.622872949247,1,0,31.63999938964844,1.080000042915344,100,1
14082935,14080887,4411,1990.622872949247,1,0,32.09000015258789,1.029999971389771,100,1
14084891,14082878,4412,1990.622872949247,1,0,33,1.120000004768372,100,1
14086876,14084868,4413,1990.622872949247,1,0,33.43999862670898,1.110000014305115,100,1
14088920,14086859,4414,1990.622872949247,1,0,33.88999938964844,1.120000004768372,100,1
14090892,14088850,4415,1990.622872949247,1,0,34.34000015258789,1.110000014305115,100,1
14092852,14090840,4416,1990.622872949247,1,0,34.79999923706055,1.120000004768372,100,1
14094848,14092831,4417,1990.622872949247,1,0,35.25,1.110000014305115,100,1
14096817,14094821,4418,1990.622872949247,1,0,35.68999862670898,1.120000004768372,100,1
14098815,14096812,4419,1990.622872949247,1,0,36.13999938964844,1.110000014305115,100,1
14100808,14098803,4420,1990.622872949247,1,0,36.59000015258789,1.120000004768372,100,1
14102813,14100793,4421,1990.622872949247,1,0,37.04999923706055,1.110000014305115,100,1
14104810,14102784,4422,1990.622872949247,1,0,37.5,1.120000004768372,100,1
14106814,14104775,4423,1990.622872949247,1,0,37.5,1.120000004768372,100,1
14108825,14106765,4424,1990.622872949247,1,0,37.93999862670898,1.110000014305115,100,1
14110819,14108756,4425,1990.622872949247,1,0,38.38999938964844,1.100000023841858,100,1
14112815,14110746,4426,1990.622872949247,1,0,38.84000015258789,1.100000023841858,100,1
14114723,14112737,4427,1990.622872949247,1,0,38.84000015258789,1.100000023841858,100,1
14116725,14114728,4428,1990.622872949247,1,0,39.29999923706055,1.100000023841858,100,1
14118694,14116718,4429,1990.622872949247,1,0,39.75,1.100000023841858,100,1
14120697,14118709,4430,1990.622872949247,1,0,39.75,1.090000033378601,100,1
14122694,14120700,4431,1990.622872949247,1,0,40.18999862670898,1.100000023841858,100,1
14124710,14122690,4432,1990.622872949247,1,0,40.63999938964844,1.100000023841858,100,1
14126705,14124681,4433,1990.622872949247,1,0,40.63999938964844,1.080000042915344,100,1
14128690,14126671,4434,1990.622872949247,1,0,41.09999847412109,1.080000042915344,100,1
14130676,14128662,4435,1990.622872949247,1,0,41.54999923706055,1.080000042915344,100,1
14132657,14130653,4436,1990.622872949247,1,0,41.54999923706055,1.080000042915344,100,1
14134663,14132643,4437,1990.622872949247,1,0,41.9900016784668,1.080000042915344,100,1
14136630,14134634,4438,1990.622872949247,1,0,41.9900016784668,1.080000042915344,100,1
14138645,14136625,4439,1990.622872949247,1,0,42.43999862670898,1.070000052452087,100,1
14140635,14138615,4440,1990.622872949247,1,0,42.43999862670898,1.070000052452087,100,1
14142586,14140606,4441,1990.622872949247,1,0,42.90000152587891,1.070000052452087,100,1
14144617,14142596,4442,1990.622872949247,1,0,43.34999847412109,1.070000052452087,100,1
14146609,14144587,4443,1990.622872949247,1,0,45.75,1.059999942779541,100,1
14148587,14146578,4444,1990.622872949247,1,0,45.75,1.070000052452087,100,1
14150586,14148568,4445,1990.622872949247,1,0,45.75,1.059999942779541,100,1
14152542,14150559,4446,1990.622872949247,1,0,45.29999923706055,1.059999942779541,100,1
14154556,14152550,4447,1990.622872949247,1,0,45.29999923706055,1.059999942779541,100,1
14156563,14154540,4448,1990.622872949247,1,0,44.84999847412109,1.059999942779541,100,1
14158531,14156531,4449,1990.622872949247,1,0,44.40000152587891,1.059999942779541,100,1
14160554,14158525,4450,1990.798298359397,1,0,44.40000152587891,1.070000052452087,100,1
14162576,14160515,4451,1990.798298359397,1,0,43.95000076293945,1.070000052452087,100,1
14164479,14162506,4452,1990.798298359397,1,0,43.95000076293945,1.080000042915344,100,1
14166467,14164497,4453,1990.798298359397,1,0,43.5,1.080000042915344,100,1
14168432,14166488,4454,1990.798298359397,1,0,43.04999923706055,1.070000052452087,100,1
14170432,14168479,4455,1990.798298359397,1,0,43.04999923706055,1.080000042915344,100,1
14172448,14170469,4456,1990.798298359397,1,0,42.59999847412109,1.090000033378601,100,1
14174439,14172460,4457,1990.798298359397,1,0,42.59999847412109,1.090000033378601,100,1
14176451,14174451,4458,1990.798298359397,1,0,42.15000152587891,1.090000033378601,100,1
14178415,14176442,4459,1990.798298359397,1,0,41.70000076293945,1.090000033378601,100,1
14180415,14178433,4460,1990.798298359397,1,0,41.70000076293945,1.090000033378601,100,1
14182382,14180423,4461,1990.798298359397,1,0,41.25,1.100000023841858,100,1
14184407,14182414,4462,1990.798298359397,1,0,40.79999923706055,1.100000023841858,100,1
14186396,14184405,4463,1990.798298359397,1,0,40.34000015258789,1.100000023841858,100,1
14188406,14186396,4464,1990.798298359397,1,0,40.34000015258789,1.100000023841858,100,1
14190448,14188387,4465,1990.798298359397,1,0,39.90000152587891,1.120000004768372,100,1
14192345,14190377,4466,1990.798298359397,1,0,39.45000076293945,1.110000014305115,100,1
14194345,14192368,4467,1990.798298359397,1,0,39,1.120000004768372,100,1
14196396,14194359,4468,1990.798298359397,1,0,38.54999923706055,1.120000004768372,100,1
14198341,14196350,4469,1990.798298359397,1,0,38.09000015258789,1.110000014305115,100,1
14200313,14198341,4470,1990.798298359397,1,0,37.65000152587891,1.110000014305115,100,1
14202306,14200331,4471,1990.798298359397,1,0,37.20000076293945,1.080000042915344,100,1
14204310,14202322,4472,1990.798298359397,1,0,36.75,1.110000014305115,100,1
14206285,14204313,4473,1990.798298359397,1,0,36.29999923706055,1.110000014305115,100,1
14208285,14206304,4474,1990.798298359397,1,0,35.84000015258789,1.120000004768372,100,1
14210285,14208295,4475,1990.798298359397,1,0,35.40000152587891,1.120000004768372,100,1
14212275,14210285,4476,1990.798298359397,1,0,34.95000076293945,1.120000004768372,100,1
14214269,14212276,4477,1990.798298359397,1,0,34.04999923706055,1.029999971389771,100,1
14216310,14214267,4478,1990.798298359397,1,0,33.59000015258789,1.039999961853027,100,1
14218279,14216258,4479,1990.798298359397,1,0,32.70000076293945,1.090000033378601,100,1
14220301,14218249,4480,1990.798298359397,1,0,31.35000038146973,1.019999980926514,100,1
14222253,14220239,4481,1990.798298359397,1,0,30.45000076293945,0.8199999928474426,100,1
14224227,14222230,4482,1990.798298359397,1,0,29.54999923706055,0.7799999713897705,100,1
14226227,14224221,4483,1990.798298359397,1,0,28.64999961853027,0.7599999904632568,100,1
14228229,14226212,4484,1990.798298359397,1,0,27.29999923706055,0.7599999904632568,100,1
14230239,14228203,4485,1990.798298359397,1,0,26.39999961853027,0.7599999904632568,97,1
14232209,14230193,4486,1990.798298359397,1,0,25.5,0.7599999904632568,97,1
14234208,14232184,4487,1990.798298359397,1,0,24.60000038146973,0.7699999809265137,100,1
14236162,14234175,4488,1990.798298359397,1,0,23.70000076293945,0.9300000071525574,100,1
14238211,14236166,4489,1990.798298359397,1,0,22.35000038146973,1.389999985694885,100,1
14240130,14238157,4490,1990.798298359397,1,0,21.45000076293945,1.580000042915344,100,1
14242148,14240147,4491,1990.798298359397,1,0,20.54999923706055,1.600000023841858,100,1
14244118,14242138,4492,1990.798298359397,1,0,19.64999961853027,1.600000023841858,100,1
14246096,14244129,4493,1990.798298359397,1,0,18.29999923706055,1.620000004768372,100,1
14248114,14246120,4494,1990.798298359397,1,0,17.39999961853027,1.649999976158142,100,1
14250065,14248111,4495,1990.798298359397,1,0,16.5,1.690000057220459,100,1
14252070,14250101,4496,1990.798298359397,1,0,15.60000038146973,1.730000019073486,100,1
14254056,14252092,4497,1990.798298359397,1,0,14.69999980926514,1.899999976158142,100,1
14256079,14254083,4498,1990.798298359397,1,0,13.35000038146973,2.119999885559082,100,1
14258058,14256074,4499,1990.798298359397,1,0,12.44999980926514,2.079999923706055,100,1
14260063,14258064,4500,1990.674638687518,1,0,11.53999996185303,2.039999961853027,100,1
14262039,14260055,4501,1990.674638687518,1,0,10.64999961853027,1.419999957084656,100,1
14264035,14262046,4502,1990.674638687518,1,0,9.289999961853027,1.299999952316284,100,1
14266005,14264036,4503,1990.674638687518,1,0,8.390000343322754,1.279999971389771,100,1
14268020,14266027,4504,1990.674638687518,1,0,7.5,1.269999980926514,100,1
14269975,14268018,4505,1990.674638687518,1,0,6.590000152587891,1.259999990463257,100,1
14271960,14270008,4506,1990.674638687518,1,0,5.699999809265137,1.240000009536743,100,1
14274017,14271999,4507,1990.674638687518,1,0,4.349999904632568,1.230000019073486,97,1
14275976,14273990,4508,1990.674638687518,1,0,3.450000047683716,1.220000028610229,100,1
14277988,14275981,4509,1990.674638687518,1,0,2.549999952316284,1.210000038146973,100,1
14279939,14277971,4510,1990.674638687518,1,0,1.649999976158142,1.190000057220459,100,1
14281915,14279962,4511,1990.674638687518,1,0,0.75,1.179999947547913,100,1
14283928,14281953,4512,1990.674638687518,1,0,-0.5899999737739563,1.179999947547913,100,1
14285909,14283943,4513,1990.674638687518,1,0,-1.490000009536743,1.169999957084656,100,1
14287908,14285934,4514,1990.674638687518,1,0,-2.390000104904175,1.159999966621399,100,1
14289870,14287925,4515,1990.674638687518,1,0,-3.299999952316284,1.149999976158142,100,1
14291898,14289915,4516,1990.674638687518,1,0,-4.190000057220459,1.149999976158142,100,1
14293891,14291906,4517,1990.674638687518,1,0,-5.550000190734863,1.139999985694885,100,1
14295856,14293897,4518,1990.674638687518,1,0,-6.449999809265137,1.139999985694885,100,1
14297868,14295887,4519,1990.674638687518,1,0,-7.349999904632568,1.129999995231628,100,1
14299853,14297878,4520,1990.674638687518,1,0,-8.25,1.120000004768372,100,1
14301849,14299869,4521,1990.674638687518,1,0,-9.590000152587891,1.120000004768372,100,1
14303881,14301859,4522,1990.674638687518,1,0,-10.5,1.120000004768372,100,1
14305839,14303850,4523,1990.674638687518,1,0,-11.39999961853027,1.110000014305115,100,1
14307835,14305841,4524,1990.674638687518,1,0,-12.30000019073486,1.100000023841858,100,1
14309842,14307831,4525,1990.674638687518,1,0,-13.19999980926514,1.100000023841858,100,1
14311837,14309822,4526,1990.674638687518,1,0,-14.55000019073486,1.090000033378601,100,1
14313838,14311813,4527,1990.674638687518,1,0,-15.44999980926514,1.070000052452087,100,1
14315845,14313803,4528,1990.674638687518,1,0,-16.34000015258789,0.9599999785423279,100,1
14317836,14315794,4529,1990.674638687518,1,0,-17.23999977111816,0.5099999904632568,100,1
14319753,14317785,4530,1990.674638687518,1,0,-18.59000015258789,0.4699999988079071,100,1
14321749,14319775,4531,1990.674638687518,1,0,-19.48999977111816,0.4799999892711639,100,1
14323834,14321766,4532,1990.674638687518,1,0,-20.38999938964844,0.4799999892711639,100,1
14325744,14323757,4533,1990.674638687518,1,0,-21.29999923706055,0.4699999988079071,100,1
14327769,14325747,4534,1990.674638687518,1,0,-22.20000076293945,0.4600000083446503,100,1
14329763,14327738,4535,1990.674638687518,1,0,-23.54999923706055,0.4699999988079071,100,1
14331763,14329729,4536,1990.674638687518,1,0,-24.45000076293945,0.4699999988079071,100,1
14333756,14331719,4537,1990.674638687518,1,0,-25.34000015258789,0.4699999988079071,100,1
14335755,14333710,4538,1990.674638687518,1,0,-26.23999977111816,0.4799999892711639,100,1
14337708,14335701,4539,1990.674638687518,1,0,-27.59000015258789,0.4799999892711639,100,1
14339693,14337691,4540,1990.674638687518,1,0,-28.48999977111816,0.4699999988079071,100,1
14341688,14339682,4541,1990.674638687518,1,0,-29.38999938964844,0.4699999988079071,100,1
14343679,14341673,4542,1990.674638687518,1,0,-30.29999923706055,0.4699999988079071,100,1
14345723,14343663,4543,1990.674638687518,1,0,-31.19000053405762,0.4600000083446503,100,1
14347700,14345654,4544,1990.674638687518,1,0,-32.09000015258789,0.4600000083446503,100,1
14349665,14347645,4545,1990.674638687518,1,0,-32.54999923706055,0.449999988079071,100,1
14351635,14349635,4546,1990.674638687518,1,0,-33,0.4699999988079071,100,1
14353650,14351626,4547,1990.674638687518,1,0,-33.88999938964844,0.4699999988079071,100,1
14355640,14353617,4548,1990.674638687518,1,0,-34.34000015258789,0.4600000083446503,100,1
14357618,14355607,4549,1990.674638687518,1,0,-34.79999923706055,0.4699999988079071,100,1
14359586,14357597,4550,1990.631710950015,1,0,-35.25,0.4600000083446503,100,1
14361557,14359588,4551,1990.631710950015,1,0,-35.68999862670898,0.4600000083446503,100,1
14363559,14361578,4552,1990.631710950015,1,0,-36.13999938964844,0.4699999988079071,100,1
14365580,14363569,4553,1990.631710950015,1,0,-36.59000015258789,0.4600000083446503,100,1
14367547,14365559,4554,1990.631710950015,1,0,-36.59000015258789,0.4699999988079071,100,1
14369565,14367550,4555,1990.631710950015,1,0,-37.04999923706055,0.4699999988079071,100,1
14371571,14369541,4556,1990.631710950015,1,0,-37.5,0.449999988079071,100,1
14373544,14371531,4557,1990.631710950015,1,0,-37.93999862670898,0.449999988079071,100,1
14375554,14373522,4558,1990.631710950015,1,0,-38.38999938964844,0.449999988079071,100,1
14377555,14375513,4559,1990.631710950015,1,0,-38.38999938964844,0.4600000083446503,100,1
14379467,14377503,4560,1990.631710950015,1,0,-38.84000015258789,0.4699999988079071,100,1
14381459,14379494,4561,1990.631710950015,1,0,-39.29999923706055,0.4600000083446503,100,1
14383473,14381485,4562,1990.631710950015,1,0,-39.29999923706055,0.4699999988079071,100,1
14385442,14383475,4563,1990.631710950015,1,0,-39.75,0.4699999988079071,100,1
14387448,14385466,4564,1990.631710950015,1,0,-40.18999862670898,0.4600000083446503,100,1
14389476,14387456,4565,1990.631710950015,1,0,-40.18999862670898,0.4699999988079071,100,1
14391440,14389447,4566,1990.631710950015,1,0,-40.63999938964844,0.4699999988079071,100,1
14393445,14391438,4567,1990.631710950015,1,0,-41.09999847412109,0.4799999892711639,100,1
14395431,14393428,4568,1990.631710950015,1,0,-41.09999847412109,0.4799999892711639,100,1
14397416,14395419,4569,1990.631710950015,1,0,-41.54999923706055,0.4699999988079071,100,1
14399453,14397410,4570,1990.631710950015,1,0,-41.54999923706055,0.4799999892711639,100,1
14401428,14399400,4571,1990.631710950015,1,0,-41.9900016784668,0.4799999892711639,100,1
14403430,14401391,4572,1990.631710950015,1,0,-42.43999862670898,0.4799999892711639,100,1
14405428,14403381,4573,1990.631710950015,1,0,-42.43999862670898,0.4900000095367432,100,1
14407393,14405372,4574,1990.631710950015,1,0,-42.90000152587891,0.4900000095367432,100,1
14409399,14407363,4575,1990.631710950015,1,0,-42.90000152587891,0.4900000095367432,97,1
14411355,14409353,4576,1990.631710950015,1,0,-43.34999847412109,0.5,100,1
14413363,14411344,4577,1990.631710950015,1,0,-45.75,0.5,100,1
14415358,14413335,4578,1990.631710950015,1,0,-46.20000076293945,0.5,100,1
14417342,14415325,4579,1990.631710950015,1,0,-45.75,0.5,100,1
14419321,14417316,4580,1990.631710950015,1,0,-45.75,0.5099999904632568,100,1
14421321,14419307,4581,1990.631710950015,1,0,-45.29999923706055,0.5099999904632568,100,1
14423304,14421297,4582,1990.631710950015,1,0,-45.29999923706055,0.5099999904632568,100,1
14425282,14423288,4583,1990.631710950015,1,0,-44.84999847412109,0.5099999904632568,100,1
14427271,14425278,4584,1990.631710950015,1,0,-44.40000152587891,0.5099999904632568,100,1
14429328,14427269,4585,1990.631710950015,1,0,-44.40000152587891,0.5099999904632568,100,1
14431319,14429260,4586,1990.631710950015,1,0,-43.95000076293945,0.5099999904632568,100,1
14433262,14431250,4587,1990.631710950015,1,0,-43.95000076293945,0.4699999988079071,100,1
14435259,14433241,4588,1990.631710950015,1,0,-43.5,0.4699999988079071,100,1
14437267,14435232,4589,1990.631710950015,1,0,-43.5,0.4699999988079071,100,1
14439229,14437222,4590,1990.631710950015,1,0,-43.04999923706055,0.4799999892711639,100,1
14441220,14439213,4591,1990.631710950015,1,0,-42.59999847412109,0.4900000095367432,100,1
14443202,14441203,4592,1990.631710950015,1,0,-42.59999847412109,0.4799999892711639,100,1
14445179,14443194,4593,1990.631710950015,1,0,-42.15000152587891,0.4900000095367432,100,1
14447172,14445185,4594,1990.631710950015,1,0,-41.70000076293945,0.4799999892711639,100,1
14449198,14447175,4595,1990.631710950015,1,0,-41.70000076293945,0.4699999988079071,100,1
14451176,14449166,4596,1990.631710950015,1,0,-41.25,0.4600000083446503,100,1
14453187,14451157,4597,1990.631710950015,1,0,-40.79999923706055,0.4699999988079071,100,1
14455200,14453147,4598,1990.631710950015,1,0,-40.34000015258789,0.4600000083446503,100,1
14457173,14455138,4599,1990.631710950015,1,0,-40.34000015258789,0.449999988079071,100,1
14459184,14457134,4600,1990.897368760012,1,0,-39.90000152587891,0.449999988079071,100,1
14461099,14459125,4601,1990.897368760012,1,0,-39.45000076293945,0.449999988079071,100,1
14463107,14461116,4602,1990.897368760012,1,0,-39,0.449999988079071,100,1
14465088,14463107,4603,1990.897368760012,1,0,-38.54999923706055,0.449999988079071,100,1
14467064,14465098,4604,1990.897368760012,1,0,-38.09000015258789,0.449999988079071,100,1
14469083,14467089,4605,1990.897368760012,1,0,-37.65000152587891,0.4699999988079071,100,1
14471075,14469079,4606,1990.897368760012,1,0,-37.20000076293945,0.4699999988079071,100,1
14473065,14471070,4607,1990.897368760012,1,0,-36.75,0.4600000083446503,100,1
14475055,14473061,4608,1990.897368760012,1,0,-36.29999923706055,0.4600000083446503,100,1
14477032,14475052,4609,1990.897368760012,1,0,-35.84000015258789,0.4600000083446503,100,1
14479019,14477043,4610,1990.897368760012,1,0,-35.40000152587891,0.4600000083446503,100,1
14481048,14479034,4611,1990.897368760012,1,0,-34.95000076293945,0.449999988079071,100,1
14483061,14481025,4612,1990.897368760012,1,0,-34.04999923706055,0.449999988079071,100,1
14485050,14483016,4613,1990.897368760012,1,0,-33.59000015258789,0.449999988079071,100,1
14487045,14485007,4614,1990.897368760012,1,0,-32.70000076293945,0.4600000083446503,100,1
14489034,14486998,4615,1990.897368760012,1,0,-31.35000038146973,0.4600000083446503,100,1
14491046,14488988,4616,1990.897368760012,1,0,-30.45000076293945,0.449999988079071,100,1
14492965,14490979,4617,1990.897368760012,1,0,-29.54999923706055,0.4699999988079071,100,1
14494970,14492970,4618,1990.897368760012,1,0,-28.64999961853027,0.4699999988079071,100,1
14496962,14494961,4619,1990.897368760012,1,0,-27.75,0.4699999988079071,100,1
14498948,14496952,4620,1990.897368760012,1,0,-26.39999961853027,0.4600000083446503,100,1
14500928,14498943,4621,1990.897368760012,1,0,-25.5,0.4600000083446503,100,1
14502936,14500934,4622,1990.897368760012,1,0,-24.60000038146973,0.4600000083446503,100,1
14504889,14502925,4623,1990.897368760012,1,0,-23.70000076293945,0.4600000083446503,100,1
14506915,14504916,4624,1990.897368760012,1,0,-22.35000038146973,0.4600000083446503,100,1
14508915,14506907,4625,1990.897368760012,1,0,-21.45000076293945,0.4699999988079071,100,1
14510908,14508897,4626,1990.897368760012,1,0,-20.54999923706055,0.4699999988079071,100,1
14512923,14510888,4627,1990.897368760012,1,0,-19.64999961853027,0.4699999988079071,100,1
14514890,14512879,4628,1990.897368760012,1,0,-18.75,0.4699999988079071,100,1
14516930,14514870,4629,1990.897368760012,1,0,-17.39999961853027,0.5099999904632568,100,1
14518940,14516861,4630,1990.897368760012,1,0,-16.5,0.9700000286102295,100,1
14520896,14518852,4631,1990.897368760012,1,0,-15.60000038146973,1.080000042915344,100,1
14522884,14520843,4632,1990.897368760012,1,0,-14.69999980926514,1.100000023841858,100,1
14524880,14522834,4633,1990.897368760012,1,0,-13.35000038146973,1.100000023841858,100,1
14526889,14524825,4634,1990.897368760012,1,0,-12.44999980926514,1.110000014305115,100,1
14528936,14526815,4635,1990.897368760012,1,0,-11.53999996185303,1.120000004768372,100,1
14530850,14528806,4636,1990.897368760012,1,0,-10.64999961853027,1.120000004768372,100,1
14532760,14530797,4637,1990.897368760012,1,0,-9.75,1.120000004768372,100,1
14534845,14532788,4638,1990.897368760012,1,0,-8.390000343322754,1.129999995231628,100,1
14536747,14534779,4639,1990.897368760012,1,0,-7.5,1.129999995231628,100,1
14538718,14536770,4640,1990.897368760012,1,0,-6.590000152587891,1.139999985694885,100,1
14540778,14538761,4641,1990.897368760012,1,0,-5.699999809265137,1.139999985694885,100,1
14542747,14540752,4642,1990.897368760012,1,0,-4.349999904632568,1.149999976158142,100,1
14544767,14542743,4643,1990.897368760012,1,0,-3.450000047683716,1.159999966621399,100,1
14546749,14544734,4644,1990.897368760012,1,0,-2.549999952316284,1.169999957084656,100,1
14548725,14546724,4645,1990.897368760012,1,0,-1.649999976158142,1.179999947547913,100,1
14550726,14548715,4646,1990.897368760012,1,0,-0.75,1.179999947547913,100,1
14552697,14550706,4647,1990.897368760012,1,0,0.1400000005960464,1.190000057220459,100,1
14554698,14552697,4648,1990.897368760012,1,0,1.490000009536743,1.200000047683716,100,1
14556700,14554688,4649,1990.897368760012,1,0,2.390000104904175,1.210000038146973,100,1
14558732,14556684,4650,1990.90989500801,1,0,3.299999952316284,1.230000019073486,100,1
14560671,14558675,4651,1990.90989500801,1,0,4.190000057220459,1.230000019073486,100,1
14562663,14560666,4652,1990.90989500801,1,0,5.550000190734863,1.25,100,1
14564695,14562657,4653,1990.90989500801,1,0,6.449999809265137,1.259999990463257,100,1
14566650,14564648,4654,1990.90989500801,1,0,7.349999904632568,1.240000009536743,100,1
14568679,14566639,4655,1990.90989500801,1,0,8.25,1.289999961853027,100,1
14570656,14568630,4656,1990.90989500801,1,0,9.140000343322754,1.409999966621399,100,1
14572655,14570621,4657,1990.90989500801,1,0,10.5,2.039999961853027,100,1
14574629,14572612,4658,1990.90989500801,1,0,11.39999961853027,2.079999923706055,100,1
14576629,14574602,4659,1990.90989500801,1,0,12.30000019073486,2.109999895095825,100,1
14578609,14576593,4660,1990.90989500801,1,0,13.19999980926514,1.970000028610229,100,1
14580624,14578584,4661,1990.90989500801,1,0,14.55000019073486,1.759999990463257,100,1
14582597,14580575,4662,1990.90989500801,1,0,15.44999980926514,1.710000038146973,100,1
14584563,14582566,4663,1990.90989500801,1,0,16.34000015258789,1.679999947547913,100,1
14586783,14584557,4664,1990.90989500801,1,0,17.23999977111816,1.639999985694885,100,1
14588634,14586548,4665,1990.90989500801,1,0,18.14999961853027,1.620000004768372,100,1
14590556,14588539,4666,1990.90989500801,1,0,19.48999977111816,1.600000023841858,100,1
14592493,14590530,4667,1990.90989500801,1,0,20.38999938964844,1.580000042915344,100,1
14594478,14592521,4668,1990.90989500801,1,0,21.29999923706055,1.340000033378601,100,1
14596478,14594512,4669,1990.90989500801,1,0,22.20000076293945,0.8600000143051147,100,1
14598456,14596502,4670,1990.90989500801,1,0,23.54999923706055,0.7699999809265137,100,1
14600459,14598493,4671,1990.90989500801,1,0,24.45000076293945,0.7599999904632568,100,1
14602459,14600484,4672,1990.90989500801,1,0,25.34000015258789,0.75,100,1
14604450,14602475,4673,1990.90989500801,1,0,26.23999977111816,0.75,100,1
14606441,14604466,4674,1990.90989500801,1,0,27.13999938964844,0.75,100,1
14608430,14606457,4675,1990.90989500801,1,0,28.48999977111816,0.7599999904632568,100,1
14610437,14608448,4676,1990.90989500801,1,0,29.38999938964844,0.7699999809265137,100,1
14612478,14610439,4677,1990.90989500801,1,0,30.29999923706055,0.8299999833106995,100,1
14614468,14612430,4678,1990.90989500801,1,0,31.19000053405762,1.090000033378601,100,1
14616441,14614421,4679,1990.90989500801,1,0,32.09000015258789,1.039999961853027,100,1
14618436,14616412,4680,1990.90989500801,1,0,32.54999923706055,1.049999952316284,100,1
14620416,14618402,4681,1990.90989500801,1,0,33,1.120000004768372,100,1
14622406,14620393,4682,1990.90989500801,1,0,33.43999862670898,1.120000004768372,100,1
14624388,14622384,4683,1990.90989500801,1,0,34.34000015258789,1.120000004768372,100,1
14626372,14624375,4684,1990.90989500801,1,0,34.79999923706055,1.120000004768372,100,1
14628404,14626366,4685,1990.90989500801,1,0,35.25,1.120000004768372,100,1
14630383,14628357,4686,1990.90989500801,1,0,35.68999862670898,1.120000004768372,100,1
14632335,14630348,4687,1990.90989500801,1,0,36.13999938964844,1.120000004768372,100,1
14634319,14632339,4688,1990.90989500801,1,0,36.13999938964844,1.110000014305115,100,1
14636305,14634330,4689,1990.90989500801,1,0,36.59000015258789,1.120000004768372,100,1
14638317,14636321,4690,1990.90989500801,1,0,37.04999923706055,1.120000004768372,100,1
14640273,14638312,4691,1990.90989500801,1,0,37.5,1.120000004768372,100,1
14642305,14640302,4692,1990.90989500801,1,0,37.93999862670898,1.110000014305115,100,1
14644296,14642293,4693,1990.90989500801,1,0,38.38999938964844,1.110000014305115,100,1
14646268,14644284,4694,1990.90989500801,1,0,38.38999938964844,1.100000023841858,100,1
14648294,14646275,4695,1990.90989500801,1,0,38.84000015258789,1.100000023841858,100,1
14650243,14648266,4696,1990.90989500801,1,0,39.29999923706055,1.100000023841858,100,1
14652211,14650257,4697,1990.90989500801,1,0,39.29999923706055,1.110000014305115,100,1
14654192,14652248,4698,1990.90989500801,1,0,39.75,1.100000023841858,100,1
14656183,14654239,4699,1990.90989500801,1,0,40.18999862670898,1.100000023841858,100,1
14658212,14656228,4700,1990.647916006408,1,0,40.18999862670898,1.090000033378601,100,1
14660202,14658219,4701,1990.647916006408,1,0,40.63999938964844,1.090000033378601,100,1
14662196,14660209,4702,1990.647916006408,1,0,41.09999847412109,1.090000033378601,100,1
14664191,14662200,4703,1990.647916006408,1,0,41.09999847412109,1.080000042915344,100,1
14666180,14664191,4704,1990.647916006408,1,0,41.54999923706055,1.080000042915344,100,1
14668166,14666181,4705,1990.647916006408,1,0,41.54999923706055,1.080000042915344,100,1
14670140,14668172,4706,1990.647916006408,1,0,41.9900016784668,1.070000052452087,100,1
14672164,14670163,4707,1990.647916006408,1,0,42.43999862670898,1.080000042915344,100,1
14674208,14672153,4708,1990.647916006408,1,0,42.43999862670898,1.070000052452087,100,1
14676145,14674144,4709,1990.647916006408,1,0,42.90000152587891,1.070000052452087,100,1
14678136,14676134,4710,1990.647916006408,1,0,42.90000152587891,1.070000052452087,100,1
14680110,14678125,4711,1990.647916006408,1,0,43.34999847412109,1.059999942779541,100,1
14682102,14680116,4712,1990.647916006408,1,0,45.75,1.059999942779541,100,1
14684072,14682106,4713,1990.647916006408,1,0,45.75,1.070000052452087,100,1
14686075,14684097,4714,1990.647916006408,1,0,45.29999923706055,1.059999942779541,100,1
14688083,14686088,4715,1990.647916006408,1,0,45.29999923706055,1.059999942779541,100,1
14690045,14688078,4716,1990.647916006408,1,0,44.84999847412109,1.059999942779541,100,1
14692064,14690069,4717,1990.647916006408,1,0,44.84999847412109,1.059999942779541,100,1
14694039,14692060,4718,1990.647916006408,1,0,44.40000152587891,1.059999942779541,100,1
14696037,14694050,4719,1990.647916006408,1,0,44.40000152587891,1.070000052452087,100,1
14698032,14696041,4720,1990.647916006408,1,0,43.95000076293945,1.049999952316284,100,1
14700001,14698032,4721,1990.647916006408,1,0,43.5,1.070000052452087,100,1
14702061,14700022,4722,1990.647916006408,1,0,43.5,1.080000042915344,100,1
14704006,14702013,4723,1990.647916006408,1,0,43.04999923706055,1.090000033378601,100,1
14705989,14704004,4724,1990.647916006408,1,0,43.04999923706055,1.090000033378601,100,1
14707991,14705994,4725,1990.647916006408,1,0,42.59999847412109,1.090000033378601,100,1
14709962,14707985,4726,1990.647916006408,1,0,42.15000152587891,1.090000033378601,100,1
14711969,14709975,4727,1990.647916006408,1,0,42.15000152587891,1.090000033378601,100,1
14713970,14711966,4728,1990.647916006408,1,0,41.70000076293945,1.090000033378601,100,1
14715938,14713957,4729,1990.647916006408,1,0,41.25,1.090000033378601,100,1
14717940,14715947,4730,1990.647916006408,1,0,41.25,1.090000033378601,100,1
14719919,14717938,4731,1990.647916006408,1,0,40.79999923706055,1.100000023841858,100,1
14721927,14719929,4732,1990.647916006408,1,0,40.34000015258789,1.100000023841858,100,1
14723922,14721919,4733,1990.647916006408,1,0,39.90000152587891,1.100000023841858,100,1
14725898,14723910,4734,1990.647916006408,1,0,39.45000076293945,1.120000004768372,100,1
14727932,14725901,4735,1990.647916006408,1,0,39.45000076293945,1.120000004768372,100,1
14729941,14727891,4736,1990.647916006408,1,0,39,1.120000004768372,100,1
14731939,14729882,4737,1990.647916006408,1,0,38.54999923706055,1.120000004768372,100,1
14733894,14731873,4738,1990.647916006408,1,0,38.09000015258789,1.110000014305115,100,1
14735888,14733863,4739,1990.647916006408,1,0,37.65000152587891,1.110000014305115,100,1
14737890,14735854,4740,1990.647916006408,1,0,37.20000076293945,1.110000014305115,100,1
14739907,14737845,4741,1990.647916006408,1,0,36.75,1.120000004768372,100,1
14741894,14739835,4742,1990.647916006408,1,0,36.29999923706055,1.120000004768372,100,1
14743813,14741826,4743,1990.647916006408,1,0,35.84000015258789,1.110000014305115,100,1
14745789,14743816,4744,1990.647916006408,1,0,34.95000076293945,1.110000014305115,100,1
14747793,14745807,4745,1990.647916006408,1,0,34.5,1.080000042915344,100,1
14749777,14747798,4746,1990.647916006408,1,0,34.04999923706055,1.029999971389771,100,1
14751777,14749788,4747,1990.647916006408,1,0,33.13999938964844,1.080000042915344,100,1
14753778,14751779,4748,1990.647916006408,1,0,32.25,1.090000033378601,100,1
14755749,14753770,4749,1990.647916006408,1,0,30.89999961853027,0.9300000071525574,100,1
14757770,14755761,4750,1990.750332805126,1,0,30,0.800000011920929,100,1
14759720,14757752,4751,1990.750332805126,1,0,29.10000038146973,0.7599999904632568,100,1
14761722,14759743,4752,1990.750332805126,1,0,28.20000076293945,0.7599999904632568,100,1
14763762,14761734,4753,1990.750332805126,1,0,27.29999923706055,0.7599999904632568,100,1
14765749,14763724,4754,1990.750332805126,1,0,25.95000076293945,0.75,100,1
14767759,14765715,4755,1990.750332805126,1,0,25.04999923706055,0.7599999904632568,100,1
14769725,14767706,4756,1990.750332805126,1,0,24.14999961853027,0.7799999713897705,100,1
14771733,14769697,4757,1990.750332805126,1,0,23.25,654.3599853515625,0,0
14773705,14771687,4758,1990.750332805126,1,0,21.89999961853027,1.519999980926514,100,1
14775683,14773678,4759,1990.750332805126,1,0,21,1.590000033378601,100,1
14777694,14775669,4760,1990.750332805126,1,0,20.10000038146973,1.600000023841858,100,1
14779695,14777660,4761,1990.750332805126,1,0,19.20000076293945,1.610000014305115,100,1
14781663,14779650,4762,1990.750332805126,1,0,18.29999923706055,1.629999995231628,100,1
14783644,14781641,4763,1990.750332805126,1,0,16.95000076293945,1.659999966621399,100,1
14785670,14783632,4764,1990.750332805126,1,0,16.04000091552734,1.720000028610229,100,1
14787659,14785623,4765,1990.750332805126,1,0,15.14999961853027,1.75,100,1
14789625,14787613,4766,1990.750332805126,1,0,14.23999977111816,2.039999961853027,100,1
14791634,14789604,4767,1990.750332805126,1,0,12.89999961853027,2.099999904632568,100,1
14793598,14791595,4768,1990.750332805126,1,0,11.98999977111816,2.059999942779541,100,1
14795602,14793586,4769,1990.750332805126,1,0,11.10000038146973,1.850000023841858,100,1
14797575,14795576,4770,1990.750332805126,1,0,10.19999980926514,1.309999942779541,100,1
14799581,14797567,4771,1990.750332805126,1,0,9.289999961853027,1.289999961853027,100,1
14801558,14799558,4772,1990.750332805126,1,0,7.949999809265137,1.279999971389771,100,1
14803563,14801549,4773,1990.750332805126,1,0,7.050000190734863,1.259999990463257,100,1
14805568,14803539,4774,1990.750332805126,1,0,6.139999866485596,1.25,100,1
14807541,14805530,4775,1990.750332805126,1,0,5.25,1.240000009536743,100,1
14809551,14807521,4776,1990.750332805126,1,0,3.900000095367432,1.220000028610229,100,1
14811497,14809512,4777,1990.750332805126,1,0,3,1.210000038146973,100,1
14813530,14811502,4778,1990.750332805126,1,0,2.089999914169312,1.200000047683716,100,1
14815465,14813493,4779,1990.750332805126,1,0,1.200000047683716,1.190000057220459,100,1
14817479,14815484,4780,1990.750332805126,1,0,0.300000011920929,1.179999947547913,100,1
14819476,14817475,4781,1990.750332805126,1,0,-0.5899999737739563,1.179999947547913,100,1
14821452,14819465,4782,1990.750332805126,1,0,-1.940000057220459,1.169999957084656,100,1
14823459,14821456,4783,1990.750332805126,1,0,-2.839999914169312,1.159999966621399,100,1
14825456,14823447,4784,1990.750332805126,1,0,-3.740000009536743,1.149999976158142,100,1
14827423,14825438,4785,1990.750332805126,1,0,-4.639999866485596,1.139999985694885,100,1
14829428,14827428,4786,1990.750332805126,1,0,-6,1.139999985694885,100,1
14831403,14829419,4787,1990.750332805126,1,0,-6.889999866485596,1.139999985694885,100,1
14833405,14831410,4788,1990.750332805126,1,0,-7.800000190734863,1.129999995231628,100,1
14835413,14833401,4789,1990.750332805126,1,0,-8.699999809265137,1.120000004768372,100,1
14837411,14835391,4790,1990.750332805126,1,0,-9.590000152587891,1.120000004768372,100,1
14839406,14837382,4791,1990.750332805126,1,0,-10.94999980926514,1.110000014305115,100,1
14841406,14839373,4792,1990.750332805126,1,0,-11.85000038146973,1.110000014305115,100,1
14843393,14841364,4793,1990.750332805126,1,0,-12.75,1.100000023841858,100,1
14845360,14843354,4794,1990.750332805126,1,0,-13.64999961853027,1.090000033378601,100,1
14847334,14845345,4795,1990.750332805126,1,0,-14.98999977111816,1.059999942779541,100,1
14849334,14847336,4796,1990.750332805126,1,0,-15.89999961853027,1.009999990463257,100,1
14851310,14849327,4797,1990.750332805126,1,0,-16.79000091552734,0.5400000214576721,100,1
14853305,14851317,4798,1990.750332805126,1,0,-17.69000053405762,0.4699999988079071,100,1
14855298,14853308,4799,1990.750332805126,1,0,-18.59000015258789,0.4699999988079071,100,1
14857291,14855298,4800,1990.684266244101,1,0,-19.94000053405762,0.4699999988079071,100,1
14859306,14857289,4801,1990.684266244101,1,0,-20.84000015258789,0.4699999988079071,100,1
14861268,14859279,4802,1990.684266244101,1,0,-21.73999977111816,0.4600000083446503,100,1
14863263,14861270,4803,1990.684266244101,1,0,-22.63999938964844,0.4600000083446503,100,1
14865234,14863261,4804,1990.684266244101,1,0,-23.98999977111816,0.4600000083446503,100,1
14867244,14865251,4805,1990.684266244101,1,0,-24.88999938964844,0.4600000083446503,100,1
14869244,14867242,4806,1990.684266244101,1,0,-25.79999923706055,0.4600000083446503,100,1
14871256,14869233,4807,1990.684266244101,1,0,-26.70000076293945,0.4699999988079071,100,1
14873216,14871224,4808,1990.684266244101,1,0,-27.59000015258789,0.4699999988079071,100,1
14875236,14873214,4809,1990.684266244101,1,0,-28.95000076293945,0.4699999988079071,100,1
14877235,14875205,4810,1990.684266244101,1,0,-29.84000015258789,0.4600000083446503,100,1
14879243,14877196,4811,1990.684266244101,1,0,-30.73999977111816,0.4600000083446503,100,1
14881196,14879186,4812,1990.684266244101,1,0,-31.63999938964844,0.449999988079071,100,1
14883208,14881177,4813,1990.684266244101,1,0,-32.09000015258789,0.449999988079071,100,1
14885155,14883168,4814,1990.684266244101,1,0,-33,0.4399999976158142,100,1
14887146,14885158,4815,1990.684266244101,1,0,-33.43999862670898,0.449999988079071,100,1
14889158,14887149,4816,1990.684266244101,1,0,-33.88999938964844,0.4600000083446503,100,1
14891129,14889140,4817,1990.684266244101,1,0,-34.34000015258789,0.4600000083446503,100,1
14893112,14891130,4818,1990.684266244101,1,0,-34.79999923706055,0.4600000083446503,100,1
14895125,14893121,4819,1990.684266244101,1,0,-35.25,0.4600000083446503,100,1
14897100,14895112,4820,1990.684266244101,1,0,-35.68999862670898,0.4600000083446503,100,1
14899094,14897102,4821,1990.684266244101,1,0,-36.13999938964844,0.449999988079071,100,1
14901075,14899093,4822,1990.684266244101,1,0,-36.59000015258789,0.4600000083446503,100,1
14903083,14901084,4823,1990.684266244101,1,0,-37.04999923706055,0.4600000083446503,100,1
14905070,14903074,4824,1990.684266244101,1,0,-37.5,0.4699999988079071,100,1
14907074,14905065,4825,1990.684266244101,1,0,-37.5,0.449999988079071,100,1
14909050,14907056,4826,1990.684266244101,1,0,-37.93999862670898,0.4399999976158142,100,1
14911033,14909047,4827,1990.684266244101,1,0,-38.38999938964844,0.449999988079071,100,1
14913075,14911037,4828,1990.684266244101,1,0,-38.84000015258789,0.449999988079071,100,1
14915025,14913028,4829,1990.684266244101,1,0,-38.84000015258789,0.449999988079071,100,1
14917045,14915019,4830,1990.684266244101,1,0,-39.29999923706055,0.449999988079071,100,1
14918994,14917009,4831,1990.684266244101,1,0,-39.75,0.449999988079071,100,1
14921002,14919000,4832,1990.684266244101,1,0,-39.75,0.4600000083446503,100,1
14922972,14920991,4833,1990.684266244101,1,0,-40.18999862670898,0.4600000083446503,100,1
14924974,14922981,4834,1990.684266244101,1,0,-40.63999938964844,0.4699999988079071,100,1
14926968,14924972,4835,1990.684266244101,1,0,-40.63999938964844,0.4600000083446503,100,1
14928987,14926963,4836,1990.684266244101,1,0,-41.09999847412109,0.4699999988079071,100,1
14930948,14928953,4837,1990.684266244101,1,0,-41.54999923706055,0.4900000095367432,100,1
14932946,14930944,4838,1990.684266244101,1,0,-41.54999923706055,0.4399999976158142,100,1
14934961,14932935,4839,1990.684266244101,1,0,-41.9900016784668,0.4799999892711639,100,1
14936926,14934925,4840,1990.684266244101,1,0,-41.9900016784668,0.4699999988079071,100,1
14938927,14936916,4841,1990.684266244101,1,0,-42.43999862670898,0.449999988079071,100,1
14940930,14938907,4842,1990.684266244101,1,0,-42.43999862670898,0.4699999988079071,100,1
14942921,14940897,4843,1990.684266244101,1,0,-42.90000152587891,0.4799999892711639,100,1
14944924,14942888,4844,1990.684266244101,1,0,-42.90000152587891,0.4699999988079071,100,1
14946922,14944879,4845,1990.684266244101,1,0,-45.75,0.5,100,1
14948920,14946870,4846,1990.684266244101,1,0,-46.20000076293945,0.5,100,1
14950923,14948860,4847,1990.684266244101,1,0,-45.75,0.5,100,1
14952926,14950851,4848,1990.684266244101,1,0,-45.75,0.5099999904632568,100,1
14954931,14952842,4849,1990.684266244101,1,0,-45.29999923706055,0.5099999904632568,100,1
14956861,14954835,4850,1990.827412995281,1,0,-45.29999923706055,0.5099999904632568,100,1
14958782,14956826,4851,1990.827412995281,1,0,-44.84999847412109,0.5099999904632568,100,1
14960775,14958817,4852,1990.827412995281,1,0,-44.84999847412109,0.5099999904632568,100,1
14962835,14960808,4853,1990.827412995281,1,0,-44.40000152587891,0.5,100,1
14964808,14962798,4854,1990.827412995281,1,0,-44.40000152587891,0.5,100,1
14966823,14964789,4855,1990.827412995281,1,0,-43.95000076293945,0.4799999892711639,100,1
14968761,14966780,4856,1990.827412995281,1,0,-43.5,0.4699999988079071,100,1
14970737,14968771,4857,1990.827412995281,1,0,-43.5,0.4600000083446503,100,1
14972720,14970762,4858,1990.827412995281,1,0,-43.04999923706055,0.4699999988079071,100,1
14974716,14972753,4859,1990.827412995281,1,0,-43.04999923706055,0.4699999988079071,100,1
14976689,14974743,4860,1990.827412995281,1,0,-42.59999847412109,0.4799999892711639,100,1
14978738,14976734,4861,1990.827412995281,1,0,-42.15000152587891,0.4799999892711639,100,1
14980731,14978725,4862,1990.827412995281,1,0,-42.15000152587891,0.449999988079071,100,1
14982742,14980716,4863,1990.827412995281,1,0,-41.70000076293945,0.4699999988079071,100,1
14984696,14982707,4864,1990.827412995281,1,0,-41.25,0.4799999892711639,100,1
14986710,14984698,4865,1990.827412995281,1,0,-41.25,0.4699999988079071,100,1
14988694,14986688,4866,1990.827412995281,1,0,-40.79999923706055,0.4600000083446503,100,1
14990679,14988679,4867,1990.827412995281,1,0,-40.34000015258789,0.449999988079071,100,1
14992670,14990670,4868,1990.827412995281,1,0,-39.90000152587891,0.449999988079071,100,1
14994712,14992661,4869,1990.827412995281,1,0,-39.45000076293945,0.4399999976158142,100,1
14996678,14994652,4870,1990.827412995281,1,0,-39.45000076293945,0.449999988079071,100,1
14998646,14996643,4871,1990.827412995281,1,0,-39,0.449999988079071,100,1
15000635,14998633,4872,1990.827412995281,1,0,-38.54999923706055,0.449999988079071,100,1
15002630,15000624,4873,1990.827412995281,1,0,-38.09000015258789,0.449999988079071,100,1
15004649,15002615,4874,1990.827412995281,1,0,-37.65000152587891,0.4799999892711639,100,1
15006608,15004606,4875,1990.827412995281,1,0,-37.20000076293945,0.4600000083446503,100,1
15008621,15006597,4876,1990.827412995281,1,0,-36.75,0.4600000083446503,100,1
15010670,15008587,4877,1990.827412995281,1,0,-36.29999923706055,0.4600000083446503,100,1
15012638,15010578,4878,1990.827412995281,1,0,-35.84000015258789,0.4600000083446503,100,1
15014607,15012569,4879,1990.827412995281,1,0,-34.95000076293945,0.449999988079071,100,1
15016587,15014560,4880,1990.827412995281,1,0,-34.5,0.449999988079071,100,1
15018526,15016551,4881,1990.827412995281,1,0,-34.04999923706055,0.449999988079071,100,1
15020490,15018542,4882,1990.827412995281,1,0,-33.13999938964844,0.449999988079071,100,1
15022525,15020532,4883,1990.827412995281,1,0,-32.25,0.4600000083446503,100,1
15024524,15022523,4884,1990.827412995281,1,0,-31.35000038146973,0.4600000083446503,100,1
15026472,15024514,4885,1990.827412995281,1,0,-30,0.4600000083446503,100,1
15028528,15026505,4886,1990.827412995281,1,0,-29.10000038146973,0.4600000083446503,100,1
15030555,15028496,4887,1990.827412995281,1,0,-28.20000076293945,0.4699999988079071,100,1
15032536,15030487,4888,1990.827412995281,1,0,-27.29999923706055,0.4600000083446503,100,1
15034472,15032477,4889,1990.827412995281,1,0,-25.95000076293945,0.4600000083446503,100,1
15036446,15034468,4890,1990.827412995281,1,0,-25.04999923706055,0.4600000083446503,100,1
15038408,15036459,4891,1990.827412995281,1,0,-24.14999961853027,0.4600000083446503,100,1
15040435,15038450,4892,1990.827412995281,1,0,-23.25,0.4600000083446503,100,1
15042414,15040441,4893,1990.827412995281,1,0,-22.35000038146973,0.4600000083446503,100,1
15044411,15042432,4894,1990.827412995281,1,0,-21,0.4699999988079071,100,1
15046401,15044422,4895,1990.827412995281,1,0,-20.10000038146973,0.4699999988079071,100,1
15048427,15046413,4896,1990.827412995281,1,0,-19.20000076293945,0.4699999988079071,100,1
15050412,15048404,4897,1990.827412995281,1,0,-18.29999923706055,0.4699999988079071,100,1
15052372,15050395,4898,1990.827412995281,1,0,-16.95000076293945,0.5799999833106995,100,1
15054364,15052386,4899,1990.827412995281,1,0,-16.04000091552734,1.049999952316284,100,1
15056398,15054379,4900,1990.809930396225,1,0,-15.14999961853027,1.080000042915344,100,1
15058340,15056369,4901,1990.809930396225,1,0,-14.23999977111816,1.100000023841858,100,1
15060358,15058360,4902,1990.809930396225,1,0,-13.35000038146973,1.110000014305115,100,1
15062352,15060351,4903,1990.809930396225,1,0,-11.98999977111816,1.110000014305115,100,1
15064344,15062342,4904,1990.809930396225,1,0,-11.10000038146973,1.120000004768372,97,1
15066332,15064333,4905,1990.809930396225,1,0,-10.19999980926514,1.120000004768372,100,1
15068342,15066324,4906,1990.809930396225,1,0,-9.289999961853027,1.120000004768372,100,1
15070323,15068314,4907,1990.809930396225,1,0,-7.949999809265137,1.129999995231628,100,1
15072288,15070305,4908,1990.809930396225,1,0,-7.050000190734863,1.129999995231628,100,1
15074275,15072296,4909,1990.809930396225,1,0,-6.139999866485596,1.139999985694885,100,1
15076268,15074287,4910,1990.809930396225,1,0,-5.25,1.139999985694885,100,1
15078252,15076278,4911,1990.809930396225,1,0,-4.349999904632568,1.159999966621399,100,1
15080326,15078268,4912,1990.809930396225,1,0,-3,1.159999966621399,100,1
15082267,15080259,4913,1990.809930396225,1,0,-2.089999914169312,1.169999957084656,100,1
15084252,15082250,4914,1990.809930396225,1,0,-1.200000047683716,1.190000057220459,100,1
15086258,15084241,4915,1990.809930396225,1,0,-0.300000011920929,1.190000057220459,100,1
15088293,15086232,4916,1990.809930396225,1,0,0.5899999737739563,1.200000047683716,100,1
15090187,15088222,4917,1990.809930396225,1,0,1.940000057220459,1.200000047683716,100,1
15092203,15090213,4918,1990.809930396225,1,0,2.839999914169312,1.210000038146973,100,1
15094172,15092204,4919,1990.809930396225,1,0,3.740000009536743,1.230000019073486,100,1
15096153,15094195,4920,1990.809930396225,1,0,4.639999866485596,1.240000009536743,100,1
15098162,15096186,4921,1990.809930396225,1,0,5.550000190734863,1.25,100,1
15100163,15098176,4922,1990.809930396225,1,0,6.889999866485596,1.269999980926514,100,1
15102168,15100167,4923,1990.809930396225,1,0,7.800000190734863,1.279999971389771,100,1
15104155,15102158,4924,1990.809930396225,1,0,8.699999809265137,1.309999942779541,100,1
15106156,15104149,4925,1990.809930396225,1,0,9.590000152587891,1.720000028610229,100,1
15108134,15106140,4926,1990.809930396225,1,0,10.94999980926514,2.059999942779541,100,1
15110147,15108131,4927,1990.809930396225,1,0,11.85000038146973,2.089999914169312,100,1
15112151,15110121,4928,1990.809930396225,1,0,12.75,2.119999885559082,100,1
15114164,15112112,4929,1990.809930396225,1,0,13.64999961853027,1.830000042915344,100,1
15116131,15114103,4930,1990.809930396225,1,0,14.55000019073486,1.740000009536743,100,1
15118156,15116094,4931,1990.809930396225,1,0,15.89999961853027,1.700000047683716,100,1
15120081,15118085,4932,1990.809930396225,1,0,16.79000091552734,1.659999966621399,100,1
15122103,15120075,4933,1990.809930396225,1,0,17.69000053405762,1.629999995231628,100,1
15124079,15122066,4934,1990.809930396225,1,0,18.59000015258789,1.600000023841858,100,1
15126124,15124057,4935,1990.809930396225,1,0,19.94000053405762,1.590000033378601,100,1
15128050,15126048,4936,1990.809930396225,1,0,20.84000015258789,1.549999952316284,100,1
15130003,15128039,4937,1990.809930396225,1,0,21.73999977111816,654.3599853515625,0,0
15132019,15130029,4938,1990.809930396225,1,0,22.63999938964844,0.7699999809265137,100,1
15134002,15132020,4939,1990.809930396225,1,0,23.54999923706055,0.7699999809265137,100,1
15135993,15134011,4940,1990.809930396225,1,0,24.88999938964844,0.75,100,1
15137971,15136002,4941,1990.809930396225,1,0,25.79999923706055,0.75,100,1
15139961,15137993,4942,1990.809930396225,1,0,26.70000076293945,0.75,100,1
15141947,15139983,4943,1990.809930396225,1,0,27.59000015258789,0.7599999904632568,100,1
15143955,15141974,4944,1990.809930396225,1,0,28.95000076293945,0.7699999809265137,100,1
15145967,15143965,4945,1990.809930396225,1,0,29.84000015258789,0.7799999713897705,100,1
15147948,15145956,4946,1990.809930396225,1,0,30.73999977111816,0.9300000071525574,100,1
15149954,15147947,4947,1990.809930396225,1,0,31.63999938964844,1.090000033378601,100,1
15151978,15149938,4948,1990.809930396225,1,0,32.09000015258789,1.029999971389771,97,1
15153960,15151928,4949,1990.809930396225,1,0,33,1.100000023841858,100,1
15155960,15153923,4950,1990.89594431698,1,0,33.43999862670898,1.110000014305115,100,1
15157967,15155914,4951,1990.89594431698,1,0,33.88999938964844,1.120000004768372,100,1
15159990,15157905,4952,1990.89594431698,1,0,34.34000015258789,1.120000004768372,100,1
15162034,15159896,4953,1990.89594431698,1,0,34.79999923706055,1.120000004768372,100,1
15164016,15161887,4954,1990.89594431698,1,0,35.25,1.120000004768372,100,1
15165933,15163878,4955,1990.89594431698,1,0,35.68999862670898,1.120000004768372,100,1
15167879,15165869,4956,1990.89594431698,1,0,36.13999938964844,1.110000014305115,100,1
15169873,15167860,4957,1990.89594431698,1,0,36.59000015258789,1.120000004768372,100,1
15171809,15169850,4958,1990.89594431698,1,0,37.04999923706055,1.120000004768372,100,1
15173787,15171841,4959,1990.89594431698,1,0,37.5,1.120000004768372,100,1
15175785,15173832,4960,1990.89594431698,1,0,37.5,1.120000004768372,100,1
15177766,15175823,4961,1990.89594431698,1,0,37.93999862670898,1.110000014305115,100,1
15179809,15177814,4962,1990.89594431698,1,0,38.38999938964844,1.110000014305115,100,1
15181816,15179805,4963,1990.89594431698,1,0,38.84000015258789,1.110000014305115,100,1
15183811,15181796,4964,1990.89594431698,1,0,38.84000015258789,1.100000023841858,100,1
15185799,15183787,4965,1990.89594431698,1,0,39.29999923706055,1.100000023841858,100,1
15187805,15185778,4966,1990.89594431698,1,0,39.75,1.100000023841858,100,1
15189818,15187768,4967,1990.89594431698,1,0,39.75,1.090000033378601,100,1
15191748,15189759,4968,1990.89594431698,1,0,40.18999862670898,1.090000033378601,100,1
15193700,15191750,4969,1990.89594431698,1,0,40.63999938964844,1.090000033378601,100,1
15195756,15193741,4970,1990.89594431698,1,0,40.63999938964844,1.090000033378601,100,1
15197794,15195732,4971,1990.89594431698,1,0,41.09999847412109,1.090000033378601,100,1
15199731,15197723,4972,1990.89594431698,1,0,41.09999847412109,1.080000042915344,100,1
15201686,15199714,4973,1990.89594431698,1,0,41.54999923706055,1.080000042915344,100,1
15203668,15201705,4974,1990.89594431698,1,0,41.9900016784668,1.070000052452087,100,1
15205658,15203696,4975,1990.89594431698,1,0,41.9900016784668,1.080000042915344,100,1
15207643,15205687,4976,1990.89594431698,1,0,42.43999862670898,1.070000052452087,100,1
15209659,15207677,4977,1990.89594431698,1,0,42.43999862670898,1.080000042915344,100,1
15211677,15209668,4978,1990.89594431698,1,0,42.90000152587891,1.070000052452087,100,1
15213666,15211659,4979,1990.89594431698,1,0,42.90000152587891,1.070000052452087,100,1
15215655,15213650,4980,1990.89594431698,1,0,43.34999847412109,1.070000052452087,100,1
15217620,15215641,4981,1990.89594431698,1,0,45.75,1.059999942779541,100,1
15219635,15217632,4982,1990.89594431698,1,0,45.75,1.059999942779541,100,1
15221593,15219623,4983,1990.89594431698,1,0,45.29999923706055,1.070000052452087,100,1
15223610,15221614,4984,1990.89594431698,1,0,45.29999923706055,1.059999942779541,100,1
15225622,15223605,4985,1990.89594431698,1,0,44.84999847412109,1.059999942779541,100,1
15227590,15225596,4986,1990.89594431698,1,0,44.84999847412109,1.059999942779541,100,1
15229588,15227586,4987,1990.89594431698,1,0,44.40000152587891,1.059999942779541,100,1
15231543,15229577,4988,1990.89594431698,1,0,43.95000076293945,1.070000052452087,100,1
15233546,15231568,4989,1990.89594431698,1,0,43.95000076293945,1.070000052452087,100,1
15235566,15233559,4990,1990.89594431698,1,0,43.5,1.080000042915344,100,1
15237589,15235550,4991,1990.89594431698,1,0,43.5,1.080000042915344,100,1
15239537,15237541,4992,1990.89594431698,1,0,43.04999923706055,1.090000033378601,100,1
15241534,15239532,4993,1990.89594431698,1,0,42.59999847412109,1.080000042915344,100,1
15243529,15241523,4994,1990.89594431698,1,0,42.59999847412109,1.090000033378601,100,1
15245551,15243514,4995,1990.89594431698,1,0,42.15000152587891,1.090000033378601,100,1
15247546,15245504,4996,1990.89594431698,1,0,41.70000076293945,1.090000033378601,100,1
15249527,15247495,4997,1990.89594431698,1,0,41.70000076293945,1.090000033378601,100,1
15251460,15249486,4998,1990.89594431698,1,0,41.25,1.100000023841858,100,1
15253456,15251477,4999,1990.89594431698,1,0,40.79999923706055,1.100000023841858,100,1
15255445,15253466,5000,1990.656755453584,1,0,40.34000015258789,1.100000023841858,100,1
15257477,15255456,5001,1990.656755453584,1,0,40.34000015258789,1.100000023841858,97,1
15259410,15257447,5002,1990.656755453584,1,0,39.90000152587891,1.120000004768372,100,1
15261495,15259438,5003,1990.656755453584,1,0,39.45000076293945,1.110000014305115,100,1
15263422,15261428,5004,1990.656755453584,1,0,39,1.120000004768372,100,1
15265416,15263419,5005,1990.656755453584,1,0,38.54999923706055,1.120000004768372,100,1
15267431,15265410,5006,1990.656755453584,1,0,38.09000015258789,1.110000014305115,100,1
15269454,15267400,5007,1990.656755453584,1,0,38.09000015258789,1.120000004768372,100,1
15271322,15269391,5008,1990.656755453584,1,0,37.65000152587891,1.120000004768372,100,1
15273349,15271382,5009,1990.656755453584,1,0,37.20000076293945,1.110000014305115,100,1
15275321,15273372,5010,1990.656755453584,1,0,36.29999923706055,1.120000004768372,100,1
15277334,15275363,5011,1990.656755453584,1,0,35.84000015258789,1.120000004768372,100,1
15279307,15277354,5012,1990.656755453584,1,0,35.40000152587891,1.120000004768372,100,1
15281268,15279344,5013,1990.656755453584,1,0,34.95000076293945,1.129999995231628,100,1
15283272,15281335,5014,1990.656755453584,1,0,34.5,1.049999952316284,100,1
15285249,15283326,5015,1990.656755453584,1,0,33.59000015258789,1.039999961853027,100,1
15287252,15285316,5016,1990.656755453584,1,0,32.70000076293945,1.080000042915344,100,1
15289234,15287307,5017,1990.656755453584,1,0,31.79999923706055,1.059999942779541,100,1
15291314,15289298,5018,1990.656755453584,1,0,30.89999961853027,0.8399999737739563,100,1
15293340,15291288,5019,1990.656755453584,1,0,29.54999923706055,0.7799999713897705,100,1
15295273,15293279,5020,1990.656755453584,1,0,28.64999961853027,0.7599999904632568,100,1
15297278,15295270,5021,1990.656755453584,1,0,27.75,0.7599999904632568,100,1
15299262,15297260,5022,1990.656755453584,1,0,26.85000038146973,0.75,100,1
15301257,15299251,5023,1990.656755453584,1,0,25.5,0.7599999904632568,100,1
15303184,15301242,5024,1990.656755453584,1,0,24.60000038146973,0.7699999809265137,100,1
15305218,15303232,5025,1990.656755453584,1,0,23.70000076293945,0.8500000238418579,100,1
15307199,15305223,5026,1990.656755453584,1,0,22.79999923706055,1.299999952316284,100,1
15309202,15307213,5027,1990.656755453584,1,0,21.45000076293945,1.570000052452087,100,1
15311168,15309204,5028,1990.656755453584,1,0,20.54999923706055,1.590000033378601,100,1
15313179,15311195,5029,1990.656755453584,1,0,19.64999961853027,1.600000023841858,100,1
15315157,15313185,5030,1990.656755453584,1,0,18.75,1.620000004768372,100,1
15317152,15315176,5031,1990.656755453584,1,0,17.85000038146973,1.639999985694885,100,1
15319131,15317167,5032,1990.656755453584,1,0,16.5,1.679999947547913,100,1
15321123,15319157,5033,1990.656755453584,1,0,15.60000038146973,1.730000019073486,100,1
15323134,15321148,5034,1990.656755453584,1,0,14.69999980926514,1.830000042915344,100,1
15325100,15323139,5035,1990.656755453584,1,0,13.78999996185303,2.109999895095825,100,1
15327084,15325129,5036,1990.656755453584,1,0,12.89999961853027,2.079999923706055,100,1
15329112,15327120,5037,1990.656755453584,1,0,11.53999996185303,2.039999961853027,100,1
15331134,15329111,5038,1990.656755453584,1,0,10.64999961853027,1.559999942779541,100,1
15333102,15331101,5039,1990.656755453584,1,0,9.75,1.299999952316284,100,1
15335095,15333092,5040,1990.656755453584,1,0,8.840000152587891,1.289999961853027,100,1
15337078,15335083,5041,1990.656755453584,1,0,7.5,1.269999980926514,100,1
15339143,15337073,5042,1990.656755453584,1,0,6.590000152587891,1.25,100,1
15341663,15339064,5043,1990.656755453584,1,0,5.699999809265137,1.25,100,1
15343077,15341055,5044,1990.656755453584,1,0,4.800000190734863,1.230000019073486,100,1
15345005,15343045,5045,1990.656755453584,1,0,3.900000095367432,1.220000028610229,100,1
15347010,15345036,5046,1990.656755453584,1,0,2.549999952316284,1.210000038146973,100,1
15349023,15347027,5047,1990.656755453584,1,0,1.649999976158142,1.200000047683716,100,1
15351024,15349017,5048,1990.656755453584,1,0,0.75,1.190000057220459,100,1
15353012,15351008,5049,1990.656755453584,1,0,-0.1400000005960464,1.179999947547913,100,1
15354956,15352994,5050,1990.569404362868,1,0,-1.039999961853027,1.179999947547913,100,1
15356966,15354985,5051,1990.569404362868,1,0,-2.390000104904175,1.159999966621399,100,1
15358964,15356975,5052,1990.569404362868,1,0,-3.299999952316284,1.159999966621399,100,1
15360959,15358966,5053,1990.569404362868,1,0,-4.190000057220459,1.149999976158142,100,1
15362987,15360957,5054,1990.569404362868,1,0,-5.090000152587891,1.139999985694885,100,1
15364899,15362947,5055,1990.569404362868,1,0,-6,1.139999985694885,100,1
15366986,15364938,5056,1990.569404362868,1,0,-7.349999904632568,1.139999985694885,100,1
15368874,15366928,5057,1990.569404362868,1,0,-8.25,1.120000004768372,100,1
15370882,15368919,5058,1990.569404362868,1,0,-9.140000343322754,1.120000004768372,100,1
15372897,15370909,5059,1990.569404362868,1,0,-10.05000019073486,1.110000014305115,100,1
15374896,15372900,5060,1990.569404362868,1,0,-11.39999961853027,1.100000023841858,100,1
15376868,15374891,5061,1990.569404362868,1,0,-12.30000019073486,1.100000023841858,100,1
15378840,15376881,5062,1990.569404362868,1,0,-13.19999980926514,1.100000023841858,100,1
15380863,15378872,5063,1990.569404362868,1,0,-14.10000038146973,1.080000042915344,100,1
15382808,15380862,5064,1990.569404362868,1,0,-14.98999977111816,1.070000052452087,100,1
15384819,15382853,5065,1990.569404362868,1,0,-16.34000015258789,0.8299999833106995,100,1
15386824,15384843,5066,1990.569404362868,1,0,-17.23999977111816,0.4900000095367432,100,1
15388801,15386834,5067,1990.569404362868,1,0,-18.14999961853027,0.4699999988079071,100,1
15390804,15388825,5068,1990.569404362868,1,0,-19.04000091552734,0.4699999988079071,100,1
15392767,15390815,5069,1990.569404362868,1,0,-20.38999938964844,0.4699999988079071,100,1
15394797,15392806,5070,1990.569404362868,1,0,-21.29999923706055,0.4600000083446503,100,1
15396739,15394796,5071,1990.569404362868,1,0,-22.20000076293945,0.4600000083446503,100,1
15398741,15396787,5072,1990.569404362868,1,0,-23.09000015258789,0.449999988079071,100,1
15400762,15398777,5073,1990.569404362868,1,0,-23.98999977111816,0.4600000083446503,100,1
15402724,15400768,5074,1990.569404362868,1,0,-25.34000015258789,0.449999988079071,100,1
15404735,15402759,5075,1990.569404362868,1,0,-26.23999977111816,0.4600000083446503,100,1
15406734,15404749,5076,1990.569404362868,1,0,-27.13999938964844,0.4699999988079071,100,1
15408696,15406740,5077,1990.569404362868,1,0,-28.04999923706055,0.4799999892711639,100,1
15410708,15408730,5078,1990.569404362868,1,0,-29.38999938964844,0.4699999988079071,100,1
15412679,15410721,5079,1990.569404362868,1,0,-30.29999923706055,0.4600000083446503,100,1
15414697,15412711,5080,1990.569404362868,1,0,-31.19000053405762,0.4600000083446503,100,1
15416658,15414702,5081,1990.569404362868,1,0,-31.63999938964844,0.449999988079071,100,1
15418658,15416693,5082,1990.569404362868,1,0,-32.54999923706055,0.449999988079071,100,1
15420666,15418683,5083,1990.569404362868,1,0,-33,0.449999988079071,100,1
15422642,15420674,5084,1990.569404362868,1,0,-33.43999862670898,0.4600000083446503,100,1
15424645,15422664,5085,1990.569404362868,1,0,-33.88999938964844,0.4600000083446503,100,1
15426641,15424655,5086,1990.569404362868,1,0,-34.34000015258789,0.4600000083446503,100,1
15428632,15426645,5087,1990.569404362868,1,0,-34.79999923706055,0.4600000083446503,100,1
15430632,15428636,5088,1990.569404362868,1,0,-35.25,0.4600000083446503,100,1
15432644,15430627,5089,1990.569404362868,1,0,-35.68999862670898,0.4600000083446503,100,1
15434596,15432617,5090,1990.569404362868,1,0,-36.13999938964844,0.4600000083446503,100,1
15436609,15434608,5091,1990.569404362868,1,0,-36.59000015258789,0.4600000083446503,100,1
15438589,15436598,5092,1990.569404362868,1,0,-37.04999923706055,0.4799999892711639,100,1
15440557,15438589,5093,1990.569404362868,1,0,-37.5,0.449999988079071,100,1
15442568,15440579,5094,1990.569404362868,1,0,-37.93999862670898,0.4399999976158142,100,1
15444539,15442570,5095,1990.569404362868,1,0,-37.93999862670898,0.4399999976158142,100,1
15446554,15444561,5096,1990.569404362868,1,0,-38.38999938964844,0.4399999976158142,100,1
15448490,15446551,5097,1990.569404362868,1,0,-38.84000015258789,0.4600000083446503,100,1
15450489,15448542,5098,1990.569404362868,1,0,-39.29999923706055,0.4600000083446503,100,1
15452498,15450532,5099,1990.569404362868,1,0,-39.29999923706055,0.4600000083446503,100,1
15454468,15452517,5100,1990.503523490294,1,0,-39.75,0.449999988079071,100,1
15456470,15454508,5101,1990.503523490294,1,0,-40.18999862670898,0.4699999988079071,100,1
15458491,15456498,5102,1990.503523490294,1,0,-40.18999862670898,0.4699999988079071,100,1
15460454,15458489,5103,1990.503523490294,1,0,-40.63999938964844,0.4699999988079071,100,1
15462451,15460479,5104,1990.503523490294,1,0,-41.09999847412109,0.4699999988079071,100,1
15464417,15462470,5105,1990.503523490294,1,0,-41.09999847412109,0.4799999892711639,100,1
15466466,15464460,5106,1990.503523490294,1,0,-41.54999923706055,0.4799999892711639,100,1
15468422,15466451,5107,1990.503523490294,1,0,-41.54999923706055,0.4699999988079071,100,1
15470388,15468441,5108,1990.503523490294,1,0,-41.9900016784668,0.4799999892711639,100,1
15472399,15470432,5109,1990.503523490294,1,0,-41.9900016784668,0.4699999988079071,100,1
15474405,15472422,5110,1990.503523490294,1,0,-42.43999862670898,0.4600000083446503,100,1
15476379,15474413,5111,1990.503523490294,1,0,-42.90000152587891,0.4699999988079071,100,1
15478386,15476403,5112,1990.503523490294,1,0,-42.90000152587891,0.4699999988079071,100,1
15480384,15478394,5113,1990.503523490294,1,0,-43.34999847412109,0.4799999892711639,100,1
15482345,15480384,5114,1990.503523490294,1,0,-45.75,0.4900000095367432,100,1
15484328,15482375,5115,1990.503523490294,1,0,-46.20000076293945,0.5,100,1
15486348,15484365,5116,1990.503523490294,1,0,-45.75,0.5,100,1
15488338,15486356,5117,1990.503523490294,1,0,-45.75,0.5,100,1
15490322,15488346,5118,1990.503523490294,1,0,-45.29999923706055,0.5099999904632568,100,1
15492317,15490337,5119,1990.503523490294,1,0,-45.29999923706055,0.5099999904632568,100,1
15494369,15492327,5120,1990.503523490294,1,0,-44.84999847412109,0.5099999904632568,100,1
15496314,15494318,5121,1990.503523490294,1,0,-44.84999847412109,0.5099999904632568,100,1
15498298,15496308,5122,1990.503523490294,1,0,-44.40000152587891,0.5,100,1
15500333,15498299,5123,1990.503523490294,1,0,-43.95000076293945,0.5099999904632568,100,1
15502273,15500289,5124,1990.503523490294,1,0,-43.95000076293945,0.4799999892711639,100,1
15504295,15502280,5125,1990.503523490294,1,0,-43.5,0.4699999988079071,100,1
15506248,15504270,5126,1990.503523490294,1,0,-43.5,0.4699999988079071,100,1
15508227,15506261,5127,1990.503523490294,1,0,-43.04999923706055,0.4799999892711639,100,1
15510221,15508251,5128,1990.503523490294,1,0,-42.59999847412109,0.4799999892711639,100,1
15512233,15510242,5129,1990.503523490294,1,0,-42.59999847412109,0.4799999892711639,100,1
15514212,15512232,5130,1990.503523490294,1,0,-42.15000152587891,0.4699999988079071,100,1
15516173,15514223,5131,1990.503523490294,1,0,-41.70000076293945,0.4699999988079071,100,1
15518205,15516213,5132,1990.503523490294,1,0,-41.70000076293945,0.4699999988079071,100,1
15520195,15518204,5133,1990.503523490294,1,0,-41.25,0.4699999988079071,100,1
15522194,15520194,5134,1990.503523490294,1,0,-40.79999923706055,0.4699999988079071,100,1
15524158,15522185,5135,1990.503523490294,1,0,-40.79999923706055,0.449999988079071,100,1
15526049,15524175,5136,1990.503523490294,1,0,-40.34000015258789,654.3599853515625,0,0
15528103,15526166,5137,1990.503523490294,1,0,-39.90000152587891,0.449999988079071,100,1
15530095,15528156,5138,1990.503523490294,1,0,-39.45000076293945,0.449999988079071,100,1
15532097,15530147,5139,1990.503523490294,1,0,-39,0.449999988079071,100,1
15534083,15532137,5140,1990.503523490294,1,0,-38.54999923706055,0.449999988079071,100,1
15536085,15534128,5141,1990.503523490294,1,0,-38.54999923706055,0.4399999976158142,100,1
15538114,15536118,5142,1990.503523490294,1,0,-38.09000015258789,0.4699999988079071,100,1
15540133,15538109,5143,1990.503523490294,1,0,-37.65000152587891,0.4699999988079071,100,1
15542075,15540099,5144,1990.503523490294,1,0,-37.20000076293945,0.4600000083446503,100,1
15544062,15542090,5145,1990.503523490294,1,0,-36.75,0.4600000083446503,100,1
15546054,15544080,5146,1990.503523490294,1,0,-35.84000015258789,0.4600000083446503,100,1
15548045,15546071,5147,1990.503523490294,1,0,-35.40000152587891,0.449999988079071,100,1
15550030,15548061,5148,1990.503523490294,1,0,-34.95000076293945,0.449999988079071,100,1
15552064,15550052,5149,1990.503523490294,1,0,-34.5,0.4399999976158142,100,1
15554019,15552040,5150,1990.606818792235,1,0,-33.59000015258789,0.449999988079071,100,1
15556024,15554031,5151,1990.606818792235,1,0,-32.70000076293945,0.449999988079071,100,1
15558020,15556021,5152,1990.606818792235,1,0,-31.79999923706055,0.449999988079071,100,1
15560019,15558012,5153,1990.606818792235,1,0,-30.89999961853027,0.4600000083446503,100,1
15562035,15560003,5154,1990.606818792235,1,0,-29.54999923706055,0.4600000083446503,100,1
15564026,15561993,5155,1990.606818792235,1,0,-28.64999961853027,0.4699999988079071,100,1
15566019,15563984,5156,1990.606818792235,1,0,-27.75,0.4699999988079071,100,1
15568019,15565974,5157,1990.606818792235,1,0,-26.85000038146973,0.4600000083446503,100,1
15570022,15567965,5158,1990.606818792235,1,0,-25.95000076293945,0.449999988079071,100,1
15571935,15569956,5159,1990.606818792235,1,0,-24.60000038146973,0.449999988079071,100,1
15573935,15571946,5160,1990.606818792235,1,0,-23.70000076293945,0.4600000083446503,100,1
15576026,15573937,5161,1990.606818792235,1,0,-22.79999923706055,0.4600000083446503,100,1
15577898,15575927,5162,1990.606818792235,1,0,-21.89999961853027,0.4699999988079071,100,1
15579899,15577918,5163,1990.606818792235,1,0,-20.54999923706055,0.4699999988079071,100,1
15581875,15579909,5164,1990.606818792235,1,0,-19.64999961853027,0.4699999988079071,100,1
15583875,15581899,5165,1990.606818792235,1,0,-18.75,0.4699999988079071,100,1
15585854,15583890,5166,1990.606818792235,1,0,-17.85000038146973,0.4799999892711639,100,1
15587881,15585880,5167,1990.606818792235,1,0,-16.95000076293945,0.75,100,1
15589866,15587871,5168,1990.606818792235,1,0,-15.60000038146973,1.070000052452087,100,1
15591845,15589862,5169,1990.606818792235,1,0,-14.69999980926514,1.090000033378601,100,1
15593835,15591852,5170,1990.606818792235,1,0,-13.78999996185303,1.100000023841858,100,1
15595856,15593843,5171,1990.606818792235,1,0,-12.89999961853027,1.110000014305115,100,1
15597884,15595833,5172,1990.606818792235,1,0,-11.53999996185303,1.110000014305115,100,1
15599861,15597824,5173,1990.606818792235,1,0,-10.64999961853027,1.120000004768372,100,1
15601786,15599815,5174,1990.606818792235,1,0,-9.75,1.120000004768372,100,1
15603784,15601805,5175,1990.606818792235,1,0,-8.840000152587891,1.120000004768372,100,1
15605722,15603796,5176,1990.606818792235,1,0,-7.949999809265137,1.129999995231628,100,1
15607720,15605787,5177,1990.606818792235,1,0,-6.590000152587891,1.129999995231628,100,1
15609723,15607777,5178,1990.606818792235,1,0,-5.699999809265137,1.139999985694885,100,1
15611691,15609768,5179,1990.606818792235,1,0,-4.800000190734863,1.149999976158142,100,1
15613704,15611758,5180,1990.606818792235,1,0,-3.900000095367432,1.159999966621399,100,1
15615691,15613749,5181,1990.606818792235,1,0,-2.549999952316284,1.169999957084656,100,1
15617783,15615740,5182,1990.606818792235,1,0,-1.649999976158142,1.169999957084656,100,1
15619766,15617730,5183,1990.606818792235,1,0,-0.75,1.179999947547913,100,1
15621731,15619721,5184,1990.606818792235,1,0,0.1400000005960464,1.200000047683716,100,1
15623735,15621711,5185,1990.606818792235,1,0,1.039999961853027,1.210000038146973,100,1
15625725,15623702,5186,1990.606818792235,1,0,1.940000057220459,1.220000028610229,100,1
15627684,15625693,5187,1990.606818792235,1,0,3.299999952316284,1.220000028610229,100,1
15629668,15627683,5188,1990.606818792235,1,0,4.190000057220459,1.230000019073486,100,1
15631672,15629674,5189,1990.606818792235,1,0,5.090000152587891,1.200000047683716,100,1
15633673,15631664,5190,1990.606818792235,1,0,6,1.259999990463257,100,1
15635679,15633655,5191,1990.606818792235,1,0,7.349999904632568,1.269999980926514,100,1
15637671,15635646,5192,1990.606818792235,1,0,8.25,1.289999961853027,100,1
15639644,15637636,5193,1990.606818792235,1,0,9.140000343322754,1.320000052452087,100,1
15641621,15639627,5194,1990.606818792235,1,0,10.05000019073486,1.970000028610229,100,1
15643618,15641617,5195,1990.606818792235,1,0,10.94999980926514,2.069999933242798,100,1
15645600,15643608,5196,1990.606818792235,1,0,12.30000019073486,2.099999904632568,100,1
15647614,15645599,5197,1990.606818792235,1,0,13.19999980926514,2.029999971389771,100,1
15649582,15647589,5198,1990.606818792235,1,0,14.10000038146973,1.769999980926514,100,1
15651566,15649580,5199,1990.606818792235,1,0,14.98999977111816,1.730000019073486,100,1
15653551,15651569,5200,1990.613455033788,1,0,16.34000015258789,1.679999947547913,100,1
15655533,15653559,5201,1990.613455033788,1,0,17.23999977111816,1.649999976158142,100,1
15657597,15655550,5202,1990.613455033788,1,0,18.14999961853027,1.620000004768372,100,1
15659580,15657540,5203,1990.613455033788,1,0,19.04000091552734,1.600000023841858,100,1
15661583,15659531,5204,1990.613455033788,1,0,19.94000053405762,1.580000042915344,100,1
15663568,15661522,5205,1990.613455033788,1,0,21.29999923706055,1.450000047683716,100,1
15665548,15663512,5206,1990.613455033788,1,0,22.20000076293945,0.9599999785423279,100,1
15667486,15665503,5207,1990.613455033788,1,0,23.09000015258789,0.7699999809265137,100,1
15669452,15667493,5208,1990.613455033788,1,0,23.98999977111816,0.7599999904632568,100,1
15671465,15669484,5209,1990.613455033788,1,0,24.88999938964844,0.7599999904632568,100,1
15673444,15671475,5210,1990.613455033788,1,0,26.23999977111816,0.75,100,1
15675434,15673465,5211,1990.613455033788,1,0,27.13999938964844,0.75,100,1
15677421,15675456,5212,1990.613455033788,1,0,28.04999923706055,0.7599999904632568,100,1
15679414,15677447,5213,1990.613455033788,1,0,28.95000076293945,0.7699999809265137,100,1
15681396,15679437,5214,1990.613455033788,1,0,30.29999923706055,0.800000011920929,100,1
15683414,15681428,5215,1990.613455033788,1,0,31.19000053405762,1.029999971389771,100,1
15685402,15683418,5216,1990.613455033788,1,0,31.63999938964844,1.070000052452087,100,1
15687387,15685409,5217,1990.613455033788,1,0,32.54999923706055,1.029999971389771,100,1
15689388,15687400,5218,1990.613455033788,1,0,33,1.129999995231628,100,1
15691367,15689390,5219,1990.613455033788,1,0,33.43999862670898,1.110000014305115,100,1
15693350,15691381,5220,1990.613455033788,1,0,33.88999938964844,1.120000004768372,100,1
15695339,15693371,5221,1990.613455033788,1,0,34.34000015258789,1.110000014305115,100,1
15697323,15695362,5222,1990.613455033788,1,0,34.79999923706055,1.120000004768372,100,1
15699374,15697353,5223,1990.613455033788,1,0,35.25,1.120000004768372,100,1
15701297,15699343,5224,1990.613455033788,1,0,35.68999862670898,1.120000004768372,100,1
15703319,15701334,5225,1990.613455033788,1,0,36.13999938964844,1.110000014305115,100,1
15705308,15703324,5226,1990.613455033788,1,0,36.59000015258789,1.120000004768372,100,1
15707295,15705315,5227,1990.613455033788,1,0,37.04999923706055,1.110000014305115,100,1
15709273,15707306,5228,1990.613455033788,1,0,37.5,1.120000004768372,100,1
15711276,15709296,5229,1990.613455033788,1,0,37.93999862670898,1.110000014305115,100,1
15713261,15711287,5230,1990.613455033788,1,0,37.93999862670898,1.100000023841858,100,1
15715236,15713278,5231,1990.613455033788,1,0,38.38999938964844,1.110000014305115,100,1
15717221,15715268,5232,1990.613455033788,1,0,38.84000015258789,1.100000023841858,100,1
15719243,15717259,5233,1990.613455033788,1,0,39.29999923706055,1.100000023841858,100,1
15721240,15719249,5234,1990.613455033788,1,0,39.29999923706055,1.100000023841858,100,1
15723277,15721240,5235,1990.613455033788,1,0,39.75,1.100000023841858,100,1
15725253,15723231,5236,1990.613455033788,1,0,40.18999862670898,1.100000023841858,100,1
15727223,15725221,5237,1990.613455033788,1,0,40.18999862670898,1.090000033378601,100,1
15729166,15727212,5238,1990.613455033788,1,0,40.63999938964844,1.090000033378601,100,1
15731173,15729202,5239,1990.613455033788,1,0,40.63999938964844,1.090000033378601,100,1
15733130,15731193,5240,1990.613455033788,1,0,41.09999847412109,1.090000033378601,100,1
15735121,15733184,5241,1990.613455033788,1,0,41.54999923706055,1.080000042915344,100,1
15737113,15735174,5242,1990.613455033788,1,0,41.54999923706055,1.080000042915344,100,1
15739137,15737165,5243,1990.613455033788,1,0,41.9900016784668,1.070000052452087,100,1
15741134,15739156,5244,1990.613455033788,1,0,41.9900016784668,1.080000042915344,100,1
15743134,15741146,5245,1990.613455033788,1,0,42.43999862670898,1.070000052452087,100,1
15745109,15743137,5246,1990.613455033788,1,0,42.90000152587891,1.070000052452087,100,1
15747096,15745127,5247,1990.613455033788,1,0,42.90000152587891,1.070000052452087,100,1
15749126,15747118,5248,1990.613455033788,1,0,43.34999847412109,1.070000052452087,100,1
15751115,15749109,5249,1990.613455033788,1,0,45.75,1.070000052452087,100,1
15753081,15751097,5250,1990.610764027031,1,0,45.75,1.059999942779541,100,1
15755106,15753088,5251,1990.610764027031,1,0,45.75,1.059999942779541,100,1
15757085,15755079,5252,1990.610764027031,1,0,45.29999923706055,1.059999942779541,100,1
15759053,15757069,5253,1990.610764027031,1,0,44.84999847412109,1.049999952316284,100,1
15761045,15759060,5254,1990.610764027031,1,0,44.84999847412109,1.059999942779541,100,1
15763045,15761050,5255,1990.610764027031,1,0,44.40000152587891,1.070000052452087,100,1
15765063,15763041,5256,1990.610764027031,1,0,44.40000152587891,1.070000052452087,100,1
15767048,15765032,5257,1990.610764027031,1,0,43.95000076293945,1.070000052452087,100,1
15769047,15767022,5258,1990.610764027031,1,0,43.95000076293945,1.070000052452087,100,1
15771041,15769013,5259,1990.610764027031,1,0,43.5,1.080000042915344,100,1
15772961,15771003,5260,1990.610764027031,1,0,43.04999923706055,1.070000052452087,100,1
15775070,15772994,5261,1990.610764027031,1,0,43.04999923706055,1.080000042915344,100,1
15776963,15774985,5262,1990.610764027031,1,0,42.59999847412109,1.080000042915344,100,1
15778941,15776975,5263,1990.610764027031,1,0,42.15000152587891,1.090000033378601,100,1
15780946,15778966,5264,1990.610764027031,1,0,42.15000152587891,1.090000033378601,100,1
15782944,15780957,5265,1990.610764027031,1,0,41.70000076293945,1.070000052452087,100,1
15784951,15782947,5266,1990.610764027031,1,0,41.25,1.090000033378601,100,1
15786932,15784938,5267,1990.610764027031,1,0,41.25,1.100000023841858,100,1
15788900,15786928,5268,1990.610764027031,1,0,40.79999923706055,1.090000033378601,100,1
15790922,15788919,5269,1990.610764027031,1,0,40.34000015258789,1.100000023841858,100,1
15792899,15790910,5270,1990.610764027031,1,0,39.90000152587891,1.100000023841858,100,1
15794913,15792900,5271,1990.610764027031,1,0,39.90000152587891,1.120000004768372,100,1
15796862,15794891,5272,1990.610764027031,1,0,39.45000076293945,1.120000004768372,100,1
15798851,15796881,5273,1990.610764027031,1,0,39,1.120000004768372,100,1
15800843,15798872,5274,1990.610764027031,1,0,38.54999923706055,1.120000004768372,100,1
15802847,15800863,5275,1990.610764027031,1,0,38.09000015258789,1.110000014305115,97,1
15804831,15802853,5276,1990.610764027031,1,0,37.65000152587891,1.110000014305115,100,1
15806834,15804844,5277,1990.610764027031,1,0,37.20000076293945,1.120000004768372,100,1
15808824,15806834,5278,1990.610764027031,1,0,36.75,1.120000004768372,100,1
15810842,15808825,5279,1990.610764027031,1,0,36.29999923706055,1.110000014305115,100,1
15812837,15810816,5280,1990.610764027031,1,0,35.84000015258789,1.120000004768372,100,1
15814820,15812806,5281,1990.610764027031,1,0,35.40000152587891,1.120000004768372,100,1
15816811,15814797,5282,1990.610764027031,1,0,34.5,1.100000023841858,100,1
15818745,15816788,5283,1990.610764027031,1,0,34.04999923706055,1.029999971389771,100,1
15820727,15818778,5284,1990.610764027031,1,0,33.13999938964844,1.059999942779541,100,1
15822727,15820769,5285,1990.610764027031,1,0,32.25,1.080000042915344,100,1
15824699,15822759,5286,1990.610764027031,1,0,31.35000038146973,0.9800000190734863,100,1
15826724,15824750,5287,1990.610764027031,1,0,30.45000076293945,0.8100000023841858,100,1
15828724,15826741,5288,1990.610764027031,1,0,29.54999923706055,0.7799999713897705,100,1
15830699,15828731,5289,1990.610764027031,1,0,28.20000076293945,0.75,100,1
15832701,15830722,5290,1990.610764027031,1,0,27.29999923706055,0.75,100,1
15834701,15832712,5291,1990.610764027031,1,0,26.39999961853027,0.75,100,1
15836683,15834703,5292,1990.610764027031,1,0,25.5,0.7599999904632568,97,1
15838662,15836694,5293,1990.610764027031,1,0,24.14999961853027,0.7699999809265137,100,1
15840618,15838684,5294,1990.610764027031,1,0,23.25,654.3599853515625,0,0
15842668,15840675,5295,1990.610764027031,1,0,22.35000038146973,1.399999976158142,100,1
15844644,15842665,5296,1990.610764027031,1,0,21.45000076293945,1.580000042915344,100,1
15846650,15844656,5297,1990.610764027031,1,0,20.54999923706055,1.590000033378601,100,1
15848618,15846647,5298,1990.610764027031,1,0,19.20000076293945,1.610000014305115,100,1
15850620,15848637,5299,1990.610764027031,1,0,18.29999923706055,1.629999995231628,100,1
15852629,15850628,5300,1990.680611221625,1,0,17.39999961853027,1.649999976158142,100,1
15854604,15852619,5301,1990.680611221625,1,0,16.5,1.690000057220459,100,1
15856620,15854609,5302,1990.680611221625,1,0,15.14999961853027,1.75,100,1
15858579,15856600,5303,1990.680611221625,1,0,14.23999977111816,1.960000038146973,100,1
15860601,15858591,5304,1990.680611221625,1,0,13.35000038146973,2.109999895095825,100,1
15862591,15860581,5305,1990.680611221625,1,0,12.44999980926514,2.069999933242798,100,1
15864564,15862572,5306,1990.680611221625,1,0,11.53999996185303,2.009999990463257,100,1
15866557,15864563,5307,1990.680611221625,1,0,10.19999980926514,1.340000033378601,100,1
15868549,15866553,5308,1990.680611221625,1,0,9.289999961853027,1.289999961853027,100,1
15870485,15868544,5309,1990.680611221625,1,0,8.390000343322754,1.279999971389771,100,1
15872501,15870535,5310,1990.680611221625,1,0,7.5,1.269999980926514,100,1
15874466,15872526,5311,1990.680611221625,1,0,6.139999866485596,1.259999990463257,100,1
15876476,15874516,5312,1990.680611221625,1,0,5.25,1.240000009536743,100,1
15878461,15876507,5313,1990.680611221625,1,0,4.349999904632568,1.230000019073486,100,1
15880456,15878498,5314,1990.680611221625,1,0,3.450000047683716,1.220000028610229,100,1
15882429,15880488,5315,1990.680611221625,1,0,2.549999952316284,1.210000038146973,100,1
15884427,15882479,5316,1990.680611221625,1,0,1.200000047683716,1.200000047683716,100,1
15886436,15884470,5317,1990.680611221625,1,0,0.300000011920929,1.190000057220459,100,1
15888408,15886460,5318,1990.680611221625,1,0,-0.5899999737739563,1.169999957084656,97,1
15890421,15888451,5319,1990.680611221625,1,0,-1.490000009536743,1.159999966621399,100,1
15892380,15890442,5320,1990.680611221625,1,0,-2.390000104904175,1.159999966621399,100,1
15894405,15892432,5321,1990.680611221625,1,0,-3.740000009536743,1.159999966621399,100,1
15896440,15894423,5322,1990.680611221625,1,0,-4.639999866485596,1.139999985694885,100,1
15898381,15896414,5323,1990.680611221625,1,0,-5.550000190734863,1.139999985694885,100,1
15900386,15898404,5324,1990.680611221625,1,0,-6.449999809265137,1.129999995231628,100,1
15902383,15900395,5325,1990.680611221625,1,0,-7.349999904632568,1.120000004768372,100,1
15904329,15902386,5326,1990.680611221625,1,0,-8.699999809265137,1.120000004768372,100,1
15906296,15904376,5327,1990.680611221625,1,0,-9.590000152587891,1.120000004768372,100,1
15908297,15906367,5328,1990.680611221625,1,0,-10.5,1.110000014305115,100,1
15910293,15908358,5329,1990.680611221625,1,0,-11.39999961853027,1.110000014305115,100,1
15912320,15910348,5330,1990.680611221625,1,0,-12.75,1.100000023841858,100,1
15914309,15912339,5331,1990.680611221625,1,0,-13.64999961853027,1.090000033378601,100,1
15916571,15914330,5332,1990.680611221625,1,0,-14.55000019073486,1.080000042915344,100,1
15918297,15916320,5333,1990.680611221625,1,0,-15.44999980926514,1.049999952316284,100,1
15920314,15918311,5334,1990.680611221625,1,0,-16.34000015258789,0.6100000143051147,100,1
15922242,15920302,5335,1990.680611221625,1,0,-17.69000053405762,0.4799999892711639,100,1
15924244,15922293,5336,1990.680611221625,1,0,-18.59000015258789,0.4699999988079071,100,1
15926211,15924283,5337,1990.680611221625,1,0,-19.48999977111816,0.4699999988079071,100,1
15928219,15926274,5338,1990.680611221625,1,0,-20.38999938964844,0.4600000083446503,100,1
15930185,15928265,5339,1990.680611221625,1,0,-21.73999977111816,0.4699999988079071,100,1
15932226,15930255,5340,1990.680611221625,1,0,-22.63999938964844,0.4600000083446503,100,1
15934223,15932246,5341,1990.680611221625,1,0,-23.54999923706055,0.4600000083446503,100,1
15936183,15934237,5342,1990.680611221625,1,0,-24.45000076293945,0.449999988079071,100,1
15938207,15936227,5343,1990.680611221625,1,0,-25.34000015258789,0.4600000083446503,100,1
15940202,15938218,5344,1990.680611221625,1,0,-26.70000076293945,0.4699999988079071,100,1
15942158,15940209,5345,1990.680611221625,1,0,-27.59000015258789,0.4699999988079071,100,1
15944179,15942199,5346,1990.680611221625,1,0,-28.48999977111816,0.4699999988079071,100,1
15946139,15944190,5347,1990.680611221625,1,0,-29.38999938964844,0.4600000083446503,100,1
15948145,15946181,5348,1990.680611221625,1,0,-30.73999977111816,0.4600000083446503,100,1
15950112,15948171,5349,1990.680611221625,1,0,-31.19000053405762,0.4600000083446503,100,1
15952110,15950157,5350,1990.4684889773,1,0,-32.09000015258789,0.449999988079071,100,1
15954119,15952147,5351,1990.4684889773,1,0,-32.54999923706055,0.449999988079071,100,1
15956127,15954138,5352,1990.4684889773,1,0,-33.43999862670898,0.449999988079071,100,1
15958126,15956128,5353,1990.4684889773,1,0,-33.88999938964844,0.4600000083446503,100,1
15960081,15958119,5354,1990.4684889773,1,0,-34.34000015258789,0.4600000083446503,100,1
15962084,15960109,5355,1990.4684889773,1,0,-34.79999923706055,0.4600000083446503,100,1
15964146,15962100,5356,1990.4684889773,1,0,-35.25,0.4600000083446503,100,1
15966091,15964090,5357,1990.4684889773,1,0,-35.68999862670898,0.4699999988079071,100,1
15968069,15966081,5358,1990.4684889773,1,0,-36.13999938964844,0.4600000083446503,100,1
15970072,15968071,5359,1990.4684889773,1,0,-36.59000015258789,0.4600000083446503,100,1
15972053,15970062,5360,1990.4684889773,1,0,-36.59000015258789,0.449999988079071,100,1
15974062,15972052,5361,1990.4684889773,1,0,-37.04999923706055,0.4799999892711639,100,1
15975962,15974042,5362,1990.4684889773,1,0,-37.5,0.449999988079071,100,1
15977965,15976033,5363,1990.4684889773,1,0,-37.93999862670898,0.449999988079071,100,1
15979969,15978023,5364,1990.4684889773,1,0,-38.38999938964844,0.4399999976158142,100,1
15981980,15980014,5365,1990.4684889773,1,0,-38.38999938964844,0.4399999976158142,100,1
15983970,15982004,5366,1990.4684889773,1,0,-38.84000015258789,0.4600000083446503,100,1
15985967,15983995,5367,1990.4684889773,1,0,-39.29999923706055,0.4600000083446503,100,1
15987956,15985985,5368,1990.4684889773,1,0,-39.75,0.4600000083446503,100,1
15989928,15987976,5369,1990.4684889773,1,0,-39.75,0.449999988079071,100,1
15991925,15989966,5370,1990.4684889773,1,0,-40.18999862670898,0.4600000083446503,100,1
15993925,15991957,5371,1990.4684889773,1,0,-40.18999862670898,0.4600000083446503,100,1
15995884,15993947,5372,1990.4684889773,1,0,-40.63999938964844,0.4600000083446503,100,1
15997896,15995938,5373,1990.4684889773,1,0,-41.09999847412109,0.4699999988079071,100,1
15999899,15997928,5374,1990.4684889773,1,0,-41.09999847412109,0.4600000083446503,100,1
16001865,15999919,5375,1990.4684889773,1,0,-41.54999923706055,0.4699999988079071,100,1
16003871,16001909,5376,1990.4684889773,1,0,-41.9900016784668,0.4799999892711639,100,1
16005879,16003900,5377,1990.4684889773,1,0,-41.9900016784668,0.4799999892711639,100,1
16007849,16005890,5378,1990.4684889773,1,0,-42.43999862670898,0.4699999988079071,100,1
16009841,16007880,5379,1990.4684889773,1,0,-42.43999862670898,0.4600000083446503,100,1
16011818,16009871,5380,1990.4684889773,1,0,-42.90000152587891,0.4600000083446503,100,1
16013832,16011861,5381,1990.4684889773,1,0,-42.90000152587891,0.4600000083446503,100,1
16015829,16013852,5382,1990.4684889773,1,0,-43.34999847412109,0.4799999892711639,100,1
16017829,16015842,5383,1990.4684889773,1,0,-45.75,0.4900000095367432,100,1
16019801,16017833,5384,1990.4684889773,1,0,-46.20000076293945,0.5,100,1
16021802,16019823,5385,1990.4684889773,1,0,-45.75,0.5099999904632568,100,1
16023802,16021814,5386,1990.4684889773,1,0,-45.75,0.5099999904632568,100,1
16025765,16023804,5387,1990.4684889773,1,0,-45.29999923706055,0.5,100,1
16027759,16025795,5388,1990.4684889773,1,0,-44.84999847412109,0.5099999904632568,100,1
16029769,16027785,5389,1990.4684889773,1,0,-44.84999847412109,0.5099999904632568,100,1
16031752,16029776,5390,1990.4684889773,1,0,-44.40000152587891,0.5,100,1
16033748,16031766,5391,1990.4684889773,1,0,-44.40000152587891,0.5,100,1
16035730,16033757,5392,1990.4684889773,1,0,-43.95000076293945,0.4900000095367432,100,1
16037723,16035747,5393,1990.4684889773,1,0,-43.95000076293945,0.4699999988079071,100,1
16039739,16037737,5394,1990.4684889773,1,0,-43.5,0.4699999988079071,100,1
16041706,16039728,5395,1990.4684889773,1,0,-43.04999923706055,0.4699999988079071,100,1
16043703,16041718,5396,1990.4684889773,1,0,-43.04999923706055,0.4699999988079071,100,1
16045710,16043709,5397,1990.4684889773,1,0,-42.59999847412109,0.4699999988079071,100,1
16047717,16045699,5398,1990.4684889773,1,0,-42.59999847412109,0.4799999892711639,100,1
16049690,16047690,5399,1990.4684889773,1,0,-42.15000152587891,0.4799999892711639,100,1
16051673,16049680,5400,1990.62679118184,1,0,-41.70000076293945,0.4699999988079071,100,1
16053632,16051670,5401,1990.62679118184,1,0,-41.25,0.4699999988079071,100,1
16055622,16053661,5402,1990.62679118184,1,0,-41.25,0.4699999988079071,100,1
16057612,16055651,5403,1990.62679118184,1,0,-40.79999923706055,0.4600000083446503,100,1
16059603,16057642,5404,1990.62679118184,1,0,-40.34000015258789,0.449999988079071,100,1
16061570,16059633,5405,1990.62679118184,1,0,-40.34000015258789,0.4399999976158142,100,1
16063600,16061623,5406,1990.62679118184,1,0,-39.90000152587891,0.449999988079071,100,1
16065585,16063614,5407,1990.62679118184,1,0,-39.45000076293945,0.449999988079071,100,1
16067563,16065605,5408,1990.62679118184,1,0,-39,0.449999988079071,100,1
16069593,16067595,5409,1990.62679118184,1,0,-38.54999923706055,0.449999988079071,100,1
16071586,16069586,5410,1990.62679118184,1,0,-38.09000015258789,0.449999988079071,100,1
16073565,16071576,5411,1990.62679118184,1,0,-37.65000152587891,0.4699999988079071,100,1
16075558,16073567,5412,1990.62679118184,1,0,-37.20000076293945,0.4600000083446503,100,1
16077533,16075558,5413,1990.62679118184,1,0,-36.75,0.4600000083446503,100,1
16079550,16077548,5414,1990.62679118184,1,0,-36.29999923706055,0.4600000083446503,100,1
16081488,16079539,5415,1990.62679118184,1,0,-35.84000015258789,0.4600000083446503,100,1
16083486,16081530,5416,1990.62679118184,1,0,-35.40000152587891,0.449999988079071,100,1
16085493,16083520,5417,1990.62679118184,1,0,-34.95000076293945,0.449999988079071,100,1
16087478,16085511,5418,1990.62679118184,1,0,-34.04999923706055,0.449999988079071,100,1
16089474,16087501,5419,1990.62679118184,1,0,-33.13999938964844,0.4600000083446503,100,1
16091462,16089492,5420,1990.62679118184,1,0,-32.25,0.449999988079071,100,1
16093462,16091483,5421,1990.62679118184,1,0,-31.35000038146973,0.449999988079071,100,1
16095434,16093473,5422,1990.62679118184,1,0,-30.45000076293945,0.4600000083446503,100,1
16097439,16095464,5423,1990.62679118184,1,0,-29.54999923706055,0.4600000083446503,100,1
16099417,16097455,5424,1990.62679118184,1,0,-28.20000076293945,0.4699999988079071,100,1
16101408,16099445,5425,1990.62679118184,1,0,-27.29999923706055,0.4699999988079071,100,1
16103387,16101436,5426,1990.62679118184,1,0,-26.39999961853027,0.4600000083446503,100,1
16105372,16103426,5427,1990.62679118184,1,0,-25.5,0.4600000083446503,100,1
16107373,16105417,5428,1990.62679118184,1,0,-24.60000038146973,0.4600000083446503,100,1
16109393,16107408,5429,1990.62679118184,1,0,-23.25,0.4699999988079071,100,1
16111374,16109398,5430,1990.62679118184,1,0,-22.35000038146973,0.4600000083446503,100,1
16113365,16111389,5431,1990.62679118184,1,0,-21.45000076293945,0.4699999988079071,100,1
16115340,16113380,5432,1990.62679118184,1,0,-20.54999923706055,0.4600000083446503,100,1
16117337,16115370,5433,1990.62679118184,1,0,-19.20000076293945,0.4699999988079071,100,1
16119332,16117361,5434,1990.62679118184,1,0,-18.29999923706055,0.4699999988079071,100,1
16121316,16119351,5435,1990.62679118184,1,0,-17.39999961853027,0.5,100,1
16123305,16121342,5436,1990.62679118184,1,0,-16.5,0.9200000166893005,100,1
16125291,16123333,5437,1990.62679118184,1,0,-15.60000038146973,1.080000042915344,100,1
16127272,16125323,5438,1990.62679118184,1,0,-14.23999977111816,1.100000023841858,100,1
16129307,16127314,5439,1990.62679118184,1,0,-13.35000038146973,1.110000014305115,100,1
16131273,16129305,5440,1990.62679118184,1,0,-12.44999980926514,1.110000014305115,100,1
16133276,16131295,5441,1990.62679118184,1,0,-11.53999996185303,1.110000014305115,100,1
16135221,16133286,5442,1990.62679118184,1,0,-10.64999961853027,1.120000004768372,100,1
16137243,16135277,5443,1990.62679118184,1,0,-9.289999961853027,1.120000004768372,100,1
16139240,16137267,5444,1990.62679118184,1,0,-8.390000343322754,1.120000004768372,100,1
16141219,16139258,5445,1990.62679118184,1,0,-7.5,1.129999995231628,100,1
16143221,16141248,5446,1990.62679118184,1,0,-6.590000152587891,1.139999985694885,100,1
16145201,16143239,5447,1990.62679118184,1,0,-5.25,1.139999985694885,100,1
16147189,16145230,5448,1990.62679118184,1,0,-4.349999904632568,1.149999976158142,100,1
16149216,16147220,5449,1990.62679118184,1,0,-3.450000047683716,1.159999966621399,100,1
16151166,16149206,5450,1990.473432945472,1,0,-2.549999952316284,1.169999957084656,100,1
16153141,16151197,5451,1990.473432945472,1,0,-1.649999976158142,1.179999947547913,100,1
16155134,16153187,5452,1990.473432945472,1,0,-0.75,1.190000057220459,100,1
16157123,16155178,5453,1990.473432945472,1,0,0.5899999737739563,1.200000047683716,100,1
16159139,16157168,5454,1990.473432945472,1,0,1.490000009536743,1.200000047683716,100,1
16161126,16159159,5455,1990.473432945472,1,0,2.390000104904175,1.210000038146973,100,1
16163150,16161149,5456,1990.473432945472,1,0,3.299999952316284,1.220000028610229,100,1
16165119,16163140,5457,1990.473432945472,1,0,4.639999866485596,1.230000019073486,100,1
16167091,16165130,5458,1990.473432945472,1,0,5.550000190734863,1.25,100,1
16169091,16167121,5459,1990.473432945472,1,0,6.449999809265137,1.259999990463257,100,1
16171090,16169111,5460,1990.473432945472,1,0,7.349999904632568,1.269999980926514,100,1
16173095,16171102,5461,1990.473432945472,1,0,8.25,1.289999961853027,100,1
16175100,16173092,5462,1990.473432945472,1,0,9.590000152587891,1.5,100,1
16177099,16175083,5463,1990.473432945472,1,0,10.5,2.039999961853027,100,1
16179092,16177073,5464,1990.473432945472,1,0,11.39999961853027,2.079999923706055,100,1
16180997,16179064,5465,1990.473432945472,1,0,12.30000019073486,2.109999895095825,100,1
16183094,16181054,5466,1990.473432945472,1,0,13.64999961853027,1.929999947547913,100,1
16185010,16183044,5467,1990.473432945472,1,0,14.55000019073486,1.75,100,1
16187002,16185035,5468,1990.473432945472,1,0,15.44999980926514,1.710000038146973,100,1
16189041,16187025,5469,1990.473432945472,1,0,16.34000015258789,1.679999947547913,100,1
16190984,16189016,5470,1990.473432945472,1,0,17.23999977111816,1.639999985694885,100,1
16192983,16191006,5471,1990.473432945472,1,0,18.59000015258789,1.610000014305115,100,1
16194977,16192997,5472,1990.473432945472,1,0,19.48999977111816,1.600000023841858,100,1
16196937,16194987,5473,1990.473432945472,1,0,20.38999938964844,1.580000042915344,100,1
16198921,16196978,5474,1990.473432945472,1,0,21.29999923706055,1.299999952316284,100,1
16200941,16198968,5475,1990.473432945472,1,0,22.63999938964844,0.8100000023841858,100,1
16202883,16200959,5476,1990.473432945472,1,0,23.54999923706055,0.7699999809265137,100,1
16204853,16202949,5477,1990.473432945472,1,0,24.45000076293945,0.7599999904632568,100,1
16206883,16204940,5478,1990.473432945472,1,0,25.34000015258789,0.7599999904632568,100,1
16208846,16206930,5479,1990.473432945472,1,0,26.23999977111816,0.75,100,1
16210816,16208921,5480,1990.473432945472,1,0,27.59000015258789,0.75,100,1
16212797,16210911,5481,1990.473432945472,1,0,28.48999977111816,0.7599999904632568,100,1
16214863,16212902,5482,1990.473432945472,1,0,29.38999938964844,0.7699999809265137,100,1
16216867,16214892,5483,1990.473432945472,1,0,30.29999923706055,0.8600000143051147,100,1
16218854,16216882,5484,1990.473432945472,1,0,31.19000053405762,1.090000033378601,100,1
16220831,16218873,5485,1990.473432945472,1,0,32.09000015258789,1.039999961853027,100,1
16222823,16220863,5486,1990.473432945472,1,0,32.54999923706055,1.059999942779541,100,1
16224802,16222854,5487,1990.473432945472,1,0,33,1.110000014305115,100,1
16226852,16224844,5488,1990.473432945472,1,0,33.88999938964844,1.120000004768372,100,1
16228840,16226835,5489,1990.473432945472,1,0,34.34000015258789,1.120000004768372,100,1
16230796,16228825,5490,1990.473432945472,1,0,34.79999923706055,1.120000004768372,100,1
16232812,16230816,5491,1990.473432945472,1,0,35.25,1.120000004768372,100,1
16234819,16232806,5492,1990.473432945472,1,0,35.68999862670898,1.110000014305115,100,1
16236781,16234797,5493,1990.473432945472,1,0,36.13999938964844,1.110000014305115,100,1
16238760,16236787,5494,1990.473432945472,1,0,36.59000015258789,1.110000014305115,100,1
16240740,16238778,5495,1990.473432945472,1,0,36.59000015258789,1.110000014305115,100,1
16242728,16240768,5496,1990.473432945472,1,0,37.04999923706055,1.120000004768372,100,1
16244719,16242759,5497,1990.473432945472,1,0,37.5,1.120000004768372,100,1
16246696,16244749,5498,1990.473432945472,1,0,37.93999862670898,1.110000014305115,100,1
16248708,16246740,5499,1990.473432945472,1,0,38.38999938964844,1.110000014305115,100,1
16250695,16248727,5500,1990.494746356378,1,0,38.38999938964844,1.100000023841858,100,1
16252738,16250717,5501,1990.494746356378,1,0,38.84000015258789,1.100000023841858,100,1
16254698,16252708,5502,1990.494746356378,1,0,39.29999923706055,1.090000033378601,100,1
16256716,16254698,5503,1990.494746356378,1,0,39.29999923706055,1.100000023841858,100,1
16258699,16256689,5504,1990.494746356378,1,0,39.75,1.100000023841858,100,1
16260708,16258679,5505,1990.494746356378,1,0,40.18999862670898,1.090000033378601,100,1
16262668,16260670,5506,1990.494746356378,1,0,40.18999862670898,1.090000033378601,100,1
16264651,16262660,5507,1990.494746356378,1,0,40.63999938964844,1.090000033378601,100,1
16266581,16264651,5508,1990.494746356378,1,0,41.09999847412109,1.080000042915344,100,1
16268650,16266641,5509,1990.494746356378,1,0,41.09999847412109,1.080000042915344,100,1
16270619,16268632,5510,1990.494746356378,1,0,41.54999923706055,1.080000042915344,100,1
16272577,16270622,5511,1990.494746356378,1,0,41.54999923706055,1.080000042915344,100,1
16274559,16272613,5512,1990.494746356378,1,0,41.9900016784668,1.080000042915344,100,1
16276558,16274603,5513,1990.494746356378,1,0,42.43999862670898,1.070000052452087,100,1
16278568,16276593,5514,1990.494746356378,1,0,42.43999862670898,1.070000052452087,100,1
16280549,16278584,5515,1990.494746356378,1,0,42.90000152587891,1.070000052452087,100,1
16282500,16280574,5516,1990.494746356378,1,0,42.90000152587891,1.070000052452087,100,1
16284476,16282565,5517,1990.494746356378,1,0,43.34999847412109,1.070000052452087,100,1
16286541,16284555,5518,1990.494746356378,1,0,45.75,1.070000052452087,100,1
16288548,16286546,5519,1990.494746356378,1,0,45.75,1.059999942779541,100,1
16290496,16288536,5520,1990.494746356378,1,0,45.29999923706055,1.059999942779541,100,1
16292493,16290527,5521,1990.494746356378,1,0,45.29999923706055,1.059999942779541,100,1
16294501,16292517,5522,1990.494746356378,1,0,44.84999847412109,1.059999942779541,100,1
16296473,16294508,5523,1990.494746356378,1,0,44.84999847412109,1.059999942779541,100,1
16298461,16296498,5524,1990.494746356378,1,0,44.40000152587891,1.070000052452087,100,1
16300447,16298489,5525,1990.494746356378,1,0,44.40000152587891,1.070000052452087,100,1
16302435,16300479,5526,1990.494746356378,1,0,43.95000076293945,1.080000042915344,100,1
16304435,16302470,5527,1990.494746356378,1,0,43.5,1.080000042915344,100,1
16306419,16304460,5528,1990.494746356378,1,0,43.5,1.080000042915344,100,1
16308419,16306451,5529,1990.494746356378,1,0,43.04999923706055,1.080000042915344,100,1
16310390,16308441,5530,1990.494746356378,1,0,43.04999923706055,1.080000042915344,100,1
16312404,16310432,5531,1990.494746356378,1,0,42.59999847412109,1.080000042915344,100,1
16314405,16312422,5532,1990.494746356378,1,0,42.15000152587891,1.090000033378601,100,1
16316371,16314413,5533,1990.494746356378,1,0,42.15000152587891,1.090000033378601,100,1
16318377,16316403,5534,1990.494746356378,1,0,41.70000076293945,1.100000023841858,100,1
16320405,16318394,5535,1990.494746356378,1,0,41.25,1.090000033378601,100,1
16322360,16320384,5536,1990.494746356378,1,0,40.79999923706055,1.100000023841858,100,1
16324388,16322375,5537,1990.494746356378,1,0,40.79999923706055,1.100000023841858,100,1
16326330,16324365,5538,1990.494746356378,1,0,40.34000015258789,1.100000023841858,100,1
16328333,16326356,5539,1990.494746356378,1,0,39.90000152587891,1.110000014305115,100,1
16330352,16328346,5540,1990.494746356378,1,0,39.45000076293945,1.120000004768372,100,1
16332334,16330337,5541,1990.494746356378,1,0,39.45000076293945,1.120000004768372,100,1
16334318,16332327,5542,1990.494746356378,1,0,39,1.120000004768372,100,1
16336357,16334318,5543,1990.494746356378,1,0,38.54999923706055,1.120000004768372,100,1
16338248,16336308,5544,1990.494746356378,1,0,38.09000015258789,1.110000014305115,100,1
16340255,16338299,5545,1990.494746356378,1,0,37.65000152587891,1.120000004768372,100,1
16342248,16340289,5546,1990.494746356378,1,0,37.20000076293945,1.110000014305115,100,1
16344239,16342280,5547,1990.494746356378,1,0,36.75,1.110000014305115,100,1
16346216,16344270,5548,1990.494746356378,1,0,36.29999923706055,1.120000004768372,100,1
16348280,16346261,5549,1990.494746356378,1,0,35.84000015258789,1.120000004768372,100,1
16350235,16348250,5550,1990.555797085102,1,0,34.95000076293945,1.110000014305115,100,1
16352256,16350240,5551,1990.555797085102,1,0,34.5,1.059999942779541,100,1
16354257,16352231,5552,1990.555797085102,1,0,33.59000015258789,1.029999971389771,100,1
16356237,16354221,5553,1990.555797085102,1,0,33.13999938964844,1.070000052452087,100,1
16358187,16356212,5554,1990.555797085102,1,0,31.79999923706055,1.090000033378601,100,1
16360166,16358202,5555,1990.555797085102,1,0,30.89999961853027,0.8999999761581421,100,1
16362173,16360193,5556,1990.555797085102,1,0,30,0.7900000214576721,100,1
16364133,16362184,5557,1990.555797085102,1,0,29.10000038146973,0.7599999904632568,100,1
16366146,16364174,5558,1990.555797085102,1,0,28.20000076293945,0.7599999904632568,100,1
16368120,16366165,5559,1990.555797085102,1,0,26.85000038146973,0.75,100,1
16370123,16368155,5560,1990.555797085102,1,0,25.95000076293945,0.75,100,1
16372121,16370146,5561,1990.555797085102,1,0,25.04999923706055,0.7599999904632568,100,1
16374126,16372136,5562,1990.555797085102,1,0,24.14999961853027,0.7799999713897705,100,1
16376027,16374127,5563,1990.555797085102,1,0,22.79999923706055,654.3599853515625,0,0
16378122,16376117,5564,1990.555797085102,1,0,21.89999961853027,1.529999971389771,100,1
16380123,16378108,5565,1990.555797085102,1,0,21,1.580000042915344,100,1
16382142,16380099,5566,1990.555797085102,1,0,20.10000038146973,1.600000023841858,100,1
16384125,16382089,5567,1990.555797085102,1,0,19.20000076293945,1.610000014305115,100,1
16386125,16384080,5568,1990.555797085102,1,0,17.85000038146973,1.629999995231628,100,1
16388029,16386070,5569,1990.555797085102,1,0,16.95000076293945,1.659999966621399,100,1
16390027,16388061,5570,1990.555797085102,1,0,16.04000091552734,1.710000038146973,100,1
16392035,16390051,5571,1990.555797085102,1,0,15.14999961853027,1.759999990463257,100,1
16394003,16392042,5572,1990.555797085102,1,0,13.78999996185303,2.069999933242798,100,1
16395980,16394032,5573,1990.555797085102,1,0,12.89999961853027,2.099999904632568,100,1
16398009,16396023,5574,1990.555797085102,1,0,11.98999977111816,2.049999952316284,100,1
16400039,16398014,5575,1990.555797085102,1,0,11.10000038146973,1.789999961853027,100,1
16401992,16400004,5576,1990.555797085102,1,0,10.19999980926514,1.309999942779541,100,1
16403966,16401995,5577,1990.555797085102,1,0,8.840000152587891,1.289999961853027,100,1
16405970,16403985,5578,1990.555797085102,1,0,7.949999809265137,1.269999980926514,100,1
16407977,16405976,5579,1990.555797085102,1,0,7.050000190734863,1.259999990463257,100,1
16409909,16407966,5580,1990.555797085102,1,0,6.139999866485596,1.25,100,1
16411927,16409957,5581,1990.555797085102,1,0,4.800000190734863,1.240000009536743,100,1
16413908,16411947,5582,1990.555797085102,1,0,3.900000095367432,1.230000019073486,100,1
16415913,16413938,5583,1990.555797085102,1,0,3,1.200000047683716,100,1
16417873,16415929,5584,1990.555797085102,1,0,2.089999914169312,1.200000047683716,100,1
16419920,16417919,5585,1990.555797085102,1,0,1.200000047683716,1.190000057220459,100,1
16421906,16419910,5586,1990.555797085102,1,0,0.300000011920929,1.179999947547913,100,1
16423926,16421900,5587,1990.555797085102,1,0,-1.039999961853027,1.169999957084656,100,1
16425891,16423891,5588,1990.555797085102,1,0,-1.940000057220459,1.159999966621399,100,1
16427855,16425881,5589,1990.555797085102,1,0,-2.839999914169312,1.159999966621399,100,1
16429869,16427872,5590,1990.555797085102,1,0,-3.740000009536743,1.149999976158142,100,1
16431836,16429862,5591,1990.555797085102,1,0,-5.090000152587891,1.149999976158142,100,1
16433841,16431853,5592,1990.555797085102,1,0,-6,1.129999995231628,100,1
16435843,16433844,5593,1990.555797085102,1,0,-6.889999866485596,1.129999995231628,100,1
16437812,16435834,5594,1990.555797085102,1,0,-7.800000190734863,1.120000004768372,100,1
16439786,16437825,5595,1990.555797085102,1,0,-8.699999809265137,1.120000004768372,100,1
16441754,16439815,5596,1990.555797085102,1,0,-10.05000019073486,1.100000023841858,100,1
16443759,16441806,5597,1990.555797085102,1,0,-10.94999980926514,1.110000014305115,100,1
16445758,16443796,5598,1990.555797085102,1,0,-11.85000038146973,1.100000023841858,100,1
16447751,16445787,5599,1990.555797085102,1,0,-12.75,1.100000023841858,100,1
16449782,16447778,5600,1990.632637668082,1,0,-14.10000038146973,1.090000033378601,100,1
16451761,16449769,5601,1990.632637668082,1,0,-14.98999977111816,1.080000042915344,100,1
16453775,16451759,5602,1990.632637668082,1,0,-15.89999961853027,0.9800000190734863,100,1
16455727,16453750,5603,1990.632637668082,1,0,-16.79000091552734,0.5199999809265137,100,1
16457749,16455740,5604,1990.632637668082,1,0,-17.69000053405762,0.4699999988079071,100,1
16459738,16457731,5605,1990.632637668082,1,0,-19.04000091552734,0.4699999988079071,100,1
16461707,16459722,5606,1990.632637668082,1,0,-19.94000053405762,0.4699999988079071,100,1
16463696,16461712,5607,1990.632637668082,1,0,-20.84000015258789,0.4699999988079071,100,1
16465660,16463703,5608,1990.632637668082,1,0,-21.73999977111816,0.4600000083446503,100,1
16467667,16465694,5609,1990.632637668082,1,0,-22.63999938964844,0.449999988079071,100,1
16469670,16467684,5610,1990.632637668082,1,0,-23.98999977111816,0.4600000083446503,100,1
16471649,16469675,5611,1990.632637668082,1,0,-24.88999938964844,0.4600000083446503,100,1
16473674,16471666,5612,1990.632637668082,1,0,-25.79999923706055,0.449999988079071,100,1
16475633,16473656,5613,1990.632637668082,1,0,-26.70000076293945,0.4600000083446503,100,1
16477615,16475647,5614,1990.632637668082,1,0,-28.04999923706055,0.4699999988079071,100,1
16479633,16477637,5615,1990.632637668082,1,0,-28.95000076293945,0.449999988079071,100,1
16481596,16479628,5616,1990.632637668082,1,0,-29.84000015258789,0.4600000083446503,100,1
16483605,16481619,5617,1990.632637668082,1,0,-30.73999977111816,0.4600000083446503,100,1
16485577,16483609,5618,1990.632637668082,1,0,-31.63999938964844,0.4600000083446503,100,1
16487583,16485600,5619,1990.632637668082,1,0,-32.09000015258789,0.449999988079071,100,1
16489572,16487591,5620,1990.632637668082,1,0,-33,0.449999988079071,100,1
16491571,16489581,5621,1990.632637668082,1,0,-33.43999862670898,0.449999988079071,100,1
16493557,16491572,5622,1990.632637668082,1,0,-33.88999938964844,0.4600000083446503,100,1
16495541,16493562,5623,1990.632637668082,1,0,-34.34000015258789,0.4600000083446503,100,1
16497497,16495553,5624,1990.632637668082,1,0,-34.79999923706055,0.4600000083446503,100,1
16499554,16497544,5625,1990.632637668082,1,0,-35.25,0.4600000083446503,100,1
16501563,16499534,5626,1990.632637668082,1,0,-35.68999862670898,0.4399999976158142,100,1
16503555,16501525,5627,1990.632637668082,1,0,-36.13999938964844,0.4699999988079071,100,1
16505550,16503516,5628,1990.632637668082,1,0,-36.59000015258789,0.4600000083446503,100,1
16507487,16505506,5629,1990.632637668082,1,0,-37.04999923706055,0.4600000083446503,100,1
16509490,16507497,5630,1990.632637668082,1,0,-37.5,0.4799999892711639,100,1
16511433,16509488,5631,1990.632637668082,1,0,-37.5,0.449999988079071,100,1
16513451,16511478,5632,1990.632637668082,1,0,-37.93999862670898,0.4399999976158142,100,1
16515431,16513469,5633,1990.632637668082,1,0,-38.38999938964844,0.4399999976158142,100,1
16517468,16515459,5634,1990.632637668082,1,0,-38.84000015258789,0.4600000083446503,100,1
16519454,16517450,5635,1990.632637668082,1,0,-38.84000015258789,0.4600000083446503,100,1
16521356,16519441,5636,1990.632637668082,1,0,-39.29999923706055,0.4600000083446503,100,1
16523373,16521431,5637,1990.632637668082,1,0,-39.75,0.4699999988079071,100,1
16525361,16523422,5638,1990.632637668082,1,0,-39.75,0.4699999988079071,100,1
16527337,16525413,5639,1990.632637668082,1,0,-40.18999862670898,0.4699999988079071,100,1
16529324,16527403,5640,1990.632637668082,1,0,-40.63999938964844,0.4699999988079071,100,1
16531374,16529394,5641,1990.632637668082,1,0,-40.63999938964844,0.4699999988079071,100,1
16533326,16531384,5642,1990.632637668082,1,0,-41.09999847412109,0.4699999988079071,100,1
16535348,16533375,5643,1990.632637668082,1,0,-41.54999923706055,0.4799999892711639,100,1
16537328,16535366,5644,1990.632637668082,1,0,-41.54999923706055,0.4799999892711639,100,1
16539304,16537356,5645,1990.632637668082,1,0,-41.9900016784668,0.4699999988079071,100,1
16541313,16539347,5646,1990.632637668082,1,0,-41.9900016784668,0.4799999892711639,100,1
16543299,16541338,5647,1990.632637668082,1,0,-42.43999862670898,0.4799999892711639,100,1
16545283,16543328,5648,1990.632637668082,1,0,-42.43999862670898,0.4600000083446503,100,1
16547305,16545319,5649,1990.632637668082,1,0,-42.90000152587891,0.4600000083446503,100,1
16549254,16547304,5650,1990.394110134466,1,0,-42.90000152587891,0.4799999892711639,100,1
16551274,16549294,5651,1990.394110134466,1,0,-45.75,0.4799999892711639,100,1
16553240,16551285,5652,1990.394110134466,1,0,-46.20000076293945,0.4699999988079071,100,1
16555256,16553275,5653,1990.394110134466,1,0,-45.75,0.5,100,1
16557256,16555266,5654,1990.394110134466,1,0,-45.75,0.5099999904632568,100,1
16559254,16557256,5655,1990.394110134466,1,0,-45.29999923706055,0.5099999904632568,100,1
16561230,16559246,5656,1990.394110134466,1,0,-45.29999923706055,0.5099999904632568,100,1
16563205,16561237,5657,1990.394110134466,1,0,-44.84999847412109,0.4900000095367432,100,1
16565222,16563227,5658,1990.394110134466,1,0,-44.84999847412109,0.5099999904632568,100,1
16567177,16565218,5659,1990.394110134466,1,0,-44.40000152587891,0.5,100,1
16569176,16567208,5660,1990.394110134466,1,0,-44.40000152587891,0.5,100,1
16571185,16569198,5661,1990.394110134466,1,0,-43.95000076293945,0.4699999988079071,100,1
16573163,16571189,5662,1990.394110134466,1,0,-43.5,0.4799999892711639,100,1
16575155,16573179,5663,1990.394110134466,1,0,-43.5,0.4699999988079071,100,1
16577161,16575170,5664,1990.394110134466,1,0,-43.04999923706055,0.4799999892711639,100,1
16579158,16577160,5665,1990.394110134466,1,0,-43.04999923706055,0.4799999892711639,100,1
16581160,16579150,5666,1990.394110134466,1,0,-42.59999847412109,0.4799999892711639,100,1
16583158,16581141,5667,1990.394110134466,1,0,-42.15000152587891,0.4799999892711639,100,1
16585162,16583131,5668,1990.394110134466,1,0,-42.15000152587891,0.4799999892711639,100,1
16587074,16585121,5669,1990.394110134466,1,0,-41.70000076293945,0.4699999988079071,100,1
16589076,16587112,5670,1990.394110134466,1,0,-41.25,0.4600000083446503,100,1
16591055,16589102,5671,1990.394110134466,1,0,-41.25,0.4600000083446503,100,1
16593057,16591093,5672,1990.394110134466,1,0,-40.79999923706055,0.449999988079071,100,1
16595101,16593083,5673,1990.394110134466,1,0,-40.34000015258789,0.4399999976158142,100,1
16597097,16595073,5674,1990.394110134466,1,0,-39.90000152587891,0.4399999976158142,100,1
16599039,16597064,5675,1990.394110134466,1,0,-39.45000076293945,0.449999988079071,100,1
16601030,16599054,5676,1990.394110134466,1,0,-39.45000076293945,0.449999988079071,100,1
16602962,16601045,5677,1990.394110134466,1,0,-39,0.449999988079071,100,1
16604943,16603035,5678,1990.394110134466,1,0,-38.54999923706055,0.4399999976158142,100,1
16606934,16605025,5679,1990.394110134466,1,0,-38.09000015258789,0.4699999988079071,100,1
16608916,16607016,5680,1990.394110134466,1,0,-37.65000152587891,0.4699999988079071,100,1
16610978,16609006,5681,1990.394110134466,1,0,-37.20000076293945,0.4600000083446503,100,1
16612974,16610997,5682,1990.394110134466,1,0,-36.75,0.4600000083446503,100,1
16614986,16612987,5683,1990.394110134466,1,0,-36.29999923706055,0.4600000083446503,100,1
16616986,16614977,5684,1990.394110134466,1,0,-35.84000015258789,0.4600000083446503,100,1
16618968,16616968,5685,1990.394110134466,1,0,-34.95000076293945,0.449999988079071,100,1
16620963,16618958,5686,1990.394110134466,1,0,-34.5,0.449999988079071,100,1
16622901,16620949,5687,1990.394110134466,1,0,-34.04999923706055,0.449999988079071,100,1
16624903,16622939,5688,1990.394110134466,1,0,-33.13999938964844,0.4600000083446503,100,1
16626885,16624929,5689,1990.394110134466,1,0,-32.25,0.449999988079071,100,1
16628868,16626920,5690,1990.394110134466,1,0,-30.89999961853027,0.449999988079071,100,1
16630861,16628910,5691,1990.394110134466,1,0,-30,0.449999988079071,100,1
16632884,16630901,5692,1990.394110134466,1,0,-29.10000038146973,0.4600000083446503,100,1
16634886,16632891,5693,1990.394110134466,1,0,-28.20000076293945,0.4699999988079071,100,1
16636864,16634881,5694,1990.394110134466,1,0,-27.29999923706055,0.4600000083446503,100,1
16638844,16636872,5695,1990.394110134466,1,0,-25.95000076293945,0.449999988079071,100,1
16640832,16638862,5696,1990.394110134466,1,0,-25.04999923706055,0.4600000083446503,100,1
16642863,16640853,5697,1990.394110134466,1,0,-24.14999961853027,0.4600000083446503,100,1
16644835,16642843,5698,1990.394110134466,1,0,-23.25,0.4600000083446503,100,1
16646832,16644833,5699,1990.394110134466,1,0,-21.89999961853027,0.4600000083446503,100,1
16648821,16646823,5700,1990.583288107573,1,0,-21,0.4699999988079071,100,1
16650843,16648814,5701,1990.583288107573,1,0,-20.10000038146973,0.4699999988079071,100,1
16652789,16650805,5702,1990.583288107573,1,0,-19.20000076293945,0.4699999988079071,100,1
16654751,16652795,5703,1990.583288107573,1,0,-18.29999923706055,0.4699999988079071,100,1
16656791,16654786,5704,1990.583288107573,1,0,-16.95000076293945,0.550000011920929,100,1
16658781,16656776,5705,1990.583288107573,1,0,-16.04000091552734,1.039999961853027,100,1
16660777,16658767,5706,1990.583288107573,1,0,-15.14999961853027,1.049999952316284,100,1
16662741,16660758,5707,1990.583288107573,1,0,-14.23999977111816,1.080000042915344,100,1
16664746,16662748,5708,1990.583288107573,1,0,-12.89999961853027,1.110000014305115,100,1
16666756,16664739,5709,1990.583288107573,1,0,-11.98999977111816,1.110000014305115,100,1
16668700,16666729,5710,1990.583288107573,1,0,-11.10000038146973,1.120000004768372,100,1
16670687,16668720,5711,1990.583288107573,1,0,-10.19999980926514,1.120000004768372,100,1
16672700,16670710,5712,1990.583288107573,1,0,-8.840000152587891,1.120000004768372,100,1
16674678,16672701,5713,1990.583288107573,1,0,-7.949999809265137,1.120000004768372,100,1
16676668,16674692,5714,1990.583288107573,1,0,-7.050000190734863,1.129999995231628,100,1
16678683,16676682,5715,1990.583288107573,1,0,-6.139999866485596,1.139999985694885,100,1
16680666,16678673,5716,1990.583288107573,1,0,-5.25,1.149999976158142,100,1
16682664,16680663,5717,1990.583288107573,1,0,-3.900000095367432,1.159999966621399,100,1
16684668,16682654,5718,1990.583288107573,1,0,-3,1.159999966621399,100,1
16686643,16684645,5719,1990.583288107573,1,0,-2.089999914169312,1.169999957084656,100,1
16688624,16686635,5720,1990.583288107573,1,0,-1.200000047683716,1.179999947547913,100,1
16690644,16688626,5721,1990.583288107573,1,0,-0.300000011920929,1.190000057220459,100,1
16692601,16690616,5722,1990.583288107573,1,0,1.039999961853027,1.200000047683716,100,1
16694585,16692607,5723,1990.583288107573,1,0,1.940000057220459,1.200000047683716,100,1
16696614,16694597,5724,1990.583288107573,1,0,2.839999914169312,1.210000038146973,100,1
16698593,16696588,5725,1990.583288107573,1,0,3.740000009536743,1.230000019073486,100,1
16700564,16698579,5726,1990.583288107573,1,0,4.639999866485596,1.230000019073486,100,1
16702573,16700569,5727,1990.583288107573,1,0,6,1.25,100,1
16704564,16702560,5728,1990.583288107573,1,0,6.889999866485596,1.269999980926514,100,1
16706543,16704550,5729,1990.583288107573,1,0,7.800000190734863,1.279999971389771,100,1
16708541,16706541,5730,1990.583288107573,1,0,8.699999809265137,1.309999942779541,100,1
16710490,16708532,5731,1990.583288107573,1,0,9.590000152587891,1.759999990463257,100,1
16712490,16710522,5732,1990.583288107573,1,0,10.94999980926514,2.059999942779541,100,1
16714476,16712513,5733,1990.583288107573,1,0,11.85000038146973,2.089999914169312,100,1
16716473,16714503,5734,1990.583288107573,1,0,12.75,2.109999895095825,100,1
16718454,16716494,5735,1990.583288107573,1,0,13.64999961853027,1.809999942779541,100,1
16720446,16718484,5736,1990.583288107573,1,0,14.98999977111816,1.730000019073486,100,1
16722428,16720475,5737,1990.583288107573,1,0,15.89999961853027,1.700000047683716,100,1
16724443,16722466,5738,1990.583288107573,1,0,16.79000091552734,1.659999966621399,100,1
16726392,16724456,5739,1990.583288107573,1,0,17.69000053405762,1.620000004768372,100,1
16728427,16726447,5740,1990.583288107573,1,0,18.59000015258789,1.610000014305115,100,1
16730428,16728437,5741,1990.583288107573,1,0,19.94000053405762,1.590000033378601,100,1
16732434,16730428,5742,1990.583288107573,1,0,20.84000015258789,1.539999961853027,100,1
16734368,16732419,5743,1990.583288107573,1,0,21.73999977111816,654.3599853515625,0,0
16736400,16734409,5744,1990.583288107573,1,0,22.63999938964844,0.7799999713897705,100,1
16738394,16736400,5745,1990.583288107573,1,0,23.98999977111816,0.7699999809265137,100,1
16740392,16738390,5746,1990.583288107573,1,0,24.88999938964844,0.7599999904632568,100,1
16742373,16740381,5747,1990.583288107573,1,0,25.79999923706055,0.7599999904632568,100,1
16744328,16742371,5748,1990.583288107573,1,0,26.70000076293945,0.7400000095367432,100,1
16746319,16744362,5749,1990.583288107573,1,0,27.59000015258789,0.7599999904632568,100,1
16748313,16746349,5750,1990.434630486058,1,0,28.95000076293945,0.7599999904632568,100,1
16750364,16748339,5751,1990.434630486058,1,0,29.84000015258789,0.7799999713897705,100,1
16752314,16750330,5752,1990.434630486058,1,0,30.73999977111816,0.949999988079071,100,1
16754307,16752320,5753,1990.434630486058,1,0,31.63999938964844,1.090000033378601,100,1
16756312,16754310,5754,1990.434630486058,1,0,32.09000015258789,1.029999971389771,100,1
16758349,16756301,5755,1990.434630486058,1,0,33,1.110000014305115,100,1
16760263,16758291,5756,1990.434630486058,1,0,33.43999862670898,1.120000004768372,100,1
16762253,16760282,5757,1990.434630486058,1,0,33.88999938964844,1.120000004768372,100,1
16764240,16762272,5758,1990.434630486058,1,0,34.34000015258789,1.120000004768372,100,1
16766235,16764263,5759,1990.434630486058,1,0,34.79999923706055,1.120000004768372,100,1
16768212,16766253,5760,1990.434630486058,1,0,35.25,1.110000014305115,100,1
16770218,16768243,5761,1990.434630486058,1,0,35.68999862670898,1.120000004768372,100,1
16772213,16770234,5762,1990.434630486058,1,0,36.13999938964844,1.110000014305115,100,1
16774205,16772224,5763,1990.434630486058,1,0,36.59000015258789,1.110000014305115,100,1
16776181,16774215,5764,1990.434630486058,1,0,37.04999923706055,1.110000014305115,100,1
16778187,16776205,5765,1990.434630486058,1,0,37.5,1.120000004768372,100,1
16780176,16778196,5766,1990.434630486058,1,0,37.5,1.120000004768372,100,1
16782176,16780186,5767,1990.434630486058,1,0,37.93999862670898,1.100000023841858,100,1
16784182,16782176,5768,1990.434630486058,1,0,38.38999938964844,1.100000023841858,100,1
16786189,16784167,5769,1990.434630486058,1,0,38.84000015258789,1.100000023841858,100,1
16788186,16786157,5770,1990.434630486058,1,0,38.84000015258789,1.100000023841858,100,1
16790095,16788148,5771,1990.434630486058,1,0,39.29999923706055,1.100000023841858,100,1
16792182,16790138,5772,1990.434630486058,1,0,39.75,1.100000023841858,100,1
16794103,16792129,5773,1990.434630486058,1,0,39.75,1.100000023841858,100,1
16796087,16794119,5774,1990.434630486058,1,0,40.18999862670898,1.090000033378601,100,1
16798082,16796109,5775,1990.434630486058,1,0,40.63999938964844,1.090000033378601,100,1
16800057,16798100,5776,1990.434630486058,1,0,40.63999938964844,1.090000033378601,100,1
16802068,16800090,5777,1990.434630486058,1,0,41.09999847412109,1.080000042915344,100,1
16804080,16802081,5778,1990.434630486058,1,0,41.54999923706055,1.080000042915344,97,1
16806077,16804071,5779,1990.434630486058,1,0,41.54999923706055,1.070000052452087,100,1
16808043,16806062,5780,1990.434630486058,1,0,41.9900016784668,1.080000042915344,100,1
16810075,16808052,5781,1990.434630486058,1,0,41.9900016784668,1.070000052452087,100,1
16812055,16810043,5782,1990.434630486058,1,0,42.43999862670898,1.070000052452087,100,1
16814007,16812033,5783,1990.434630486058,1,0,42.43999862670898,1.049999952316284,100,1
16815996,16814023,5784,1990.434630486058,1,0,42.90000152587891,1.080000042915344,100,1
16817975,16816014,5785,1990.434630486058,1,0,42.90000152587891,1.070000052452087,100,1
16819969,16818004,5786,1990.434630486058,1,0,43.34999847412109,1.059999942779541,100,1
16821944,16819995,5787,1990.434630486058,1,0,45.75,1.059999942779541,100,1
16823944,16821985,5788,1990.434630486058,1,0,45.75,1.070000052452087,100,1
16825950,16823976,5789,1990.434630486058,1,0,45.29999923706055,1.059999942779541,100,1
16827927,16825966,5790,1990.434630486058,1,0,45.29999923706055,1.059999942779541,100,1
16829924,16827956,5791,1990.434630486058,1,0,44.84999847412109,1.059999942779541,100,1
16831923,16829947,5792,1990.434630486058,1,0,44.84999847412109,1.049999952316284,100,1
16833901,16831937,5793,1990.434630486058,1,0,44.40000152587891,1.059999942779541,97,1
16835911,16833928,5794,1990.434630486058,1,0,43.95000076293945,1.070000052452087,100,1
16837866,16835918,5795,1990.434630486058,1,0,43.95000076293945,1.070000052452087,100,1
16839862,16837909,5796,1990.434630486058,1,0,43.5,1.070000052452087,100,1
16841881,16839899,5797,1990.434630486058,1,0,43.5,1.080000042915344,100,1
16843873,16841889,5798,1990.434630486058,1,0,43.04999923706055,1.080000042915344,100,1
16845880,16843880,5799,1990.434630486058,1,0,42.59999847412109,1.090000033378601,100,1
16847925,16845876,5800,1990.795704388847,1,0,42.59999847412109,1.080000042915344,100,1
16849872,16847867,5801,1990.795704388847,1,0,42.15000152587891,1.090000033378601,100,1
16851854,16849857,5802,1990.795704388847,1,0,41.70000076293945,1.090000033378601,100,1
16853808,16851848,5803,1990.795704388847,1,0,41.70000076293945,1.090000033378601,100,1
16855824,16853839,5804,1990.795704388847,1,0,41.25,1.090000033378601,100,1
16857773,16855830,5805,1990.795704388847,1,0,40.79999923706055,1.100000023841858,100,1
16859789,16857821,5806,1990.795704388847,1,0,40.34000015258789,1.100000023841858,100,1
16861787,16859811,5807,1990.795704388847,1,0,40.34000015258789,1.100000023841858,100,1
16863770,16861802,5808,1990.795704388847,1,0,39.90000152587891,1.110000014305115,97,1
16865760,16863793,5809,1990.795704388847,1,0,39.45000076293945,1.120000004768372,100,1
16867724,16865784,5810,1990.795704388847,1,0,39,1.120000004768372,100,1
16869745,16867775,5811,1990.795704388847,1,0,38.54999923706055,1.120000004768372,100,1
16871739,16869765,5812,1990.795704388847,1,0,38.09000015258789,1.120000004768372,100,1
16873736,16871756,5813,1990.795704388847,1,0,38.09000015258789,1.110000014305115,100,1
16875724,16873747,5814,1990.795704388847,1,0,37.65000152587891,1.120000004768372,100,1
16877697,16875738,5815,1990.795704388847,1,0,37.20000076293945,1.110000014305115,100,1
16879706,16877729,5816,1990.795704388847,1,0,36.29999923706055,1.110000014305115,97,1
16881694,16879719,5817,1990.795704388847,1,0,35.84000015258789,1.120000004768372,100,1
16883722,16881710,5818,1990.795704388847,1,0,35.40000152587891,1.120000004768372,100,1
16885732,16883701,5819,1990.795704388847,1,0,34.95000076293945,1.120000004768372,100,1
16887706,16885692,5820,1990.795704388847,1,0,34.04999923706055,1.039999961853027,100,1
16889706,16887683,5821,1990.795704388847,1,0,33.59000015258789,1.029999971389771,100,1
16891672,16889673,5822,1990.795704388847,1,0,32.70000076293945,1.090000033378601,100,1
16893681,16891664,5823,1990.795704388847,1,0,31.79999923706055,1.049999952316284,100,1
16895618,16893655,5824,1990.795704388847,1,0,30.45000076293945,0.8399999737739563,100,1
16897629,16895646,5825,1990.795704388847,1,0,29.54999923706055,0.7799999713897705,100,1
16899588,16897637,5826,1990.795704388847,1,0,28.64999961853027,0.7699999809265137,100,1
16901602,16899627,5827,1990.795704388847,1,0,27.75,0.7599999904632568,100,1
16903573,16901618,5828,1990.795704388847,1,0,26.85000038146973,0.7599999904632568,100,1
16905587,16903609,5829,1990.795704388847,1,0,25.5,0.7599999904632568,100,1
16907551,16905600,5830,1990.795704388847,1,0,24.60000038146973,0.7599999904632568,100,1
16909574,16907590,5831,1990.795704388847,1,0,23.70000076293945,0.8500000238418579,100,1
16911574,16909581,5832,1990.795704388847,1,0,22.79999923706055,1.309999942779541,100,1
16913545,16911572,5833,1990.795704388847,1,0,21.45000076293945,1.570000052452087,100,1
16915531,16913563,5834,1990.795704388847,1,0,20.54999923706055,1.590000033378601,100,1
16917492,16915554,5835,1990.795704388847,1,0,19.64999961853027,1.600000023841858,100,1
16919498,16917544,5836,1990.795704388847,1,0,18.75,1.620000004768372,100,1
16921502,16919535,5837,1990.795704388847,1,0,17.85000038146973,1.639999985694885,100,1
16923477,16921526,5838,1990.795704388847,1,0,16.5,1.679999947547913,100,1
16925474,16923517,5839,1990.795704388847,1,0,15.60000038146973,1.730000019073486,100,1
16927448,16925508,5840,1990.795704388847,1,0,14.69999980926514,1.830000042915344,100,1
16929448,16927498,5841,1990.795704388847,1,0,13.78999996185303,2.119999885559082,100,1
16931427,16929489,5842,1990.795704388847,1,0,12.44999980926514,2.079999923706055,100,1
16933424,16931480,5843,1990.795704388847,1,0,11.53999996185303,2.039999961853027,100,1
16935411,16933471,5844,1990.795704388847,1,0,10.64999961853027,1.549999952316284,100,1
16937408,16935462,5845,1990.795704388847,1,0,9.75,1.299999952316284,100,1
16939410,16937452,5846,1990.795704388847,1,0,8.840000152587891,1.279999971389771,100,1
16941395,16939443,5847,1990.795704388847,1,0,7.5,1.269999980926514,100,1
16943393,16941434,5848,1990.795704388847,1,0,6.590000152587891,1.25,100,1
16945399,16943425,5849,1990.795704388847,1,0,5.699999809265137,1.240000009536743,100,1
16947423,16945416,5850,1990.628563511078,1,0,4.800000190734863,1.230000019073486,97,1
16949379,16947407,5851,1990.628563511078,1,0,3.450000047683716,1.220000028610229,100,1
16951406,16949398,5852,1990.628563511078,1,0,2.549999952316284,1.210000038146973,100,1
16953361,16951388,5853,1990.628563511078,1,0,1.649999976158142,1.200000047683716,100,1
16955378,16953379,5854,1990.628563511078,1,0,0.75,1.190000057220459,100,1
16957333,16955369,5855,1990.628563511078,1,0,-0.1400000005960464,1.179999947547913,100,1
16959283,16957360,5856,1990.628563511078,1,0,-1.039999961853027,1.169999957084656,100,1
16961335,16959351,5857,1990.628563511078,1,0,-2.390000104904175,1.169999957084656,100,1
16963327,16961341,5858,1990.628563511078,1,0,-3.299999952316284,1.159999966621399,100,1
16965271,16963332,5859,1990.628563511078,1,0,-4.190000057220459,1.149999976158142,100,1
16967229,16965323,5860,1990.628563511078,1,0,-5.090000152587891,1.149999976158142,100,1
16969226,16967313,5861,1990.628563511078,1,0,-6,1.129999995231628,100,1
16971204,16969304,5862,1990.628563511078,1,0,-7.349999904632568,1.129999995231628,100,1
16973210,16971295,5863,1990.628563511078,1,0,-8.25,1.120000004768372,100,1
16975182,16973285,5864,1990.628563511078,1,0,-9.140000343322754,1.120000004768372,100,1
16977184,16975276,5865,1990.628563511078,1,0,-10.05000019073486,1.110000014305115,100,1
16979190,16977266,5866,1990.628563511078,1,0,-11.39999961853027,1.110000014305115,100,1
16981178,16979257,5867,1990.628563511078,1,0,-12.30000019073486,1.100000023841858,100,1
16983185,16981248,5868,1990.628563511078,1,0,-13.19999980926514,1.100000023841858,100,1
16985246,16983238,5869,1990.628563511078,1,0,-14.10000038146973,1.080000042915344,100,1
16987241,16985229,5870,1990.628563511078,1,0,-14.98999977111816,1.049999952316284,100,1
16989247,16987220,5871,1990.628563511078,1,0,-16.34000015258789,0.6299999952316284,100,1
16991242,16989210,5872,1990.628563511078,1,0,-17.23999977111816,0.4799999892711639,100,1
16993177,16991201,5873,1990.628563511078,1,0,-18.14999961853027,0.4699999988079071,100,1
16995243,16993191,5874,1990.628563511078,1,0,-19.04000091552734,0.4699999988079071,100,1
16997098,16995182,5875,1990.628563511078,1,0,-20.38999938964844,0.4699999988079071,100,1
16999118,16997173,5876,1990.628563511078,1,0,-21.29999923706055,0.4600000083446503,100,1
17001084,16999163,5877,1990.628563511078,1,0,-22.20000076293945,0.449999988079071,100,1
17003086,17001154,5878,1990.628563511078,1,0,-23.09000015258789,0.4399999976158142,100,1
17005061,17003145,5879,1990.628563511078,1,0,-23.98999977111816,0.4600000083446503,100,1
17007060,17005135,5880,1990.628563511078,1,0,-25.34000015258789,0.4600000083446503,100,1
17009060,17007126,5881,1990.628563511078,1,0,-26.23999977111816,0.4600000083446503,100,1
17011040,17009116,5882,1990.628563511078,1,0,-27.13999938964844,0.4699999988079071,100,1
17013033,17011107,5883,1990.628563511078,1,0,-28.04999923706055,0.4799999892711639,100,1
17015077,17013098,5884,1990.628563511078,1,0,-29.38999938964844,0.4600000083446503,97,1
17017046,17015088,5885,1990.628563511078,1,0,-30.29999923706055,0.4600000083446503,100,1
17019011,17017079,5886,1990.628563511078,1,0,-31.19000053405762,0.449999988079071,100,1
17021023,17019070,5887,1990.628563511078,1,0,-31.63999938964844,0.4600000083446503,100,1
17023036,17021060,5888,1990.628563511078,1,0,-32.54999923706055,0.449999988079071,100,1
17025007,17023051,5889,1990.628563511078,1,0,-33,0.449999988079071,100,1
17026992,17025041,5890,1990.628563511078,1,0,-33.43999862670898,0.449999988079071,100,1
17028968,17027032,5891,1990.628563511078,1,0,-33.88999938964844,0.4600000083446503,100,1
17030955,17029023,5892,1990.628563511078,1,0,-34.34000015258789,0.4600000083446503,100,1
17032967,17031013,5893,1990.628563511078,1,0,-34.79999923706055,0.4600000083446503,100,1
17034922,17033004,5894,1990.628563511078,1,0,-35.25,0.4600000083446503,100,1
17036918,17034995,5895,1990.628563511078,1,0,-35.68999862670898,0.4600000083446503,100,1
17038939,17036985,5896,1990.628563511078,1,0,-36.13999938964844,0.4600000083446503,100,1
17040941,17038976,5897,1990.628563511078,1,0,-36.59000015258789,0.4600000083446503,100,1
17042937,17040967,5898,1990.628563511078,1,0,-37.04999923706055,0.4600000083446503,100,1
17044919,17042957,5899,1990.628563511078,1,0,-37.5,0.4699999988079071,100,1
17046856,17044939,5900,1990.234850808862,1,0,-37.93999862670898,0.449999988079071,100,1
17048818,17046929,5901,1990.234850808862,1,0,-37.93999862670898,0.449999988079071,100,1
17050830,17048919,5902,1990.234850808862,1,0,-38.38999938964844,0.4399999976158142,100,1
17052827,17050909,5903,1990.234850808862,1,0,-38.84000015258789,0.449999988079071,100,1
17054791,17052900,5904,1990.234850808862,1,0,-39.29999923706055,0.449999988079071,100,1
17056806,17054890,5905,1990.234850808862,1,0,-39.29999923706055,0.449999988079071,100,1
17058819,17056880,5906,1990.234850808862,1,0,-39.75,0.449999988079071,100,1
17060769,17058870,5907,1990.234850808862,1,0,-40.18999862670898,0.4600000083446503,100,1
17062779,17060860,5908,1990.234850808862,1,0,-40.18999862670898,0.4600000083446503,100,1
17064817,17062851,5909,1990.234850808862,1,0,-40.63999938964844,0.4699999988079071,100,1
17066779,17064841,5910,1990.234850808862,1,0,-41.09999847412109,0.4699999988079071,100,1
17068779,17066831,5911,1990.234850808862,1,0,-41.09999847412109,0.4799999892711639,100,1
17070779,17068821,5912,1990.234850808862,1,0,-41.54999923706055,0.4699999988079071,100,1
17072755,17070812,5913,1990.234850808862,1,0,-41.54999923706055,0.4699999988079071,100,1
17074767,17072802,5914,1990.234850808862,1,0,-41.9900016784668,0.4699999988079071,100,1
17076723,17074792,5915,1990.234850808862,1,0,-41.9900016784668,0.4699999988079071,100,1
17078770,17076782,5916,1990.234850808862,1,0,-42.43999862670898,0.4799999892711639,100,1
17080746,17078773,5917,1990.234850808862,1,0,-42.90000152587891,0.4600000083446503,100,1
17082735,17080763,5918,1990.234850808862,1,0,-42.90000152587891,0.4799999892711639,100,1
17084723,17082753,5919,1990.234850808862,1,0,-43.34999847412109,0.4600000083446503,100,1
17086702,17084743,5920,1990.234850808862,1,0,-45.75,0.4799999892711639,100,1
17088704,17086734,5921,1990.234850808862,1,0,-46.20000076293945,0.4900000095367432,100,1
17090710,17088724,5922,1990.234850808862,1,0,-45.75,0.5,100,1
17092721,17090714,5923,1990.234850808862,1,0,-45.75,0.5,100,1
17094678,17092704,5924,1990.234850808862,1,0,-45.29999923706055,0.5,100,1
17096664,17094694,5925,1990.234850808862,1,0,-45.29999923706055,0.5,100,1
17098649,17096685,5926,1990.234850808862,1,0,-44.84999847412109,0.5,100,1
17100637,17098675,5927,1990.234850808862,1,0,-44.84999847412109,0.5,100,1
17102709,17100665,5928,1990.234850808862,1,0,-44.40000152587891,0.4900000095367432,100,1
17104655,17102655,5929,1990.234850808862,1,0,-43.95000076293945,0.4799999892711639,100,1
17106594,17104646,5930,1990.234850808862,1,0,-43.95000076293945,0.4699999988079071,100,1
17108632,17106636,5931,1990.234850808862,1,0,-43.5,0.4699999988079071,100,1
17110605,17108626,5932,1990.234850808862,1,0,-43.5,0.4699999988079071,100,1
17112603,17110616,5933,1990.234850808862,1,0,-43.04999923706055,0.4799999892711639,100,1
17114584,17112607,5934,1990.234850808862,1,0,-42.59999847412109,0.4699999988079071,100,1
17116490,17114597,5935,1990.234850808862,1,0,-42.59999847412109,0.4699999988079071,100,1
17118469,17116587,5936,1990.234850808862,1,0,-42.15000152587891,0.4799999892711639,100,1
17120454,17118577,5937,1990.234850808862,1,0,-41.70000076293945,0.4600000083446503,100,1
17122442,17120568,5938,1990.234850808862,1,0,-41.70000076293945,0.4600000083446503,100,1
17124415,17122558,5939,1990.234850808862,1,0,-41.25,0.4699999988079071,100,1
17126432,17124548,5940,1990.234850808862,1,0,-40.79999923706055,0.4600000083446503,100,1
17128418,17126538,5941,1990.234850808862,1,0,-40.79999923706055,0.4399999976158142,100,1
17130390,17128528,5942,1990.234850808862,1,0,-40.34000015258789,0.4399999976158142,100,1
17132438,17130519,5943,1990.234850808862,1,0,-39.90000152587891,0.449999988079071,100,1
17134399,17132509,5944,1990.234850808862,1,0,-39.45000076293945,0.449999988079071,100,1
17136378,17134499,5945,1990.234850808862,1,0,-39,0.449999988079071,100,1
17138363,17136489,5946,1990.234850808862,1,0,-38.54999923706055,0.4600000083446503,100,1
17140413,17138480,5947,1990.234850808862,1,0,-38.54999923706055,0.4699999988079071,100,1
17142389,17140470,5948,1990.234850808862,1,0,-38.09000015258789,0.4699999988079071,100,1
17144355,17142460,5949,1990.234850808862,1,0,-37.65000152587891,0.4600000083446503,100,1
17146350,17144440,5950,1990.16388064709,1,0,-37.20000076293945,0.4600000083446503,100,1
17148303,17146430,5951,1990.16388064709,1,0,-36.75,0.4600000083446503,100,1
17150278,17148421,5952,1990.16388064709,1,0,-35.84000015258789,0.4600000083446503,100,1
17152256,17150411,5953,1990.16388064709,1,0,-35.40000152587891,0.4600000083446503,100,1
17154262,17152401,5954,1990.16388064709,1,0,-34.95000076293945,0.449999988079071,100,1
17156247,17154391,5955,1990.16388064709,1,0,-34.5,0.449999988079071,100,1
17158220,17156381,5956,1990.16388064709,1,0,-33.59000015258789,0.449999988079071,100,1
17160182,17158371,5957,1990.16388064709,1,0,-32.70000076293945,0.4600000083446503,100,1
17162246,17160362,5958,1990.16388064709,1,0,-31.79999923706055,0.449999988079071,100,1
17164215,17162352,5959,1990.16388064709,1,0,-30.89999961853027,0.4600000083446503,100,1
17166182,17164342,5960,1990.16388064709,1,0,-29.54999923706055,0.4600000083446503,100,1
17168180,17166332,5961,1990.16388064709,1,0,-28.64999961853027,0.4699999988079071,100,1
17170159,17168322,5962,1990.16388064709,1,0,-27.75,0.4799999892711639,100,1
17172149,17170312,5963,1990.16388064709,1,0,-26.85000038146973,0.4799999892711639,100,1
17174138,17172303,5964,1990.16388064709,1,0,-25.95000076293945,0.4699999988079071,100,1
17176121,17174293,5965,1990.16388064709,1,0,-24.60000038146973,0.4699999988079071,100,1
17178118,17176283,5966,1990.16388064709,1,0,-23.70000076293945,0.4699999988079071,100,1
17180135,17178273,5967,1990.16388064709,1,0,-22.79999923706055,0.4699999988079071,100,1
17182120,17180263,5968,1990.16388064709,1,0,-21.89999961853027,0.4799999892711639,100,1
17184115,17182253,5969,1990.16388064709,1,0,-20.54999923706055,0.4900000095367432,100,1
17186113,17184244,5970,1990.16388064709,1,0,-19.64999961853027,0.5,100,1
17188136,17186234,5971,1990.16388064709,1,0,-18.75,0.5099999904632568,100,1
17193964,17188224,5972,1990.16388064709,1,0,-17.85000038146973,0.5199999809265137,100,1
17194059,17190214,5973,1990.16388064709,1,0,-16.95000076293945,0.5600000023841858,100,1
17194749,17192204,5974,1990.16388064709,1,0,-15.60000038146973,0.949999988079071,100,1
17196168,17194194,5975,1990.16388064709,1,0,-14.69999980926514,1.100000023841858,100,1
17198065,17196185,5976,1990.16388064709,1,0,-13.78999996185303,1.100000023841858,100,1
17200028,17198175,5977,1990.16388064709,1,0,-12.89999961853027,1.110000014305115,100,1
17202038,17200165,5978,1990.16388064709,1,0,-11.53999996185303,1.110000014305115,100,1
17204042,17202155,5979,1990.16388064709,1,0,-10.64999961853027,1.120000004768372,100,1
17206018,17204145,5980,1990.16388064709,1,0,-9.75,1.120000004768372,100,1
17208027,17206135,5981,1990.16388064709,1,0,-8.840000152587891,1.120000004768372,100,1
17210014,17208126,5982,1990.16388064709,1,0,-7.949999809265137,1.129999995231628,100,1
17212030,17210116,5983,1990.16388064709,1,0,-6.590000152587891,1.139999985694885,100,1
17214025,17212106,5984,1990.16388064709,1,0,-5.699999809265137,1.139999985694885,100,1
17215992,17214096,5985,1990.16388064709,1,0,-4.800000190734863,1.149999976158142,100,1
17218020,17216086,5986,1990.16388064709,1,0,-3.900000095367432,1.159999966621399,100,1
17219982,17218076,5987,1990.16388064709,1,0,-2.549999952316284,1.159999966621399,100,1
17221972,17220067,5988,1990.16388064709,1,0,-1.649999976158142,1.179999947547913,100,1
17223977,17222057,5989,1990.16388064709,1,0,-0.75,1.179999947547913,100,1
17225972,17224047,5990,1990.16388064709,1,0,0.1400000005960464,1.190000057220459,100,1
17227965,17226037,5991,1990.16388064709,1,0,1.039999961853027,1.200000047683716,100,1
17229938,17228027,5992,1990.16388064709,1,0,1.940000057220459,1.210000038146973,100,1
17231931,17230017,5993,1990.16388064709,1,0,3.299999952316284,1.220000028610229,100,1
17233943,17232008,5994,1990.16388064709,1,0,4.190000057220459,1.230000019073486,100,1
17235933,17233998,5995,1990.16388064709,1,0,5.090000152587891,1.25,100,1
17237952,17235988,5996,1990.16388064709,1,0,6,1.259999990463257,100,1
17239881,17237978,5997,1990.16388064709,1,0,7.349999904632568,1.269999980926514,100,1
17242008,17239968,5998,1990.16388064709,1,0,8.25,1.279999971389771,100,1
17243876,17241958,5999,1990.16388064709,1,0,9.140000343322754,1.320000052452087,100,1
17246004,17243954,6000,1990.747104517672,1,0,10.05000019073486,1.980000019073486,100,1
17247936,17245945,6001,1990.747104517672,1,0,10.94999980926514,2.069999933242798,100,1
17249888,17247936,6002,1990.747104517672,1,0,12.30000019073486,2.109999895095825,100,1
17251851,17249926,6003,1990.747104517672,1,0,13.19999980926514,2.029999971389771,100,1
17254461,17251917,6004,1990.747104517672,1,0,14.10000038146973,1.769999980926514,100,1
17255873,17253908,6005,1990.747104517672,1,0,14.98999977111816,1.720000028610229,100,1
17257832,17255899,6006,1990.747104517672,1,0,16.34000015258789,1.679999947547913,100,1
17259799,17257889,6007,1990.747104517672,1,0,17.23999977111816,1.649999976158142,100,1
17261877,17259880,6008,1990.747104517672,1,0,18.14999961853027,1.620000004768372,100,1
17263798,17261871,6009,1990.747104517672,1,0,19.04000091552734,1.600000023841858,100,1
17265758,17263862,6010,1990.747104517672,1,0,19.94000053405762,1.590000033378601,100,1
17267784,17265852,6011,1990.747104517672,1,0,21.29999923706055,1.440000057220459,100,1
17269709,17267843,6012,1990.747104517672,1,0,22.20000076293945,654.3599853515625,0,0
17271701,17269834,6013,1990.747104517672,1,0,23.09000015258789,0.7699999809265137,100,1
17273719,17271825,6014,1990.747104517672,1,0,23.98999977111816,0.7599999904632568,100,1
17275718,17273815,6015,1990.747104517672,1,0,25.34000015258789,0.7599999904632568,100,1
17277702,17275806,6016,1990.747104517672,1,0,26.23999977111816,0.7599999904632568,100,1
17279659,17277797,6017,1990.747104517672,1,0,27.13999938964844,0.75,100,1
17281641,17279788,6018,1990.747104517672,1,0,28.04999923706055,0.7599999904632568,100,1
17283650,17281778,6019,1990.747104517672,1,0,28.95000076293945,0.7699999809265137,100,1
17285611,17283769,6020,1990.747104517672,1,0,30.29999923706055,0.800000011920929,100,1
17287626,17285760,6021,1990.747104517672,1,0,31.19000053405762,1.039999961853027,100,1
17289767,17287750,6022,1990.747104517672,1,0,31.63999938964844,1.059999942779541,100,1
17291765,17289741,6023,1990.747104517672,1,0,32.54999923706055,1.039999961853027,100,1
17293770,17291732,6024,1990.747104517672,1,0,33,1.129999995231628,100,1
17295771,17293723,6025,1990.747104517672,1,0,33.43999862670898,1.110000014305115,100,1
17297776,17295713,6026,1990.747104517672,1,0,33.88999938964844,1.120000004768372,100,1
17299727,17297704,6027,1990.747104517672,1,0,34.34000015258789,1.110000014305115,100,1
17301785,17299695,6028,1990.747104517672,1,0,34.79999923706055,1.120000004768372,100,1
17303731,17301686,6029,1990.747104517672,1,0,35.25,1.120000004768372,100,1
17305715,17303676,6030,1990.747104517672,1,0,35.68999862670898,1.110000014305115,100,1
17307717,17305667,6031,1990.747104517672,1,0,36.13999938964844,1.110000014305115,100,1
17309697,17307658,6032,1990.747104517672,1,0,36.59000015258789,1.120000004768372,100,1
17311642,17309649,6033,1990.747104517672,1,0,37.04999923706055,1.110000014305115,100,1
17313670,17311639,6034,1990.747104517672,1,0,37.5,1.120000004768372,100,1
17315651,17313630,6035,1990.747104517672,1,0,37.93999862670898,1.110000014305115,100,1
17317633,17315621,6036,1990.747104517672,1,0,37.93999862670898,1.100000023841858,100,1
17319614,17317612,6037,1990.747104517672,1,0,38.38999938964844,1.110000014305115,100,1
17321616,17319602,6038,1990.747104517672,1,0,38.84000015258789,1.100000023841858,100,1
17323621,17321593,6039,1990.747104517672,1,0,39.29999923706055,1.100000023841858,100,1
17325571,17323584,6040,1990.747104517672,1,0,39.29999923706055,1.100000023841858,100,1
17327617,17325575,6041,1990.747104517672,1,0,39.75,1.100000023841858,100,1
17329584,17327565,6042,1990.747104517672,1,0,40.18999862670898,1.100000023841858,100,1
17331611,17329556,6043,1990.747104517672,1,0,40.18999862670898,1.090000033378601,100,1
17333557,17331547,6044,1990.747104517672,1,0,40.63999938964844,1.090000033378601,100,1
17335534,17333538,6045,1990.747104517672,1,0,40.63999938964844,1.090000033378601,100,1
17337499,17335528,6046,1990.747104517672,1,0,41.09999847412109,1.080000042915344,100,1
17339501,17337519,6047,1990.747104517672,1,0,41.54999923706055,1.080000042915344,100,1
17341467,17339510,6048,1990.747104517672,1,0,41.54999923706055,1.080000042915344,100,1
17343464,17341501,6049,1990.747104517672,1,0,41.9900016784668,1.080000042915344,100,1
17345443,17343487,6050,1990.353683614138,1,0,41.9900016784668,1.080000042915344,100,1
17347440,17345477,6051,1990.353683614138,1,0,42.43999862670898,1.070000052452087,100,1
17349447,17347467,6052,1990.353683614138,1,0,42.90000152587891,1.080000042915344,100,1
17351430,17349458,6053,1990.353683614138,1,0,42.90000152587891,1.070000052452087,100,1
17353474,17351448,6054,1990.353683614138,1,0,43.34999847412109,1.070000052452087,100,1
17355492,17353438,6055,1990.353683614138,1,0,45.75,1.070000052452087,100,1
17357434,17355429,6056,1990.353683614138,1,0,45.75,1.070000052452087,100,1
17359435,17357419,6057,1990.353683614138,1,0,45.75,1.070000052452087,100,1
17361405,17359409,6058,1990.353683614138,1,0,45.29999923706055,1.059999942779541,100,1
17363426,17361400,6059,1990.353683614138,1,0,44.84999847412109,1.059999942779541,100,1
17365390,17363390,6060,1990.353683614138,1,0,44.84999847412109,1.059999942779541,100,1
17367343,17365380,6061,1990.353683614138,1,0,44.40000152587891,1.059999942779541,100,1
17369361,17367371,6062,1990.353683614138,1,0,44.40000152587891,1.070000052452087,100,1
17371394,17369361,6063,1990.353683614138,1,0,43.95000076293945,1.080000042915344,100,1
17373329,17371352,6064,1990.353683614138,1,0,43.95000076293945,1.070000052452087,100,1
17375329,17373342,6065,1990.353683614138,1,0,43.5,1.080000042915344,100,1
17377307,17375332,6066,1990.353683614138,1,0,43.04999923706055,1.080000042915344,100,1
17379315,17377323,6067,1990.353683614138,1,0,43.04999923706055,1.080000042915344,100,1
17381346,17379313,6068,1990.353683614138,1,0,42.59999847412109,1.090000033378601,100,1
17383324,17381303,6069,1990.353683614138,1,0,42.15000152587891,1.080000042915344,100,1
17385323,17383294,6070,1990.353683614138,1,0,42.15000152587891,1.090000033378601,100,1
17387329,17385284,6071,1990.353683614138,1,0,41.70000076293945,1.090000033378601,100,1
17389318,17387274,6072,1990.353683614138,1,0,41.25,1.090000033378601,100,1
17391309,17389265,6073,1990.353683614138,1,0,41.25,1.100000023841858,100,1
17393241,17391255,6074,1990.353683614138,1,0,40.79999923706055,1.090000033378601,100,1
17395238,17393245,6075,1990.353683614138,1,0,40.34000015258789,1.100000023841858,100,1
17397243,17395236,6076,1990.353683614138,1,0,39.90000152587891,1.110000014305115,100,1
17399248,17397226,6077,1990.353683614138,1,0,39.90000152587891,1.120000004768372,100,1
17401249,17399216,6078,1990.353683614138,1,0,39.45000076293945,1.110000014305115,100,1
17403263,17401207,6079,1990.353683614138,1,0,39,1.120000004768372,100,1
17405179,17403197,6080,1990.353683614138,1,0,38.54999923706055,1.120000004768372,100,1
17407161,17405188,6081,1990.353683614138,1,0,38.09000015258789,1.120000004768372,100,1
17409161,17407178,6082,1990.353683614138,1,0,37.65000152587891,1.120000004768372,100,1
17411161,17409168,6083,1990.353683614138,1,0,37.20000076293945,1.120000004768372,100,1
17413138,17411159,6084,1990.353683614138,1,0,36.75,1.120000004768372,100,1
17415148,17413149,6085,1990.353683614138,1,0,36.29999923706055,1.120000004768372,100,1
17417118,17415139,6086,1990.353683614138,1,0,35.84000015258789,1.120000004768372,100,1
17419137,17417130,6087,1990.353683614138,1,0,35.40000152587891,1.120000004768372,100,1
17421121,17419120,6088,1990.353683614138,1,0,34.5,1.110000014305115,100,1
17423118,17421110,6089,1990.353683614138,1,0,34.04999923706055,1.019999980926514,100,1
17425080,17423101,6090,1990.353683614138,1,0,33.13999938964844,1.059999942779541,100,1
17427075,17425091,6091,1990.353683614138,1,0,32.25,1.100000023841858,100,1
17429085,17427081,6092,1990.353683614138,1,0,31.35000038146973,0.9700000286102295,100,1
17431051,17429072,6093,1990.353683614138,1,0,30.45000076293945,0.8100000023841858,100,1
17433093,17431062,6094,1990.353683614138,1,0,29.10000038146973,0.7599999904632568,100,1
17435061,17433052,6095,1990.353683614138,1,0,28.20000076293945,0.7599999904632568,100,1
17437061,17435043,6096,1990.353683614138,1,0,27.29999923706055,0.7599999904632568,100,1
17439047,17437033,6097,1990.353683614138,1,0,26.39999961853027,0.75,100,1
17441054,17439024,6098,1990.353683614138,1,0,25.5,0.7599999904632568,100,1
17443013,17441014,6099,1990.353683614138,1,0,24.14999961853027,0.7699999809265137,100,1
17444967,17443001,6100,1990.378946891311,1,0,23.25,654.3599853515625,0,0
17446994,17444991,6101,1990.378946891311,1,0,22.35000038146973,1.450000047683716,100,1
17448998,17446981,6102,1990.378946891311,1,0,21.45000076293945,1.580000042915344,100,1
17451013,17448972,6103,1990.378946891311,1,0,20.10000038146973,1.580000042915344,100,1
17452980,17450962,6104,1990.378946891311,1,0,19.20000076293945,1.610000014305115,100,1
17454947,17452952,6105,1990.378946891311,1,0,18.29999923706055,1.620000004768372,100,1
17456951,17454943,6106,1990.378946891311,1,0,17.39999961853027,1.659999966621399,100,1
17458931,17456933,6107,1990.378946891311,1,0,16.5,1.690000057220459,100,1
17460932,17458924,6108,1990.378946891311,1,0,15.14999961853027,1.75,100,1
17462926,17460914,6109,1990.378946891311,1,0,14.23999977111816,1.960000038146973,100,1
17464908,17462904,6110,1990.378946891311,1,0,13.35000038146973,2.109999895095825,100,1
17466917,17464895,6111,1990.378946891311,1,0,12.44999980926514,2.069999933242798,100,1
17468897,17466885,6112,1990.378946891311,1,0,11.10000038146973,2,100,1
17470869,17468875,6113,1990.378946891311,1,0,10.19999980926514,1.330000042915344,100,1
17472871,17470866,6114,1990.378946891311,1,0,9.289999961853027,1.289999961853027,100,1
17474879,17472856,6115,1990.378946891311,1,0,8.390000343322754,1.279999971389771,100,1
17476838,17474847,6116,1990.378946891311,1,0,7.5,1.269999980926514,100,1
17478853,17476837,6117,1990.378946891311,1,0,6.139999866485596,1.25,100,1
17480827,17478827,6118,1990.378946891311,1,0,5.25,1.240000009536743,100,1
17482827,17480818,6119,1990.378946891311,1,0,4.349999904632568,1.220000028610229,100,1
17484805,17482808,6120,1990.378946891311,1,0,3.450000047683716,1.210000038146973,100,1
17486809,17484798,6121,1990.378946891311,1,0,2.089999914169312,1.200000047683716,100,1
17488782,17486789,6122,1990.378946891311,1,0,1.200000047683716,1.190000057220459,100,1
17490779,17488779,6123,1990.378946891311,1,0,0.300000011920929,1.179999947547913,100,1
17492781,17490770,6124,1990.378946891311,1,0,-0.5899999737739563,1.169999957084656,100,1
17494750,17492760,6125,1990.378946891311,1,0,-1.490000009536743,1.169999957084656,100,1
17496726,17494750,6126,1990.378946891311,1,0,-2.390000104904175,1.159999966621399,100,1
17498721,17496741,6127,1990.378946891311,1,0,-3.740000009536743,1.159999966621399,100,1
17500713,17498731,6128,1990.378946891311,1,0,-4.639999866485596,1.139999985694885,100,1
17502682,17500722,6129,1990.378946891311,1,0,-5.550000190734863,1.139999985694885,100,1
17504686,17502712,6130,1990.378946891311,1,0,-6.449999809265137,1.129999995231628,100,1
17506727,17504702,6131,1990.378946891311,1,0,-7.349999904632568,1.120000004768372,100,1
17508697,17506693,6132,1990.378946891311,1,0,-8.699999809265137,1.120000004768372,100,1
17510707,17508683,6133,1990.378946891311,1,0,-9.590000152587891,1.110000014305115,100,1
17512720,17510673,6134,1990.378946891311,1,0,-10.5,1.110000014305115,100,1
17514694,17512664,6135,1990.378946891311,1,0,-11.39999961853027,1.110000014305115,100,1
17516679,17514654,6136,1990.378946891311,1,0,-12.75,1.100000023841858,100,1
17518716,17516645,6137,1990.378946891311,1,0,-13.64999961853027,1.100000023841858,100,1
17520847,17518635,6138,1990.378946891311,1,0,-14.55000019073486,1.080000042915344,100,1
17522643,17520625,6139,1990.378946891311,1,0,-15.44999980926514,0.8899999856948853,100,1
17524627,17522616,6140,1990.378946891311,1,0,-16.34000015258789,0.7799999713897705,100,1
17526578,17524606,6141,1990.378946891311,1,0,-17.69000053405762,0.7400000095367432,100,1
17528572,17526596,6142,1990.378946891311,1,0,-18.59000015258789,0.6200000047683716,100,1
17530555,17528587,6143,1990.378946891311,1,0,-19.48999977111816,0.6000000238418579,100,1
17532534,17530577,6144,1990.378946891311,1,0,-20.38999938964844,0.5799999833106995,100,1
17534527,17532568,6145,1990.378946891311,1,0,-21.73999977111816,0.5899999737739563,100,1
17536654,17534558,6146,1990.378946891311,1,0,-22.63999938964844,0.7099999785423279,100,1
17538579,17536548,6147,1990.378946891311,1,0,-23.54999923706055,0.6200000047683716,100,1
17540579,17538539,6148,1990.378946891311,1,0,-24.45000076293945,0.5699999928474426,100,1
17542581,17540529,6149,1990.378946891311,1,0,-25.34000015258789,0.5400000214576721,100,1
17544576,17542525,6150,1990.739157513049,1,0,-26.70000076293945,0.5099999904632568,100,1
17546549,17544516,6151,1990.739157513049,1,0,-27.59000015258789,0.4900000095367432,100,1
17548555,17546507,6152,1990.739157513049,1,0,-28.48999977111816,0.5,100,1
17550531,17548497,6153,1990.739157513049,1,0,-29.38999938964844,0.4900000095367432,100,1
17552544,17550488,6154,1990.739157513049,1,0,-30.73999977111816,0.4900000095367432,100,1
17554563,17552479,6155,1990.739157513049,1,0,-31.19000053405762,0.4799999892711639,100,1
17556495,17554470,6156,1990.739157513049,1,0,-32.09000015258789,0.4699999988079071,100,1
17558471,17556460,6157,1990.739157513049,1,0,-32.54999923706055,0.4799999892711639,100,1
17560465,17558451,6158,1990.739157513049,1,0,-33.43999862670898,0.4799999892711639,100,1
17562439,17560442,6159,1990.739157513049,1,0,-33.88999938964844,0.4799999892711639,100,1
17564440,17562433,6160,1990.739157513049,1,0,-34.34000015258789,0.4799999892711639,100,1
17566452,17564423,6161,1990.739157513049,1,0,-34.79999923706055,0.4799999892711639,100,1
17568416,17566414,6162,1990.739157513049,1,0,-35.25,0.4799999892711639,100,1
17570416,17568405,6163,1990.739157513049,1,0,-35.68999862670898,0.4900000095367432,100,1
17572448,17570395,6164,1990.739157513049,1,0,-36.13999938964844,0.4699999988079071,100,1
17574403,17572386,6165,1990.739157513049,1,0,-36.59000015258789,0.4600000083446503,100,1
17576418,17574377,6166,1990.739157513049,1,0,-37.04999923706055,0.4699999988079071,100,1
17578361,17576368,6167,1990.739157513049,1,0,-37.04999923706055,0.4399999976158142,100,1
17580363,17578358,6168,1990.739157513049,1,0,-37.5,0.4600000083446503,100,1
17582365,17580349,6169,1990.739157513049,1,0,-37.93999862670898,0.4600000083446503,100,1
17584340,17582340,6170,1990.739157513049,1,0,-38.38999938964844,0.4699999988079071,100,1
17586346,17584331,6171,1990.739157513049,1,0,-38.38999938964844,0.4799999892711639,100,1
17588315,17586321,6172,1990.739157513049,1,0,-38.84000015258789,0.4699999988079071,100,1
17590377,17588312,6173,1990.739157513049,1,0,-39.29999923706055,0.4900000095367432,100,1
17592377,17590303,6174,1990.739157513049,1,0,-39.75,0.4699999988079071,100,1
17594314,17592294,6175,1990.739157513049,1,0,-39.75,0.4699999988079071,100,1
17596302,17594284,6176,1990.739157513049,1,0,-40.18999862670898,0.4799999892711639,100,1
17598276,17596275,6177,1990.739157513049,1,0,-40.63999938964844,0.4699999988079071,100,1
17600271,17598266,6178,1990.739157513049,1,0,-40.63999938964844,0.4799999892711639,100,1
17602279,17600257,6179,1990.739157513049,1,0,-41.09999847412109,0.5,100,1
17604279,17602247,6180,1990.739157513049,1,0,-41.09999847412109,0.5,100,1
17606280,17604238,6181,1990.739157513049,1,0,-41.54999923706055,0.5099999904632568,100,1
17608340,17606229,6182,1990.739157513049,1,0,-41.9900016784668,0.5099999904632568,100,1
17610259,17608220,6183,1990.739157513049,1,0,-41.9900016784668,0.5099999904632568,100,1
17612338,17610210,6184,1990.739157513049,1,0,-42.43999862670898,0.5199999809265137,100,1
17614256,17612201,6185,1990.739157513049,1,0,-42.43999862670898,0.5099999904632568,100,1
17616332,17614192,6186,1990.739157513049,1,0,-42.90000152587891,0.5099999904632568,100,1
17618213,17616182,6187,1990.739157513049,1,0,-42.90000152587891,0.5099999904632568,100,1
17620195,17618173,6188,1990.739157513049,1,0,-43.34999847412109,0.5199999809265137,100,1
17622196,17620164,6189,1990.739157513049,1,0,-45.75,0.5199999809265137,100,1
17624186,17622155,6190,1990.739157513049,1,0,-46.20000076293945,0.5199999809265137,100,1
17626168,17624145,6191,1990.739157513049,1,0,-45.75,0.5199999809265137,100,1
17628183,17626136,6192,1990.739157513049,1,0,-45.75,0.5199999809265137,100,1
17630130,17628127,6193,1990.739157513049,1,0,-45.29999923706055,0.5299999713897705,100,1
17632118,17630118,6194,1990.739157513049,1,0,-44.84999847412109,0.5199999809265137,100,1
17634096,17632108,6195,1990.739157513049,1,0,-44.84999847412109,0.5199999809265137,100,1
17636124,17634099,6196,1990.739157513049,1,0,-44.40000152587891,0.5199999809265137,100,1
17638137,17636090,6197,1990.739157513049,1,0,-44.40000152587891,0.5199999809265137,100,1
17640133,17638081,6198,1990.739157513049,1,0,-43.95000076293945,0.5099999904632568,100,1
17642133,17640071,6199,1990.739157513049,1,0,-43.95000076293945,0.5099999904632568,100,1
17644135,17642069,6200,1990.827326010439,1,0,-43.5,0.5099999904632568,100,1
17646098,17644060,6201,1990.827326010439,1,0,-43.04999923706055,0.5099999904632568,100,1
17648047,17646051,6202,1990.827326010439,1,0,-43.04999923706055,0.5,100,1
17650028,17648042,6203,1990.827326010439,1,0,-42.59999847412109,0.5099999904632568,100,1
17652034,17650033,6204,1990.827326010439,1,0,-42.15000152587891,0.5099999904632568,100,1
17654037,17652024,6205,1990.827326010439,1,0,-42.15000152587891,0.5,100,1
17656025,17654014,6206,1990.827326010439,1,0,-41.70000076293945,0.5,100,1
17658011,17656005,6207,1990.827326010439,1,0,-41.25,0.4799999892711639,100,1
17660034,17657996,6208,1990.827326010439,1,0,-41.25,0.4699999988079071,100,1
17662024,17659987,6209,1990.827326010439,1,0,-40.79999923706055,0.4799999892711639,100,1
17663982,17661978,6210,1990.827326010439,1,0,-40.34000015258789,0.4699999988079071,100,1
17665968,17663968,6211,1990.827326010439,1,0,-39.90000152587891,0.4799999892711639,100,1
17667944,17665959,6212,1990.827326010439,1,0,-39.90000152587891,0.4699999988079071,100,1
17669940,17667950,6213,1990.827326010439,1,0,-39.45000076293945,0.4699999988079071,97,1
17671925,17669941,6214,1990.827326010439,1,0,-39,0.4600000083446503,100,1
17673919,17671932,6215,1990.827326010439,1,0,-38.54999923706055,0.4600000083446503,100,1
17675912,17673923,6216,1990.827326010439,1,0,-38.09000015258789,0.449999988079071,100,1
17677921,17675913,6217,1990.827326010439,1,0,-37.65000152587891,0.449999988079071,100,1
17679894,17677904,6218,1990.827326010439,1,0,-37.20000076293945,0.449999988079071,100,1
17681906,17679895,6219,1990.827326010439,1,0,-36.75,0.4699999988079071,100,1
17683909,17681886,6220,1990.827326010439,1,0,-36.29999923706055,0.4900000095367432,100,1
17685890,17683877,6221,1990.827326010439,1,0,-35.84000015258789,0.4799999892711639,100,1
17687896,17685868,6222,1990.827326010439,1,0,-35.40000152587891,0.4799999892711639,100,1
17689867,17687858,6223,1990.827326010439,1,0,-34.95000076293945,0.4799999892711639,100,1
17691853,17689849,6224,1990.827326010439,1,0,-34.04999923706055,0.4799999892711639,97,1
17693849,17691840,6225,1990.827326010439,1,0,-33.13999938964844,0.4799999892711639,100,1
17695842,17693831,6226,1990.827326010439,1,0,-32.25,0.4799999892711639,100,1
17697813,17695822,6227,1990.827326010439,1,0,-31.35000038146973,0.4799999892711639,100,1
17699805,17697813,6228,1990.827326010439,1,0,-30.45000076293945,0.4900000095367432,100,1
17701812,17699803,6229,1990.827326010439,1,0,-29.54999923706055,0.4900000095367432,100,1
17703783,17701794,6230,1990.827326010439,1,0,-28.20000076293945,0.5,100,1
17705775,17703785,6231,1990.827326010439,1,0,-27.29999923706055,0.5099999904632568,100,1
17707793,17705776,6232,1990.827326010439,1,0,-26.39999961853027,0.5400000214576721,100,1
17709787,17707767,6233,1990.827326010439,1,0,-25.5,0.6000000238418579,100,1
17711766,17709758,6234,1990.827326010439,1,0,-24.60000038146973,0.6399999856948853,100,1
17713816,17711748,6235,1990.827326010439,1,0,-23.25,0.6100000143051147,100,1
17715742,17713739,6236,1990.827326010439,1,0,-22.35000038146973,0.5899999737739563,100,1
17717732,17715730,6237,1990.827326010439,1,0,-21.45000076293945,0.5899999737739563,100,1
17719723,17717721,6238,1990.827326010439,1,0,-20.54999923706055,0.5899999737739563,100,1
17721733,17719712,6239,1990.827326010439,1,0,-19.20000076293945,0.6100000143051147,100,1
17723710,17721702,6240,1990.827326010439,1,0,-18.29999923706055,0.6800000071525574,100,1
17725709,17723693,6241,1990.827326010439,1,0,-17.39999961853027,0.7599999904632568,100,1
17727707,17725684,6242,1990.827326010439,1,0,-16.5,0.7900000214576721,100,1
17729701,17727675,6243,1990.827326010439,1,0,-15.60000038146973,0.9599999785423279,100,1
17731699,17729666,6244,1990.827326010439,1,0,-14.23999977111816,1.090000033378601,100,1
17733685,17731657,6245,1990.827326010439,1,0,-13.35000038146973,1.100000023841858,100,1
17735685,17733647,6246,1990.827326010439,1,0,-12.44999980926514,1.110000014305115,100,1
17737665,17735638,6247,1990.827326010439,1,0,-11.53999996185303,1.110000014305115,100,1
17739670,17737629,6248,1990.827326010439,1,0,-10.19999980926514,1.120000004768372,100,1
17741687,17739620,6249,1990.827326010439,1,0,-9.289999961853027,1.120000004768372,100,1
17743636,17741613,6250,1990.665860808351,1,0,-8.390000343322754,1.129999995231628,100,1
17745621,17743604,6251,1990.665860808351,1,0,-7.5,1.129999995231628,100,1
17747637,17745595,6252,1990.665860808351,1,0,-6.139999866485596,1.139999985694885,100,1
17749584,17747585,6253,1990.665860808351,1,0,-5.25,1.139999985694885,100,1
17751608,17749576,6254,1990.665860808351,1,0,-4.349999904632568,1.149999976158142,100,1
17753600,17751567,6255,1990.665860808351,1,0,-3.450000047683716,1.159999966621399,100,1
17755592,17753557,6256,1990.665860808351,1,0,-2.549999952316284,1.169999957084656,100,1
17757585,17755548,6257,1990.665860808351,1,0,-1.200000047683716,1.179999947547913,100,1
17759564,17757539,6258,1990.665860808351,1,0,-0.300000011920929,1.190000057220459,100,1
17761552,17759529,6259,1990.665860808351,1,0,0.5899999737739563,1.190000057220459,100,1
17763542,17761520,6260,1990.665860808351,1,0,1.490000009536743,1.200000047683716,100,1
17765566,17763511,6261,1990.665860808351,1,0,2.390000104904175,1.220000028610229,100,1
17767534,17765501,6262,1990.665860808351,1,0,3.299999952316284,1.230000019073486,100,1
17769492,17767492,6263,1990.665860808351,1,0,4.639999866485596,1.230000019073486,100,1
17771470,17769483,6264,1990.665860808351,1,0,5.550000190734863,1.25,100,1
17773453,17771473,6265,1990.665860808351,1,0,6.449999809265137,1.259999990463257,100,1
17775452,17773464,6266,1990.665860808351,1,0,7.349999904632568,1.279999971389771,100,1
17777440,17775455,6267,1990.665860808351,1,0,8.699999809265137,1.289999961853027,100,1
17779420,17777445,6268,1990.665860808351,1,0,9.590000152587891,1.529999971389771,100,1
17781436,17779436,6269,1990.665860808351,1,0,10.5,2.039999961853027,100,1
17783399,17781427,6270,1990.665860808351,1,0,11.39999961853027,2.079999923706055,100,1
17785423,17783417,6271,1990.665860808351,1,0,12.30000019073486,2.119999885559082,100,1
17787421,17785408,6272,1990.665860808351,1,0,13.64999961853027,1.919999957084656,100,1
17789442,17787399,6273,1990.665860808351,1,0,14.55000019073486,1.75,100,1
17791381,17789389,6274,1990.665860808351,1,0,15.44999980926514,1.710000038146973,100,1
17793378,17791380,6275,1990.665860808351,1,0,16.34000015258789,1.669999957084656,100,1
17795371,17793371,6276,1990.665860808351,1,0,17.69000053405762,1.639999985694885,100,1
17797376,17795361,6277,1990.665860808351,1,0,18.59000015258789,1.610000014305115,100,1
17799416,17797352,6278,1990.665860808351,1,0,19.48999977111816,1.590000033378601,100,1
17801359,17799343,6279,1990.665860808351,1,0,20.38999938964844,1.580000042915344,100,1
17803349,17801333,6280,1990.665860808351,1,0,21.29999923706055,1.289999961853027,100,1
17805357,17803324,6281,1990.665860808351,1,0,22.63999938964844,0.8100000023841858,100,1
17807356,17805315,6282,1990.665860808351,1,0,23.54999923706055,0.7699999809265137,100,1
17809372,17807305,6283,1990.665860808351,1,0,24.45000076293945,0.7599999904632568,100,1
17811360,17809296,6284,1990.665860808351,1,0,25.34000015258789,0.75,100,1
17813320,17811287,6285,1990.665860808351,1,0,26.70000076293945,0.75,100,1
17815320,17813277,6286,1990.665860808351,1,0,27.59000015258789,0.7599999904632568,100,1
17817313,17815268,6287,1990.665860808351,1,0,28.48999977111816,0.7699999809265137,100,1
17819218,17817259,6288,1990.665860808351,1,0,29.38999938964844,0.7799999713897705,100,1
17821183,17819249,6289,1990.665860808351,1,0,30.29999923706055,0.8600000143051147,100,1
17823173,17821240,6290,1990.665860808351,1,0,31.19000053405762,1.100000023841858,100,1
17825157,17823231,6291,1990.665860808351,1,0,32.09000015258789,1.039999961853027,100,1
17827156,17825221,6292,1990.665860808351,1,0,32.54999923706055,1.070000052452087,100,1
17829214,17827212,6293,1990.665860808351,1,0,33,1.110000014305115,100,1
17831199,17829203,6294,1990.665860808351,1,0,33.88999938964844,1.110000014305115,100,1
17833204,17831193,6295,1990.665860808351,1,0,34.34000015258789,1.100000023841858,100,1
17835185,17833184,6296,1990.665860808351,1,0,34.79999923706055,1.120000004768372,100,1
17837170,17835175,6297,1990.665860808351,1,0,35.25,1.120000004768372,100,1
17839191,17837165,6298,1990.665860808351,1,0,35.68999862670898,1.100000023841858,100,1
17841172,17839156,6299,1990.665860808351,1,0,36.13999938964844,1.120000004768372,100,1
17843157,17841148,6300,1990.616688646681,1,0,36.59000015258789,1.110000014305115,100,1
17845145,17843138,6301,1990.616688646681,1,0,36.59000015258789,1.110000014305115,100,1
17847167,17845129,6302,1990.616688646681,1,0,37.04999923706055,1.110000014305115,100,1
17849111,17847119,6303,1990.616688646681,1,0,37.5,1.120000004768372,100,1
17851108,17849110,6304,1990.616688646681,1,0,37.93999862670898,1.100000023841858,100,1
17853103,17851101,6305,1990.616688646681,1,0,38.38999938964844,1.100000023841858,100,1
17855071,17853091,6306,1990.616688646681,1,0,38.38999938964844,1.100000023841858,100,1
17857085,17855082,6307,1990.616688646681,1,0,38.84000015258789,1.100000023841858,100,1
17859059,17857073,6308,1990.616688646681,1,0,39.29999923706055,1.100000023841858,100,1
17861044,17859063,6309,1990.616688646681,1,0,39.75,1.100000023841858,100,1
17863072,17861054,6310,1990.616688646681,1,0,39.75,1.090000033378601,100,1
17865023,17863044,6311,1990.616688646681,1,0,40.18999862670898,1.090000033378601,100,1
17867032,17865035,6312,1990.616688646681,1,0,40.18999862670898,1.100000023841858,100,1
17869022,17867026,6313,1990.616688646681,1,0,40.63999938964844,1.090000033378601,100,1
17871014,17869016,6314,1990.616688646681,1,0,41.09999847412109,1.070000052452087,100,1
17873002,17871007,6315,1990.616688646681,1,0,41.09999847412109,1.080000042915344,100,1
17874980,17872997,6316,1990.616688646681,1,0,41.54999923706055,1.080000042915344,100,1
17876973,17874988,6317,1990.616688646681,1,0,41.54999923706055,1.070000052452087,100,1
17878967,17876979,6318,1990.616688646681,1,0,41.9900016784668,1.070000052452087,100,1
17880956,17878969,6319,1990.616688646681,1,0,42.43999862670898,1.080000042915344,100,1
17882938,17880960,6320,1990.616688646681,1,0,42.43999862670898,1.080000042915344,100,1
17884961,17882951,6321,1990.616688646681,1,0,42.90000152587891,1.070000052452087,100,1
17886940,17884941,6322,1990.616688646681,1,0,42.90000152587891,1.070000052452087,100,1
17888975,17886932,6323,1990.616688646681,1,0,43.34999847412109,1.070000052452087,100,1
17890935,17888922,6324,1990.616688646681,1,0,45.75,1.070000052452087,100,1
17892942,17890913,6325,1990.616688646681,1,0,45.75,1.070000052452087,100,1
17894913,17892904,6326,1990.616688646681,1,0,45.29999923706055,1.059999942779541,100,1
17896899,17894894,6327,1990.616688646681,1,0,45.29999923706055,1.059999942779541,100,1
17898916,17896885,6328,1990.616688646681,1,0,44.84999847412109,1.059999942779541,100,1
17900849,17898875,6329,1990.616688646681,1,0,44.84999847412109,1.059999942779541,100,1
17902842,17900866,6330,1990.616688646681,1,0,44.40000152587891,1.070000052452087,100,1
17904823,17902857,6331,1990.616688646681,1,0,44.40000152587891,1.070000052452087,100,1
17906831,17904847,6332,1990.616688646681,1,0,43.95000076293945,1.070000052452087,100,1
17908832,17906838,6333,1990.616688646681,1,0,43.5,1.090000033378601,100,1
17910829,17908829,6334,1990.616688646681,1,0,43.5,1.080000042915344,100,1
17912794,17910819,6335,1990.616688646681,1,0,43.04999923706055,1.080000042915344,100,1
17914821,17912810,6336,1990.616688646681,1,0,43.04999923706055,1.080000042915344,100,1
17916773,17914800,6337,1990.616688646681,1,0,42.59999847412109,1.090000033378601,100,1
17918781,17916791,6338,1990.616688646681,1,0,42.15000152587891,1.090000033378601,100,1
17920779,17918782,6339,1990.616688646681,1,0,42.15000152587891,1.090000033378601,100,1
17922756,17920772,6340,1990.616688646681,1,0,41.70000076293945,1.090000033378601,100,1
17924751,17922763,6341,1990.616688646681,1,0,41.25,1.090000033378601,100,1
17926720,17924754,6342,1990.616688646681,1,0,40.79999923706055,1.090000033378601,100,1
17928746,17926744,6343,1990.616688646681,1,0,40.79999923706055,1.100000023841858,100,1
17930738,17928735,6344,1990.616688646681,1,0,40.34000015258789,1.100000023841858,100,1
17932741,17930725,6345,1990.616688646681,1,0,39.90000152587891,1.110000014305115,97,1
17934729,17932716,6346,1990.616688646681,1,0,39.45000076293945,1.120000004768372,100,1
17936708,17934707,6347,1990.616688646681,1,0,39.45000076293945,1.120000004768372,100,1
17938706,17936697,6348,1990.616688646681,1,0,39,1.120000004768372,100,1
17940720,17938688,6349,1990.616688646681,1,0,38.54999923706055,1.120000004768372,100,1
17942706,17940681,6350,1990.689350917345,1,0,38.09000015258789,1.110000014305115,100,1
17944726,17942672,6351,1990.689350917345,1,0,37.65000152587891,1.120000004768372,100,1
17946731,17944663,6352,1990.689350917345,1,0,37.20000076293945,1.110000014305115,100,1
17948710,17946653,6353,1990.689350917345,1,0,36.75,1.120000004768372,100,1
17950642,17948644,6354,1990.689350917345,1,0,36.29999923706055,1.120000004768372,100,1
17952718,17950635,6355,1990.689350917345,1,0,35.84000015258789,1.120000004768372,100,1
17954707,17952625,6356,1990.689350917345,1,0,34.95000076293945,1.110000014305115,100,1
17956773,17954616,6357,1990.689350917345,1,0,34.5,1.070000052452087,100,1
17958664,17956607,6358,1990.689350917345,1,0,33.59000015258789,1.029999971389771,100,1
17960538,17958597,6359,1990.689350917345,1,0,33.13999938964844,1.080000042915344,100,1
17962548,17960588,6360,1990.689350917345,1,0,31.79999923706055,1.090000033378601,100,1
17964554,17962579,6361,1990.689350917345,1,0,30.89999961853027,654.3599853515625,0,0
17966498,17964569,6362,1990.689350917345,1,0,30,0.7900000214576721,100,1
17968467,17966560,6363,1990.689350917345,1,0,29.10000038146973,0.7599999904632568,100,1
17970558,17968551,6364,1990.689350917345,1,0,27.75,0.7599999904632568,100,1
17972477,17970542,6365,1990.689350917345,1,0,26.85000038146973,0.7599999904632568,100,1
17974486,17972532,6366,1990.689350917345,1,0,25.95000076293945,0.7599999904632568,100,1
17976494,17974523,6367,1990.689350917345,1,0,25.04999923706055,0.7699999809265137,100,1
17978464,17976514,6368,1990.689350917345,1,0,24.14999961853027,0.7900000214576721,100,1
17980528,17978504,6369,1990.689350917345,1,0,22.79999923706055,654.3599853515625,0,0
17982590,17980495,6370,1990.689350917345,1,0,21.89999961853027,1.539999961853027,100,1
17984524,17982486,6371,1990.689350917345,1,0,21,1.590000033378601,100,1
17986472,17984476,6372,1990.689350917345,1,0,20.10000038146973,1.600000023841858,100,1
17988464,17986467,6373,1990.689350917345,1,0,18.75,1.610000014305115,100,1
17990451,17988458,6374,1990.689350917345,1,0,17.85000038146973,1.629999995231628,100,1
17992436,17990448,6375,1990.689350917345,1,0,16.95000076293945,1.669999957084656,100,1
17994408,17992439,6376,1990.689350917345,1,0,16.04000091552734,1.720000028610229,100,1
17996408,17994430,6377,1990.689350917345,1,0,15.14999961853027,1.769999980926514,100,1
17998377,17996420,6378,1990.689350917345,1,0,13.78999996185303,2.069999933242798,100,1
18000443,17998411,6379,1990.689350917345,1,0,12.89999961853027,2.089999914169312,100,1
18002451,18000402,6380,1990.689350917345,1,0,11.98999977111816,2.059999942779541,100,1
18004444,18002393,6381,1990.689350917345,1,0,11.10000038146973,1.759999990463257,100,1
18006395,18004383,6382,1990.689350917345,1,0,9.75,1.309999942779541,100,1
18008394,18006374,6383,1990.689350917345,1,0,8.840000152587891,1.289999961853027,100,1
18010389,18008365,6384,1990.689350917345,1,0,7.949999809265137,1.269999980926514,100,1
18012365,18010355,6385,1990.689350917345,1,0,7.050000190734863,1.259999990463257,100,1
18014357,18012346,6386,1990.689350917345,1,0,6.139999866485596,1.240000009536743,100,1
18016359,18014337,6387,1990.689350917345,1,0,4.800000190734863,1.230000019073486,100,1
18018359,18016327,6388,1990.689350917345,1,0,3.900000095367432,1.220000028610229,100,1
18020353,18018318,6389,1990.689350917345,1,0,3,1.210000038146973,100,1
18022356,18020309,6390,1990.689350917345,1,0,2.089999914169312,1.200000047683716,100,1
18024260,18022299,6391,1990.689350917345,1,0,1.200000047683716,1.190000057220459,100,1
18026267,18024290,6392,1990.689350917345,1,0,-0.1400000005960464,1.179999947547913,100,1
18028269,18026281,6393,1990.689350917345,1,0,-1.039999961853027,1.169999957084656,100,1
18030248,18028272,6394,1990.689350917345,1,0,-1.940000057220459,1.169999957084656,100,1
18032293,18030262,6395,1990.689350917345,1,0,-2.839999914169312,1.159999966621399,100,1
18034340,18032253,6396,1990.689350917345,1,0,-3.740000009536743,1.149999976158142,100,1
18036314,18034244,6397,1990.689350917345,1,0,-5.090000152587891,1.139999985694885,100,1
18038313,18036234,6398,1990.689350917345,1,0,-6,1.129999995231628,100,1
18040259,18038225,6399,1990.689350917345,1,0,-6.889999866485596,1.129999995231628,100,1
18042190,18040213,6400,1990.487480733876,1,0,-7.800000190734863,1.129999995231628,100,1
18044159,18042204,6401,1990.487480733876,1,0,-9.140000343322754,1.120000004768372,100,1
18046159,18044194,6402,1990.487480733876,1,0,-10.05000019073486,1.120000004768372,100,1
18048134,18046185,6403,1990.487480733876,1,0,-10.94999980926514,1.110000014305115,100,1
18050134,18048175,6404,1990.487480733876,1,0,-11.85000038146973,1.100000023841858,100,1
18052133,18050166,6405,1990.487480733876,1,0,-12.75,1.100000023841858,100,1
18054146,18052156,6406,1990.487480733876,1,0,-14.10000038146973,1.090000033378601,100,1
18056138,18054147,6407,1990.487480733876,1,0,-14.98999977111816,0.9300000071525574,100,1
18058113,18056137,6408,1990.487480733876,1,0,-15.89999961853027,0.800000011920929,100,1
18060117,18058127,6409,1990.487480733876,1,0,-16.79000091552734,0.7599999904632568,100,1
18062092,18060118,6410,1990.487480733876,1,0,-17.69000053405762,0.6399999856948853,100,1
18064097,18062108,6411,1990.487480733876,1,0,-19.04000091552734,0.6000000238418579,100,1
18066096,18064099,6412,1990.487480733876,1,0,-19.94000053405762,0.5799999833106995,100,1
18068073,18066089,6413,1990.487480733876,1,0,-20.84000015258789,0.5899999737739563,100,1
18070066,18068080,6414,1990.487480733876,1,0,-21.73999977111816,0.6100000143051147,100,1
18072049,18070070,6415,1990.487480733876,1,0,-23.09000015258789,0.6600000262260437,100,1
18074046,18072061,6416,1990.487480733876,1,0,-23.98999977111816,0.5600000023841858,100,1
18076059,18074051,6417,1990.487480733876,1,0,-24.88999938964844,0.5299999713897705,100,1
18078027,18076042,6418,1990.487480733876,1,0,-25.79999923706055,0.5099999904632568,100,1
18080026,18078032,6419,1990.487480733876,1,0,-26.70000076293945,0.5,100,1
18082022,18080023,6420,1990.487480733876,1,0,-28.04999923706055,0.5,100,1
18084011,18082013,6421,1990.487480733876,1,0,-28.95000076293945,0.4900000095367432,100,1
18085998,18084004,6422,1990.487480733876,1,0,-29.84000015258789,0.4799999892711639,100,1
18087991,18085994,6423,1990.487480733876,1,0,-30.73999977111816,0.4799999892711639,100,1
18089995,18087985,6424,1990.487480733876,1,0,-31.63999938964844,0.4699999988079071,100,1
18091988,18089975,6425,1990.487480733876,1,0,-32.09000015258789,0.4699999988079071,100,1
18093963,18091966,6426,1990.487480733876,1,0,-33,0.4699999988079071,100,1
18095949,18093956,6427,1990.487480733876,1,0,-33.43999862670898,0.4799999892711639,100,1
18097934,18095947,6428,1990.487480733876,1,0,-33.88999938964844,0.4600000083446503,100,1
18099934,18097937,6429,1990.487480733876,1,0,-34.34000015258789,0.4600000083446503,100,1
18101932,18099928,6430,1990.487480733876,1,0,-34.79999923706055,0.4600000083446503,100,1
18103905,18101918,6431,1990.487480733876,1,0,-35.25,0.4600000083446503,100,1
18105902,18103909,6432,1990.487480733876,1,0,-35.68999862670898,0.449999988079071,100,1
18107905,18105899,6433,1990.487480733876,1,0,-36.13999938964844,0.4399999976158142,100,1
18109879,18107890,6434,1990.487480733876,1,0,-36.59000015258789,0.4399999976158142,100,1
18111878,18109880,6435,1990.487480733876,1,0,-37.04999923706055,0.449999988079071,100,1
18113864,18111871,6436,1990.487480733876,1,0,-37.5,0.4600000083446503,100,1
18115848,18113861,6437,1990.487480733876,1,0,-37.5,0.4600000083446503,100,1
18117851,18115852,6438,1990.487480733876,1,0,-37.93999862670898,0.4600000083446503,100,1
18119823,18117842,6439,1990.487480733876,1,0,-38.38999938964844,0.4600000083446503,100,1
18121824,18119833,6440,1990.487480733876,1,0,-38.84000015258789,0.4600000083446503,100,1
18123826,18121823,6441,1990.487480733876,1,0,-38.84000015258789,0.4600000083446503,100,1
18125805,18123814,6442,1990.487480733876,1,0,-39.29999923706055,0.4699999988079071,100,1
18127814,18125804,6443,1990.487480733876,1,0,-39.75,0.4699999988079071,100,1
18129768,18127795,6444,1990.487480733876,1,0,-39.75,0.4699999988079071,100,1
18131800,18129785,6445,1990.487480733876,1,0,-40.18999862670898,0.4699999988079071,100,1
18133823,18131776,6446,1990.487480733876,1,0,-40.63999938964844,0.4900000095367432,100,1
18135862,18133766,6447,1990.487480733876,1,0,-40.63999938964844,0.5,100,1
18137822,18135756,6448,1990.487480733876,1,0,-41.09999847412109,0.5,100,1
18139777,18137747,6449,1990.487480733876,1,0,-41.54999923706055,0.5,100,1
18141749,18139739,6450,1990.625984587101,1,0,-41.54999923706055,0.5099999904632568,100,1
18143727,18141729,6451,1990.625984587101,1,0,-41.9900016784668,0.5099999904632568,100,1
18145679,18143720,6452,1990.625984587101,1,0,-41.9900016784668,0.5099999904632568,100,1
18147655,18145711,6453,1990.625984587101,1,0,-42.43999862670898,0.5099999904632568,100,1
18149656,18147701,6454,1990.625984587101,1,0,-42.43999862670898,0.5,100,1
18151666,18149692,6455,1990.625984587101,1,0,-42.90000152587891,0.5099999904632568,100,1
18153714,18151682,6456,1990.625984587101,1,0,-43.34999847412109,0.5,100,1
18155711,18153673,6457,1990.625984587101,1,0,-45.75,0.5099999904632568,100,1
18157690,18155664,6458,1990.625984587101,1,0,-46.20000076293945,0.5099999904632568,100,1
18159670,18157654,6459,1990.625984587101,1,0,-45.75,0.5099999904632568,100,1
18161679,18159645,6460,1990.625984587101,1,0,-45.75,0.5,100,1
18163677,18161636,6461,1990.625984587101,1,0,-45.29999923706055,0.5199999809265137,100,1
18165666,18163626,6462,1990.625984587101,1,0,-45.29999923706055,0.5199999809265137,100,1
18167618,18165617,6463,1990.625984587101,1,0,-44.84999847412109,0.5199999809265137,100,1
18169608,18167607,6464,1990.625984587101,1,0,-44.84999847412109,0.5199999809265137,100,1
18171645,18169598,6465,1990.625984587101,1,0,-44.40000152587891,0.5199999809265137,100,1
18173622,18171589,6466,1990.625984587101,1,0,-44.40000152587891,0.5099999904632568,100,1
18175583,18173579,6467,1990.625984587101,1,0,-43.95000076293945,0.5099999904632568,100,1
18177565,18175570,6468,1990.625984587101,1,0,-43.5,0.5,100,1
18179555,18177561,6469,1990.625984587101,1,0,-43.5,0.5,100,1
18181558,18179551,6470,1990.625984587101,1,0,-43.04999923706055,0.5,100,1
18183527,18181542,6471,1990.625984587101,1,0,-43.04999923706055,0.5,100,1
18185550,18183532,6472,1990.625984587101,1,0,-42.59999847412109,0.5,100,1
18187569,18185523,6473,1990.625984587101,1,0,-42.15000152587891,0.5,100,1
18189579,18187514,6474,1990.625984587101,1,0,-42.15000152587891,0.4900000095367432,100,1
18191480,18189504,6475,1990.625984587101,1,0,-41.70000076293945,0.5,100,1
18193495,18191495,6476,1990.625984587101,1,0,-41.25,0.4900000095367432,100,1
18195558,18193486,6477,1990.625984587101,1,0,-40.79999923706055,0.4900000095367432,100,1
18197558,18195476,6478,1990.625984587101,1,0,-40.79999923706055,0.4699999988079071,100,1
18199460,18197467,6479,1990.625984587101,1,0,-40.34000015258789,0.4600000083446503,100,1
18201448,18199457,6480,1990.625984587101,1,0,-39.90000152587891,0.4600000083446503,100,1
18203428,18201448,6481,1990.625984587101,1,0,-39.45000076293945,0.4699999988079071,100,1
18205447,18203439,6482,1990.625984587101,1,0,-39.45000076293945,0.4600000083446503,100,1
18207383,18205429,6483,1990.625984587101,1,0,-39,0.4600000083446503,100,1
18209378,18207420,6484,1990.625984587101,1,0,-38.54999923706055,0.4600000083446503,100,1
18211389,18209411,6485,1990.625984587101,1,0,-38.09000015258789,0.449999988079071,100,1
18213361,18211401,6486,1990.625984587101,1,0,-37.65000152587891,0.449999988079071,100,1
18215419,18213392,6487,1990.625984587101,1,0,-37.20000076293945,0.4399999976158142,100,1
18217413,18215382,6488,1990.625984587101,1,0,-36.75,0.449999988079071,100,1
18219414,18217373,6489,1990.625984587101,1,0,-36.29999923706055,0.4600000083446503,100,1
18221413,18219364,6490,1990.625984587101,1,0,-35.84000015258789,0.4799999892711639,100,1
18223416,18221354,6491,1990.625984587101,1,0,-34.95000076293945,0.4799999892711639,100,1
18225376,18223345,6492,1990.625984587101,1,0,-34.5,0.4699999988079071,100,1
18227389,18225336,6493,1990.625984587101,1,0,-34.04999923706055,0.4699999988079071,100,1
18229302,18227326,6494,1990.625984587101,1,0,-33.13999938964844,0.4799999892711639,100,1
18231385,18229317,6495,1990.625984587101,1,0,-32.25,0.4699999988079071,100,1
18233290,18231307,6496,1990.625984587101,1,0,-30.89999961853027,0.449999988079071,100,1
18235358,18233298,6497,1990.625984587101,1,0,-30,0.4699999988079071,100,1
18237303,18235289,6498,1990.625984587101,1,0,-29.10000038146973,0.4799999892711639,100,1
18239298,18237279,6499,1990.625984587101,1,0,-28.20000076293945,0.4900000095367432,100,1
18241303,18239273,6500,1990.716787669681,1,0,-26.85000038146973,0.5,100,1
18243322,18241264,6501,1990.716787669681,1,0,-25.95000076293945,0.5199999809265137,100,1
18245301,18243255,6502,1990.716787669681,1,0,-25.04999923706055,0.5799999833106995,100,1
18247264,18245245,6503,1990.716787669681,1,0,-24.14999961853027,0.6700000166893005,100,1
18249271,18247236,6504,1990.716787669681,1,0,-23.25,0.5899999737739563,100,1
18251326,18249227,6505,1990.716787669681,1,0,-21.89999961853027,0.5799999833106995,100,1
18253220,18251218,6506,1990.716787669681,1,0,-21,0.5799999833106995,100,1
18255187,18253208,6507,1990.716787669681,1,0,-20.10000038146973,0.5899999737739563,100,1
18257169,18255199,6508,1990.716787669681,1,0,-19.20000076293945,0.6100000143051147,100,1
18259191,18257190,6509,1990.716787669681,1,0,-17.85000038146973,0.6800000071525574,100,1
18261131,18259180,6510,1990.716787669681,1,0,-16.95000076293945,0.7799999713897705,100,1
18263148,18261171,6511,1990.716787669681,1,0,-16.04000091552734,0.8600000143051147,100,1
18265156,18263162,6512,1990.716787669681,1,0,-15.14999961853027,1.080000042915344,100,1
18267131,18265153,6513,1990.716787669681,1,0,-14.23999977111816,1.080000042915344,100,1
18269142,18267143,6514,1990.716787669681,1,0,-12.89999961853027,1.110000014305115,100,1
18271111,18269134,6515,1990.716787669681,1,0,-11.98999977111816,1.110000014305115,100,1
18273156,18271125,6516,1990.716787669681,1,0,-11.10000038146973,1.120000004768372,100,1
18275190,18273115,6517,1990.716787669681,1,0,-10.19999980926514,1.120000004768372,100,1
18277138,18275106,6518,1990.716787669681,1,0,-8.840000152587891,1.120000004768372,100,1
18279119,18277097,6519,1990.716787669681,1,0,-7.949999809265137,1.129999995231628,100,1
18281106,18279088,6520,1990.716787669681,1,0,-7.050000190734863,1.129999995231628,100,1
18283084,18281078,6521,1990.716787669681,1,0,-6.139999866485596,1.139999985694885,100,1
18285097,18283069,6522,1990.716787669681,1,0,-5.25,1.149999976158142,100,1
18286973,18285060,6523,1990.716787669681,1,0,-3.900000095367432,1.159999966621399,100,1
18288951,18287050,6524,1990.716787669681,1,0,-3,1.169999957084656,100,1
18290982,18289041,6525,1990.716787669681,1,0,-2.089999914169312,1.169999957084656,100,1
18292941,18291032,6526,1990.716787669681,1,0,-1.200000047683716,1.179999947547913,100,1
18294906,18293023,6527,1990.716787669681,1,0,-0.300000011920929,1.190000057220459,100,1
18296939,18295013,6528,1990.716787669681,1,0,1.039999961853027,1.200000047683716,100,1
18298969,18297004,6529,1990.716787669681,1,0,1.940000057220459,1.210000038146973,100,1
18300865,18298995,6530,1990.716787669681,1,0,2.839999914169312,1.220000028610229,100,1
18302908,18300985,6531,1990.716787669681,1,0,3.740000009536743,1.230000019073486,100,1
18304872,18302976,6532,1990.716787669681,1,0,4.639999866485596,1.240000009536743,100,1
18306872,18304967,6533,1990.716787669681,1,0,6,1.25,100,1
18308880,18306958,6534,1990.716787669681,1,0,6.889999866485596,1.259999990463257,100,1
18310862,18308948,6535,1990.716787669681,1,0,7.800000190734863,1.279999971389771,100,1
18312875,18310939,6536,1990.716787669681,1,0,8.699999809265137,1.309999942779541,100,1
18314827,18312930,6537,1990.716787669681,1,0,10.05000019073486,1.769999980926514,100,1
18316879,18314920,6538,1990.716787669681,1,0,10.94999980926514,2.049999952316284,100,1
18318893,18316911,6539,1990.716787669681,1,0,11.85000038146973,2.089999914169312,100,1
18320814,18318902,6540,1990.716787669681,1,0,12.75,2.109999895095825,100,1
18322792,18320893,6541,1990.716787669681,1,0,13.64999961853027,1.799999952316284,100,1
18324840,18322883,6542,1990.716787669681,1,0,14.98999977111816,1.730000019073486,100,1
18326792,18324874,6543,1990.716787669681,1,0,15.89999961853027,1.690000057220459,100,1
18328773,18326865,6544,1990.716787669681,1,0,16.79000091552734,1.649999976158142,100,1
18330755,18328855,6545,1990.716787669681,1,0,17.69000053405762,1.629999995231628,100,1
18332727,18330846,6546,1990.716787669681,1,0,19.04000091552734,1.610000014305115,100,1
18334717,18332837,6547,1990.716787669681,1,0,19.94000053405762,1.590000033378601,100,1
18336719,18334828,6548,1990.716787669681,1,0,20.84000015258789,1.539999961853027,100,1
18338667,18336818,6549,1990.716787669681,1,0,21.73999977111816,654.3599853515625,0,0
18340706,18338799,6550,1990.185430135745,1,0,22.63999938964844,0.7799999713897705,100,1
18342784,18340789,6551,1990.185430135745,1,0,23.98999977111816,0.7599999904632568,100,1
18344698,18342779,6552,1990.185430135745,1,0,24.88999938964844,0.7599999904632568,100,1
18346830,18344769,6553,1990.185430135745,1,0,25.79999923706055,0.75,100,1
18348786,18346760,6554,1990.185430135745,1,0,26.70000076293945,0.7599999904632568,100,1
18350822,18348750,6555,1990.185430135745,1,0,28.04999923706055,0.7599999904632568,100,1
18352843,18350740,6556,1990.185430135745,1,0,28.95000076293945,0.7599999904632568,100,1
18354806,18352730,6557,1990.185430135745,1,0,29.84000015258789,0.7900000214576721,100,1
18356742,18354720,6558,1990.185430135745,1,0,30.73999977111816,0.949999988079071,100,1
18358734,18356710,6559,1990.185430135745,1,0,31.63999938964844,1.090000033378601,100,1
18360702,18358701,6560,1990.185430135745,1,0,32.09000015258789,1.019999980926514,100,1
18362700,18360691,6561,1990.185430135745,1,0,33,1.110000014305115,100,1
18364688,18362681,6562,1990.185430135745,1,0,33.43999862670898,1.120000004768372,100,1
18366675,18364671,6563,1990.185430135745,1,0,33.88999938964844,1.110000014305115,97,1
18368629,18366661,6564,1990.185430135745,1,0,34.34000015258789,1.120000004768372,100,1
18370647,18368652,6565,1990.185430135745,1,0,34.79999923706055,1.129999995231628,100,1
18372639,18370642,6566,1990.185430135745,1,0,35.25,1.120000004768372,100,1
18374671,18372632,6567,1990.185430135745,1,0,35.68999862670898,1.110000014305115,100,1
18376675,18374622,6568,1990.185430135745,1,0,36.13999938964844,1.110000014305115,100,1
18378638,18376612,6569,1990.185430135745,1,0,36.59000015258789,1.110000014305115,100,1
18380642,18378602,6570,1990.185430135745,1,0,37.04999923706055,1.090000033378601,100,1
18382614,18380593,6571,1990.185430135745,1,0,37.5,1.120000004768372,100,1
18384598,18382583,6572,1990.185430135745,1,0,37.5,1.120000004768372,100,1
18386639,18384573,6573,1990.185430135745,1,0,37.93999862670898,1.100000023841858,100,1
18388578,18386563,6574,1990.185430135745,1,0,38.38999938964844,1.110000014305115,100,1
18390554,18388553,6575,1990.185430135745,1,0,38.84000015258789,1.100000023841858,100,1
18392549,18390544,6576,1990.185430135745,1,0,38.84000015258789,1.100000023841858,100,1
18394532,18392534,6577,1990.185430135745,1,0,39.29999923706055,1.100000023841858,100,1
18396523,18394524,6578,1990.185430135745,1,0,39.75,1.100000023841858,100,1
18398608,18396514,6579,1990.185430135745,1,0,39.75,1.090000033378601,100,1
18400559,18398504,6580,1990.185430135745,1,0,40.18999862670898,1.100000023841858,100,1
18402491,18400495,6581,1990.185430135745,1,0,40.63999938964844,1.090000033378601,100,1
18404466,18402485,6582,1990.185430135745,1,0,40.63999938964844,1.090000033378601,100,1
18406468,18404475,6583,1990.185430135745,1,0,41.09999847412109,1.080000042915344,100,1
18408451,18406465,6584,1990.185430135745,1,0,41.54999923706055,1.090000033378601,100,1
18410436,18408455,6585,1990.185430135745,1,0,41.54999923706055,1.070000052452087,100,1
18412430,18410445,6586,1990.185430135745,1,0,41.9900016784668,1.080000042915344,100,1
18414416,18412436,6587,1990.185430135745,1,0,41.9900016784668,1.059999942779541,100,1
18416455,18414426,6588,1990.185430135745,1,0,42.43999862670898,1.070000052452087,100,1
18418452,18416416,6589,1990.185430135745,1,0,42.43999862670898,1.070000052452087,100,1
18420448,18418406,6590,1990.185430135745,1,0,42.90000152587891,1.080000042915344,100,1
18422441,18420396,6591,1990.185430135745,1,0,42.90000152587891,1.070000052452087,100,1
18424446,18422387,6592,1990.185430135745,1,0,45.75,1.070000052452087,100,1
18426449,18424377,6593,1990.185430135745,1,0,45.75,1.070000052452087,100,1
18428400,18426367,6594,1990.185430135745,1,0,45.75,1.059999942779541,100,1
18430386,18428357,6595,1990.185430135745,1,0,45.29999923706055,1.070000052452087,100,1
18432381,18430347,6596,1990.185430135745,1,0,45.29999923706055,1.059999942779541,100,1
18434393,18432337,6597,1990.185430135745,1,0,44.84999847412109,1.059999942779541,97,1
18436384,18434328,6598,1990.185430135745,1,0,44.40000152587891,1.059999942779541,100,1
18438359,18436318,6599,1990.185430135745,1,0,44.40000152587891,1.070000052452087,100,1
18440445,18438322,6600,1991.104344108596,1,0,43.95000076293945,1.080000042915344,100,1
18442328,18440313,6601,1991.104344108596,1,0,43.95000076293945,1.070000052452087,100,1
18444340,18442304,6602,1991.104344108596,1,0,43.5,1.080000042915344,100,1
18446318,18444295,6603,1991.104344108596,1,0,43.5,1.080000042915344,97,1
18448307,18446286,6604,1991.104344108596,1,0,43.04999923706055,1.090000033378601,100,1
18450295,18448277,6605,1991.104344108596,1,0,42.59999847412109,1.080000042915344,100,1
18452294,18450268,6606,1991.104344108596,1,0,42.59999847412109,1.090000033378601,100,1
18454289,18452259,6607,1991.104344108596,1,0,42.15000152587891,1.090000033378601,100,1
18456234,18454251,6608,1991.104344108596,1,0,41.70000076293945,1.080000042915344,100,1
18458241,18456242,6609,1991.104344108596,1,0,41.70000076293945,1.090000033378601,100,1
18460220,18458233,6610,1991.104344108596,1,0,41.25,1.100000023841858,100,1
18462173,18460224,6611,1991.104344108596,1,0,40.79999923706055,1.100000023841858,100,1
18464204,18462215,6612,1991.104344108596,1,0,40.34000015258789,1.110000014305115,100,1
18466163,18464206,6613,1991.104344108596,1,0,40.34000015258789,1.110000014305115,100,1
18468173,18466197,6614,1991.104344108596,1,0,39.90000152587891,1.110000014305115,100,1
18470198,18468188,6615,1991.104344108596,1,0,39.45000076293945,1.110000014305115,100,1
18472161,18470179,6616,1991.104344108596,1,0,39,1.120000004768372,100,1
18474156,18472171,6617,1991.104344108596,1,0,38.54999923706055,1.120000004768372,100,1
18476145,18474162,6618,1991.104344108596,1,0,38.09000015258789,1.110000014305115,100,1
18478138,18476153,6619,1991.104344108596,1,0,37.65000152587891,1.120000004768372,100,1
18480112,18478144,6620,1991.104344108596,1,0,37.20000076293945,1.120000004768372,100,1
18482110,18480135,6621,1991.104344108596,1,0,36.75,1.110000014305115,100,1
18484134,18482126,6622,1991.104344108596,1,0,36.29999923706055,1.120000004768372,100,1
18486094,18484117,6623,1991.104344108596,1,0,35.84000015258789,1.120000004768372,100,1
18488103,18486108,6624,1991.104344108596,1,0,35.40000152587891,1.120000004768372,100,1
18490072,18488099,6625,1991.104344108596,1,0,34.95000076293945,1.120000004768372,100,1
18492077,18490090,6626,1991.104344108596,1,0,34.04999923706055,1.039999961853027,100,1
18494050,18492082,6627,1991.104344108596,1,0,33.59000015258789,1.029999971389771,100,1
18496071,18494073,6628,1991.104344108596,1,0,32.70000076293945,1.080000042915344,100,1
18498135,18496064,6629,1991.104344108596,1,0,31.79999923706055,1.039999961853027,100,1
18500114,18498055,6630,1991.104344108596,1,0,30.45000076293945,0.8299999833106995,100,1
